disease,pain,respiratory,fever,digestive,urinary,skin,neurological,vision,energy,mental,joint_muscle,appetite_weight,other
Fungal infection,,,,,,"dischromic__patches,itching,nodal_skin_eruptions,skin_rash",,,,,,,
Fungal infection,,,,,,"dischromic__patches,nodal_skin_eruptions,skin_rash",,,,,,,
Fungal infection,,,,,,"dischromic__patches,itching,nodal_skin_eruptions",,,,,,,
Fungal infection,,,,,,"dischromic__patches,itching,skin_rash",,,,,,,
Fungal infection,,,,,,"itching,nodal_skin_eruptions,skin_rash",,,,,,,
Fungal infection,,,,,,"dischromic__patches,nodal_skin_eruptions,skin_rash",,,,,,,
Fungal infection,,,,,,"dischromic__patches,itching,nodal_skin_eruptions",,,,,,,
Fungal infection,,,,,,"dischromic__patches,itching,skin_rash",,,,,,,
Fungal infection,,,,,,"itching,nodal_skin_eruptions,skin_rash",,,,,,,
Fungal infection,,,,,,"dischromic__patches,itching,nodal_skin_eruptions,skin_rash",,,,,,,
Allergy,,continuous_sneezing,"chills,shivering",,,,,watering_from_eyes,,,,,
Allergy,,,"chills,shivering",,,,,watering_from_eyes,,,,,
Allergy,,continuous_sneezing,chills,,,,,watering_from_eyes,,,,,
Allergy,,continuous_sneezing,shivering,,,,,watering_from_eyes,,,,,
Allergy,,continuous_sneezing,"chills,shivering",,,,,,,,,,
Allergy,,,"chills,shivering",,,,,watering_from_eyes,,,,,
Allergy,,continuous_sneezing,chills,,,,,watering_from_eyes,,,,,
Allergy,,continuous_sneezing,shivering,,,,,watering_from_eyes,,,,,
Allergy,,continuous_sneezing,"chills,shivering",,,,,,,,,,
Allergy,,continuous_sneezing,"chills,shivering",,,,,watering_from_eyes,,,,,
GERD,"chest_pain,stomach_pain",cough,,"acidity,vomiting",,,,,,,,,ulcers_on_tongue
GERD,"chest_pain,stomach_pain",cough,,vomiting,,,,,,,,,ulcers_on_tongue
GERD,"chest_pain,stomach_pain",cough,,"acidity,vomiting",,,,,,,,,
GERD,"chest_pain,stomach_pain",cough,,acidity,,,,,,,,,ulcers_on_tongue
GERD,"chest_pain,stomach_pain",,,"acidity,vomiting",,,,,,,,,ulcers_on_tongue
GERD,stomach_pain,cough,,"acidity,vomiting",,,,,,,,,ulcers_on_tongue
GERD,chest_pain,cough,,"acidity,vomiting",,,,,,,,,ulcers_on_tongue
GERD,"chest_pain,stomach_pain",cough,,vomiting,,,,,,,,,ulcers_on_tongue
GERD,"chest_pain,stomach_pain",cough,,"acidity,vomiting",,,,,,,,,
GERD,"chest_pain,stomach_pain",cough,,acidity,,,,,,,,,ulcers_on_tongue
Chronic cholestasis,abdominal_pain,,,"nausea,vomiting",,"itching,yellowish_skin",,yellowing_of_eyes,loss_of_appetite,,,,
Chronic cholestasis,abdominal_pain,,,"nausea,vomiting",,yellowish_skin,,yellowing_of_eyes,loss_of_appetite,,,,
Chronic cholestasis,abdominal_pain,,,nausea,,"itching,yellowish_skin",,yellowing_of_eyes,loss_of_appetite,,,,
Chronic cholestasis,abdominal_pain,,,"nausea,vomiting",,itching,,yellowing_of_eyes,loss_of_appetite,,,,
Chronic cholestasis,abdominal_pain,,,vomiting,,"itching,yellowish_skin",,yellowing_of_eyes,loss_of_appetite,,,,
Chronic cholestasis,abdominal_pain,,,"nausea,vomiting",,"itching,yellowish_skin",,yellowing_of_eyes,,,,,
Chronic cholestasis,,,,"nausea,vomiting",,"itching,yellowish_skin",,yellowing_of_eyes,loss_of_appetite,,,,
Chronic cholestasis,abdominal_pain,,,"nausea,vomiting",,"itching,yellowish_skin",,,loss_of_appetite,,,,
Chronic cholestasis,abdominal_pain,,,"nausea,vomiting",,"itching,yellowish_skin",,yellowing_of_eyes,loss_of_appetite,,,,
Chronic cholestasis,abdominal_pain,,,"nausea,vomiting",,"itching,yellowish_skin",,yellowing_of_eyes,loss_of_appetite,,,,
Drug Reaction,stomach_pain,,,,"burning_micturition,spotting__urination","itching,skin_rash",,,,,,,
Drug Reaction,stomach_pain,,,,"burning_micturition,spotting__urination",itching,,,,,,,
Drug Reaction,,,,,"burning_micturition,spotting__urination","itching,skin_rash",,,,,,,
Drug Reaction,stomach_pain,,,,spotting__urination,"itching,skin_rash",,,,,,,
Drug Reaction,stomach_pain,,,,burning_micturition,"itching,skin_rash",,,,,,,
Drug Reaction,stomach_pain,,,,"burning_micturition,spotting__urination",skin_rash,,,,,,,
Drug Reaction,stomach_pain,,,,"burning_micturition,spotting__urination",itching,,,,,,,
Drug Reaction,,,,,"burning_micturition,spotting__urination","itching,skin_rash",,,,,,,
Drug Reaction,stomach_pain,,,,spotting__urination,"itching,skin_rash",,,,,,,
Drug Reaction,stomach_pain,,,,burning_micturition,"itching,skin_rash",,,,,,,
Peptic ulcer diseae,abdominal_pain,,,"passage_of_gases,vomiting",,internal_itching,,,loss_of_appetite,,,,
Peptic ulcer diseae,abdominal_pain,,,"indigestion,passage_of_gases,vomiting",,internal_itching,,,,,,,
Peptic ulcer diseae,abdominal_pain,,,"indigestion,passage_of_gases",,internal_itching,,,loss_of_appetite,,,,
Peptic ulcer diseae,abdominal_pain,,,"passage_of_gases,vomiting",,internal_itching,,,loss_of_appetite,,,,
Peptic ulcer diseae,abdominal_pain,,,"indigestion,passage_of_gases,vomiting",,internal_itching,,,,,,,
Peptic ulcer diseae,,,,"indigestion,passage_of_gases,vomiting",,internal_itching,,,loss_of_appetite,,,,
Peptic ulcer diseae,abdominal_pain,,,"indigestion,vomiting",,internal_itching,,,loss_of_appetite,,,,
Peptic ulcer diseae,abdominal_pain,,,"indigestion,passage_of_gases,vomiting",,,,,loss_of_appetite,,,,
Peptic ulcer diseae,abdominal_pain,,,"indigestion,passage_of_gases,vomiting",,internal_itching,,,loss_of_appetite,,,,
Peptic ulcer diseae,abdominal_pain,,,"indigestion,passage_of_gases,vomiting",,internal_itching,,,loss_of_appetite,,,,
AIDS,,patches_in_throat,high_fever,,,,,,,,muscle_wasting,,extra_marital_contacts
AIDS,,patches_in_throat,high_fever,,,,,,,,,,extra_marital_contacts
AIDS,,,high_fever,,,,,,,,muscle_wasting,,extra_marital_contacts
AIDS,,patches_in_throat,,,,,,,,,muscle_wasting,,extra_marital_contacts
AIDS,,patches_in_throat,high_fever,,,,,,,,muscle_wasting,,
AIDS,,patches_in_throat,high_fever,,,,,,,,muscle_wasting,,extra_marital_contacts
AIDS,,patches_in_throat,high_fever,,,,,,,,muscle_wasting,,extra_marital_contacts
AIDS,,patches_in_throat,high_fever,,,,,,,,,,extra_marital_contacts
AIDS,,,high_fever,,,,,,,,muscle_wasting,,extra_marital_contacts
AIDS,,patches_in_throat,high_fever,,,,,,,,muscle_wasting,,
Diabetes ,,,,,polyuria,,,blurred_and_distorted_vision,"excessive_hunger,fatigue,increased_appetite,lethargy",restlessness,,"obesity,weight_loss",irregular_sugar_level
Diabetes ,,,,,polyuria,,,blurred_and_distorted_vision,"excessive_hunger,fatigue,increased_appetite,lethargy",restlessness,,"obesity,weight_loss",irregular_sugar_level
Diabetes ,,,,,polyuria,,,blurred_and_distorted_vision,"excessive_hunger,increased_appetite,lethargy",restlessness,,"obesity,weight_loss",irregular_sugar_level
Diabetes ,,,,,polyuria,,,blurred_and_distorted_vision,"excessive_hunger,fatigue,increased_appetite,lethargy",restlessness,,obesity,irregular_sugar_level
Diabetes ,,,,,polyuria,,,blurred_and_distorted_vision,"excessive_hunger,fatigue,increased_appetite,lethargy",,,"obesity,weight_loss",irregular_sugar_level
Diabetes ,,,,,polyuria,,,blurred_and_distorted_vision,"excessive_hunger,fatigue,increased_appetite",restlessness,,"obesity,weight_loss",irregular_sugar_level
Diabetes ,,,,,polyuria,,,blurred_and_distorted_vision,"excessive_hunger,fatigue,increased_appetite,lethargy",restlessness,,"obesity,weight_loss",
Diabetes ,,,,,polyuria,,,,"excessive_hunger,fatigue,increased_appetite,lethargy",restlessness,,"obesity,weight_loss",irregular_sugar_level
Diabetes ,,,,,polyuria,,,blurred_and_distorted_vision,"excessive_hunger,fatigue,increased_appetite,lethargy",restlessness,,weight_loss,irregular_sugar_level
Diabetes ,,,,,polyuria,,,blurred_and_distorted_vision,"fatigue,increased_appetite,lethargy",restlessness,,"obesity,weight_loss",irregular_sugar_level
Gastroenteritis,,,,"diarrhoea,vomiting",,,,sunken_eyes,,,,,dehydration
Gastroenteritis,,,,"diarrhoea,vomiting",,,,sunken_eyes,,,,,dehydration
Gastroenteritis,,,,diarrhoea,,,,sunken_eyes,,,,,dehydration
Gastroenteritis,,,,"diarrhoea,vomiting",,,,,,,,,dehydration
Gastroenteritis,,,,"diarrhoea,vomiting",,,,sunken_eyes,,,,,
Gastroenteritis,,,,vomiting,,,,sunken_eyes,,,,,dehydration
Gastroenteritis,,,,"diarrhoea,vomiting",,,,sunken_eyes,,,,,dehydration
Gastroenteritis,,,,diarrhoea,,,,sunken_eyes,,,,,dehydration
Gastroenteritis,,,,"diarrhoea,vomiting",,,,,,,,,dehydration
Gastroenteritis,,,,"diarrhoea,vomiting",,,,sunken_eyes,,,,,
Bronchial Asthma,,"breathlessness,cough,mucoid_sputum",high_fever,,,,,,fatigue,,,,family_history
Bronchial Asthma,,"breathlessness,cough,mucoid_sputum",high_fever,,,,,,,,,,family_history
Bronchial Asthma,,"breathlessness,mucoid_sputum",high_fever,,,,,,fatigue,,,,family_history
Bronchial Asthma,,"breathlessness,cough,mucoid_sputum",,,,,,,fatigue,,,,family_history
Bronchial Asthma,,"cough,mucoid_sputum",high_fever,,,,,,fatigue,,,,family_history
Bronchial Asthma,,"breathlessness,cough,mucoid_sputum",high_fever,,,,,,fatigue,,,,
Bronchial Asthma,,"breathlessness,cough",high_fever,,,,,,fatigue,,,,family_history
Bronchial Asthma,,"breathlessness,cough,mucoid_sputum",high_fever,,,,,,fatigue,,,,family_history
Bronchial Asthma,,"breathlessness,cough,mucoid_sputum",high_fever,,,,,,,,,,family_history
Bronchial Asthma,,"breathlessness,mucoid_sputum",high_fever,,,,,,fatigue,,,,family_history
Hypertension ,"chest_pain,headache",,,,,,"dizziness,loss_of_balance",,,lack_of_concentration,,,
Hypertension ,chest_pain,,,,,,"dizziness,loss_of_balance",,,lack_of_concentration,,,
Hypertension ,headache,,,,,,"dizziness,loss_of_balance",,,lack_of_concentration,,,
Hypertension ,"chest_pain,headache",,,,,,loss_of_balance,,,lack_of_concentration,,,
Hypertension ,"chest_pain,headache",,,,,,dizziness,,,lack_of_concentration,,,
Hypertension ,"chest_pain,headache",,,,,,"dizziness,loss_of_balance",,,,,,
Hypertension ,"chest_pain,headache",,,,,,"dizziness,loss_of_balance",,,lack_of_concentration,,,
Hypertension ,chest_pain,,,,,,"dizziness,loss_of_balance",,,lack_of_concentration,,,
Hypertension ,headache,,,,,,"dizziness,loss_of_balance",,,lack_of_concentration,,,
Hypertension ,"chest_pain,headache",,,,,,loss_of_balance,,,lack_of_concentration,,,
Migraine,headache,,,"acidity,indigestion",,,,blurred_and_distorted_vision,excessive_hunger,"depression,irritability",stiff_neck,,visual_disturbances
Migraine,headache,,,indigestion,,,,blurred_and_distorted_vision,excessive_hunger,"depression,irritability",stiff_neck,,visual_disturbances
Migraine,headache,,,acidity,,,,blurred_and_distorted_vision,excessive_hunger,"depression,irritability",stiff_neck,,visual_disturbances
Migraine,,,,"acidity,indigestion",,,,blurred_and_distorted_vision,excessive_hunger,"depression,irritability",stiff_neck,,visual_disturbances
Migraine,headache,,,"acidity,indigestion",,,,,excessive_hunger,"depression,irritability",stiff_neck,,visual_disturbances
Migraine,headache,,,"acidity,indigestion",,,,blurred_and_distorted_vision,,"depression,irritability",stiff_neck,,visual_disturbances
Migraine,headache,,,"acidity,indigestion",,,,blurred_and_distorted_vision,excessive_hunger,"depression,irritability",,,visual_disturbances
Migraine,headache,,,"acidity,indigestion",,,,blurred_and_distorted_vision,excessive_hunger,irritability,stiff_neck,,visual_disturbances
Migraine,headache,,,"acidity,indigestion",,,,blurred_and_distorted_vision,excessive_hunger,depression,stiff_neck,,visual_disturbances
Migraine,headache,,,"acidity,indigestion",,,,blurred_and_distorted_vision,excessive_hunger,"depression,irritability",stiff_neck,,
Cervical spondylosis,"back_pain,neck_pain",,,,,,"dizziness,loss_of_balance,weakness_in_limbs",,,,,,
Cervical spondylosis,"back_pain,neck_pain",,,,,,"dizziness,loss_of_balance,weakness_in_limbs",,,,,,
Cervical spondylosis,neck_pain,,,,,,"dizziness,loss_of_balance,weakness_in_limbs",,,,,,
Cervical spondylosis,"back_pain,neck_pain",,,,,,"dizziness,loss_of_balance",,,,,,
Cervical spondylosis,back_pain,,,,,,"dizziness,loss_of_balance,weakness_in_limbs",,,,,,
Cervical spondylosis,"back_pain,neck_pain",,,,,,"loss_of_balance,weakness_in_limbs",,,,,,
Cervical spondylosis,"back_pain,neck_pain",,,,,,"dizziness,weakness_in_limbs",,,,,,
Cervical spondylosis,"back_pain,neck_pain",,,,,,"dizziness,loss_of_balance,weakness_in_limbs",,,,,,
Cervical spondylosis,neck_pain,,,,,,"dizziness,loss_of_balance,weakness_in_limbs",,,,,,
Cervical spondylosis,"back_pain,neck_pain",,,,,,"dizziness,loss_of_balance",,,,,,
Paralysis (brain hemorrhage),headache,,,vomiting,,,"altered_sensorium,weakness_of_one_body_side",,,,,,
Paralysis (brain hemorrhage),headache,,,vomiting,,,"altered_sensorium,weakness_of_one_body_side",,,,,,
Paralysis (brain hemorrhage),headache,,,,,,"altered_sensorium,weakness_of_one_body_side",,,,,,
Paralysis (brain hemorrhage),,,,vomiting,,,"altered_sensorium,weakness_of_one_body_side",,,,,,
Paralysis (brain hemorrhage),headache,,,vomiting,,,altered_sensorium,,,,,,
Paralysis (brain hemorrhage),headache,,,vomiting,,,weakness_of_one_body_side,,,,,,
Paralysis (brain hemorrhage),headache,,,vomiting,,,"altered_sensorium,weakness_of_one_body_side",,,,,,
Paralysis (brain hemorrhage),headache,,,,,,"altered_sensorium,weakness_of_one_body_side",,,,,,
Paralysis (brain hemorrhage),,,,vomiting,,,"altered_sensorium,weakness_of_one_body_side",,,,,,
Paralysis (brain hemorrhage),headache,,,vomiting,,,altered_sensorium,,,,,,
Jaundice,abdominal_pain,,high_fever,vomiting,dark_urine,"itching,yellowish_skin",,,fatigue,,,weight_loss,
Jaundice,abdominal_pain,,high_fever,vomiting,dark_urine,"itching,yellowish_skin",,,fatigue,,,weight_loss,
Jaundice,abdominal_pain,,high_fever,vomiting,dark_urine,yellowish_skin,,,fatigue,,,weight_loss,
Jaundice,abdominal_pain,,high_fever,,dark_urine,"itching,yellowish_skin",,,fatigue,,,weight_loss,
Jaundice,abdominal_pain,,high_fever,vomiting,dark_urine,"itching,yellowish_skin",,,,,,weight_loss,
Jaundice,abdominal_pain,,high_fever,vomiting,dark_urine,"itching,yellowish_skin",,,fatigue,,,,
Jaundice,abdominal_pain,,,vomiting,dark_urine,"itching,yellowish_skin",,,fatigue,,,weight_loss,
Jaundice,abdominal_pain,,high_fever,vomiting,dark_urine,itching,,,fatigue,,,weight_loss,
Jaundice,abdominal_pain,,high_fever,vomiting,,"itching,yellowish_skin",,,fatigue,,,weight_loss,
Jaundice,,,high_fever,vomiting,dark_urine,"itching,yellowish_skin",,,fatigue,,,weight_loss,
Malaria,"headache,muscle_pain",,"chills,high_fever,sweating","nausea,vomiting",,,,,,,,,
Malaria,"headache,muscle_pain",,"chills,high_fever,sweating","diarrhoea,nausea,vomiting",,,,,,,,,
Malaria,"headache,muscle_pain",,"chills,high_fever,sweating","diarrhoea,nausea,vomiting",,,,,,,,,
Malaria,"headache,muscle_pain",,"high_fever,sweating","diarrhoea,nausea,vomiting",,,,,,,,,
Malaria,"headache,muscle_pain",,"chills,high_fever,sweating","diarrhoea,nausea",,,,,,,,,
Malaria,"headache,muscle_pain",,"chills,sweating","diarrhoea,nausea,vomiting",,,,,,,,,
Malaria,"headache,muscle_pain",,"chills,high_fever","diarrhoea,nausea,vomiting",,,,,,,,,
Malaria,muscle_pain,,"chills,high_fever,sweating","diarrhoea,nausea,vomiting",,,,,,,,,
Malaria,"headache,muscle_pain",,"chills,high_fever,sweating","diarrhoea,vomiting",,,,,,,,,
Malaria,"headache,muscle_pain",,"chills,high_fever,sweating","nausea,vomiting",,,,,,,,,
Chicken pox,headache,,"high_fever,mild_fever",,,"itching,skin_rash",,,"fatigue,lethargy,loss_of_appetite,malaise",,,,"red_spots_over_body,swelled_lymph_nodes"
Chicken pox,headache,,"high_fever,mild_fever",,,skin_rash,,,"fatigue,lethargy,loss_of_appetite,malaise",,,,"red_spots_over_body,swelled_lymph_nodes"
Chicken pox,headache,,"high_fever,mild_fever",,,itching,,,"fatigue,lethargy,loss_of_appetite,malaise",,,,"red_spots_over_body,swelled_lymph_nodes"
Chicken pox,headache,,"high_fever,mild_fever",,,"itching,skin_rash",,,"lethargy,loss_of_appetite,malaise",,,,"red_spots_over_body,swelled_lymph_nodes"
Chicken pox,headache,,"high_fever,mild_fever",,,"itching,skin_rash",,,"fatigue,loss_of_appetite,malaise",,,,"red_spots_over_body,swelled_lymph_nodes"
Chicken pox,headache,,mild_fever,,,"itching,skin_rash",,,"fatigue,lethargy,loss_of_appetite,malaise",,,,"red_spots_over_body,swelled_lymph_nodes"
Chicken pox,,,"high_fever,mild_fever",,,"itching,skin_rash",,,"fatigue,lethargy,loss_of_appetite,malaise",,,,"red_spots_over_body,swelled_lymph_nodes"
Chicken pox,headache,,"high_fever,mild_fever",,,"itching,skin_rash",,,"fatigue,lethargy,malaise",,,,"red_spots_over_body,swelled_lymph_nodes"
Chicken pox,headache,,high_fever,,,"itching,skin_rash",,,"fatigue,lethargy,loss_of_appetite,malaise",,,,"red_spots_over_body,swelled_lymph_nodes"
Chicken pox,headache,,"high_fever,mild_fever",,,"itching,skin_rash",,,"fatigue,lethargy,loss_of_appetite,malaise",,,,red_spots_over_body
Dengue,"back_pain,headache,joint_pain,muscle_pain,pain_behind_the_eyes",,"chills,high_fever","nausea,vomiting",,skin_rash,,,"fatigue,loss_of_appetite",,,,red_spots_over_body
Dengue,"back_pain,headache,joint_pain,pain_behind_the_eyes",,"chills,high_fever","nausea,vomiting",,skin_rash,,,"fatigue,loss_of_appetite,malaise",,,,red_spots_over_body
Dengue,"back_pain,headache,joint_pain,muscle_pain,pain_behind_the_eyes",,"chills,high_fever","nausea,vomiting",,skin_rash,,,"fatigue,loss_of_appetite,malaise",,,,
Dengue,"back_pain,headache,joint_pain,muscle_pain,pain_behind_the_eyes",,"chills,high_fever","nausea,vomiting",,skin_rash,,,"fatigue,loss_of_appetite,malaise",,,,red_spots_over_body
Dengue,"back_pain,headache,joint_pain,muscle_pain,pain_behind_the_eyes",,"chills,high_fever","nausea,vomiting",,,,,"fatigue,loss_of_appetite,malaise",,,,red_spots_over_body
Dengue,"back_pain,headache,joint_pain,muscle_pain,pain_behind_the_eyes",,high_fever,"nausea,vomiting",,skin_rash,,,"fatigue,loss_of_appetite,malaise",,,,red_spots_over_body
Dengue,"back_pain,headache,muscle_pain,pain_behind_the_eyes",,"chills,high_fever","nausea,vomiting",,skin_rash,,,"fatigue,loss_of_appetite,malaise",,,,red_spots_over_body
Dengue,"back_pain,headache,joint_pain,muscle_pain,pain_behind_the_eyes",,"chills,high_fever",nausea,,skin_rash,,,"fatigue,loss_of_appetite,malaise",,,,red_spots_over_body
Dengue,"back_pain,headache,joint_pain,muscle_pain,pain_behind_the_eyes",,"chills,high_fever","nausea,vomiting",,skin_rash,,,"loss_of_appetite,malaise",,,,red_spots_over_body
Dengue,"back_pain,headache,joint_pain,muscle_pain,pain_behind_the_eyes",,chills,"nausea,vomiting",,skin_rash,,,"fatigue,loss_of_appetite,malaise",,,,red_spots_over_body
Typhoid,"abdominal_pain,belly_pain",,"chills,high_fever","constipation,diarrhoea,nausea,vomiting",,,,,fatigue,,,,toxic_look_(typhos)
Typhoid,"abdominal_pain,belly_pain,headache",,"chills,high_fever","constipation,diarrhoea,vomiting",,,,,fatigue,,,,toxic_look_(typhos)
Typhoid,"abdominal_pain,belly_pain,headache",,"chills,high_fever","diarrhoea,nausea,vomiting",,,,,fatigue,,,,toxic_look_(typhos)
Typhoid,"belly_pain,headache",,"chills,high_fever","constipation,diarrhoea,nausea,vomiting",,,,,fatigue,,,,toxic_look_(typhos)
Typhoid,"abdominal_pain,belly_pain,headache",,"chills,high_fever","constipation,nausea,vomiting",,,,,fatigue,,,,toxic_look_(typhos)
Typhoid,"abdominal_pain,belly_pain,headache",,"chills,high_fever","constipation,diarrhoea,nausea,vomiting",,,,,fatigue,,,,
Typhoid,"abdominal_pain,headache",,"chills,high_fever","constipation,diarrhoea,nausea,vomiting",,,,,fatigue,,,,toxic_look_(typhos)
Typhoid,"abdominal_pain,belly_pain,headache",,"chills,high_fever","constipation,diarrhoea,nausea,vomiting",,,,,fatigue,,,,toxic_look_(typhos)
Typhoid,"abdominal_pain,belly_pain,headache",,"chills,high_fever","constipation,diarrhoea,nausea,vomiting",,,,,fatigue,,,,toxic_look_(typhos)
Typhoid,"abdominal_pain,belly_pain,headache",,"chills,high_fever","constipation,diarrhoea,nausea",,,,,fatigue,,,,toxic_look_(typhos)
hepatitis A,"abdominal_pain,joint_pain,muscle_pain",,mild_fever,"diarrhoea,nausea,vomiting",dark_urine,yellowish_skin,,yellowing_of_eyes,loss_of_appetite,,,,
hepatitis A,"abdominal_pain,joint_pain,muscle_pain",,mild_fever,"diarrhoea,nausea,vomiting",dark_urine,yellowish_skin,,yellowing_of_eyes,loss_of_appetite,,,,
hepatitis A,"abdominal_pain,muscle_pain",,mild_fever,"diarrhoea,nausea,vomiting",dark_urine,yellowish_skin,,yellowing_of_eyes,loss_of_appetite,,,,
hepatitis A,"abdominal_pain,joint_pain,muscle_pain",,mild_fever,"diarrhoea,nausea",dark_urine,yellowish_skin,,yellowing_of_eyes,loss_of_appetite,,,,
hepatitis A,"abdominal_pain,joint_pain,muscle_pain",,mild_fever,"diarrhoea,nausea,vomiting",dark_urine,,,yellowing_of_eyes,loss_of_appetite,,,,
hepatitis A,"abdominal_pain,joint_pain,muscle_pain",,mild_fever,"diarrhoea,nausea,vomiting",,yellowish_skin,,yellowing_of_eyes,loss_of_appetite,,,,
hepatitis A,"abdominal_pain,joint_pain,muscle_pain",,mild_fever,"diarrhoea,vomiting",dark_urine,yellowish_skin,,yellowing_of_eyes,loss_of_appetite,,,,
hepatitis A,"abdominal_pain,joint_pain,muscle_pain",,mild_fever,"diarrhoea,nausea,vomiting",dark_urine,yellowish_skin,,yellowing_of_eyes,,,,,
hepatitis A,"joint_pain,muscle_pain",,mild_fever,"diarrhoea,nausea,vomiting",dark_urine,yellowish_skin,,yellowing_of_eyes,loss_of_appetite,,,,
hepatitis A,"abdominal_pain,joint_pain,muscle_pain",,mild_fever,"nausea,vomiting",dark_urine,yellowish_skin,,yellowing_of_eyes,loss_of_appetite,,,,
Hepatitis B,abdominal_pain,,,,"dark_urine,yellow_urine","itching,yellowish_skin",,yellowing_of_eyes,"fatigue,lethargy,loss_of_appetite,malaise",,,,"receiving_blood_transfusion,receiving_unsterile_injections"
Hepatitis B,abdominal_pain,,,,"dark_urine,yellow_urine","itching,yellowish_skin",,yellowing_of_eyes,"fatigue,lethargy,loss_of_appetite,malaise",,,,"receiving_blood_transfusion,receiving_unsterile_injections"
Hepatitis B,abdominal_pain,,,,"dark_urine,yellow_urine",yellowish_skin,,yellowing_of_eyes,"fatigue,lethargy,loss_of_appetite,malaise",,,,"receiving_blood_transfusion,receiving_unsterile_injections"
Hepatitis B,abdominal_pain,,,,"dark_urine,yellow_urine","itching,yellowish_skin",,yellowing_of_eyes,"lethargy,loss_of_appetite,malaise",,,,"receiving_blood_transfusion,receiving_unsterile_injections"
Hepatitis B,abdominal_pain,,,,"dark_urine,yellow_urine","itching,yellowish_skin",,yellowing_of_eyes,"fatigue,loss_of_appetite,malaise",,,,"receiving_blood_transfusion,receiving_unsterile_injections"
Hepatitis B,abdominal_pain,,,,"dark_urine,yellow_urine",itching,,yellowing_of_eyes,"fatigue,lethargy,loss_of_appetite,malaise",,,,"receiving_blood_transfusion,receiving_unsterile_injections"
Hepatitis B,abdominal_pain,,,,yellow_urine,"itching,yellowish_skin",,yellowing_of_eyes,"fatigue,lethargy,loss_of_appetite,malaise",,,,"receiving_blood_transfusion,receiving_unsterile_injections"
Hepatitis B,abdominal_pain,,,,"dark_urine,yellow_urine","itching,yellowish_skin",,yellowing_of_eyes,"fatigue,lethargy,malaise",,,,"receiving_blood_transfusion,receiving_unsterile_injections"
Hepatitis B,,,,,"dark_urine,yellow_urine","itching,yellowish_skin",,yellowing_of_eyes,"fatigue,lethargy,loss_of_appetite,malaise",,,,"receiving_blood_transfusion,receiving_unsterile_injections"
Hepatitis B,abdominal_pain,,,,dark_urine,"itching,yellowish_skin",,yellowing_of_eyes,"fatigue,lethargy,loss_of_appetite,malaise",,,,"receiving_blood_transfusion,receiving_unsterile_injections"
Hepatitis C,,,,nausea,,yellowish_skin,,,"fatigue,loss_of_appetite",,,,family_history
Hepatitis C,,,,nausea,,yellowish_skin,,yellowing_of_eyes,"fatigue,loss_of_appetite",,,,family_history
Hepatitis C,,,,nausea,,yellowish_skin,,yellowing_of_eyes,loss_of_appetite,,,,family_history
Hepatitis C,,,,nausea,,,,yellowing_of_eyes,"fatigue,loss_of_appetite",,,,family_history
Hepatitis C,,,,,,yellowish_skin,,yellowing_of_eyes,"fatigue,loss_of_appetite",,,,family_history
Hepatitis C,,,,nausea,,yellowish_skin,,yellowing_of_eyes,fatigue,,,,family_history
Hepatitis C,,,,nausea,,yellowish_skin,,,"fatigue,loss_of_appetite",,,,family_history
Hepatitis C,,,,nausea,,yellowish_skin,,yellowing_of_eyes,"fatigue,loss_of_appetite",,,,
Hepatitis C,,,,nausea,,yellowish_skin,,yellowing_of_eyes,"fatigue,loss_of_appetite",,,,family_history
Hepatitis C,,,,nausea,,yellowish_skin,,yellowing_of_eyes,"fatigue,loss_of_appetite",,,,family_history
Hepatitis D,"abdominal_pain,joint_pain",,,"nausea,vomiting",dark_urine,yellowish_skin,,yellowing_of_eyes,"fatigue,loss_of_appetite",,,,
Hepatitis D,abdominal_pain,,,"nausea,vomiting",dark_urine,yellowish_skin,,yellowing_of_eyes,"fatigue,loss_of_appetite",,,,
Hepatitis D,"abdominal_pain,joint_pain",,,nausea,dark_urine,yellowish_skin,,yellowing_of_eyes,"fatigue,loss_of_appetite",,,,
Hepatitis D,"abdominal_pain,joint_pain",,,"nausea,vomiting",dark_urine,yellowish_skin,,yellowing_of_eyes,loss_of_appetite,,,,
Hepatitis D,"abdominal_pain,joint_pain",,,"nausea,vomiting",dark_urine,,,yellowing_of_eyes,"fatigue,loss_of_appetite",,,,
Hepatitis D,"abdominal_pain,joint_pain",,,"nausea,vomiting",,yellowish_skin,,yellowing_of_eyes,"fatigue,loss_of_appetite",,,,
Hepatitis D,"abdominal_pain,joint_pain",,,vomiting,dark_urine,yellowish_skin,,yellowing_of_eyes,"fatigue,loss_of_appetite",,,,
Hepatitis D,"abdominal_pain,joint_pain",,,"nausea,vomiting",dark_urine,yellowish_skin,,yellowing_of_eyes,fatigue,,,,
Hepatitis D,joint_pain,,,"nausea,vomiting",dark_urine,yellowish_skin,,yellowing_of_eyes,"fatigue,loss_of_appetite",,,,
Hepatitis D,"abdominal_pain,joint_pain",,,"nausea,vomiting",dark_urine,yellowish_skin,,,"fatigue,loss_of_appetite",,,,
Hepatitis E,"abdominal_pain,joint_pain",,high_fever,"nausea,stomach_bleeding,vomiting",dark_urine,yellowish_skin,coma,yellowing_of_eyes,"fatigue,loss_of_appetite",,,,
Hepatitis E,"abdominal_pain,joint_pain",,high_fever,"nausea,stomach_bleeding,vomiting",dark_urine,yellowish_skin,coma,yellowing_of_eyes,"fatigue,loss_of_appetite",,,,acute_liver_failure
Hepatitis E,"abdominal_pain,joint_pain",,high_fever,"nausea,stomach_bleeding,vomiting",dark_urine,yellowish_skin,coma,yellowing_of_eyes,"fatigue,loss_of_appetite",,,,acute_liver_failure
Hepatitis E,abdominal_pain,,high_fever,"nausea,stomach_bleeding,vomiting",dark_urine,yellowish_skin,coma,yellowing_of_eyes,"fatigue,loss_of_appetite",,,,acute_liver_failure
Hepatitis E,"abdominal_pain,joint_pain",,high_fever,"nausea,stomach_bleeding",dark_urine,yellowish_skin,coma,yellowing_of_eyes,"fatigue,loss_of_appetite",,,,acute_liver_failure
Hepatitis E,"abdominal_pain,joint_pain",,high_fever,"nausea,stomach_bleeding,vomiting",dark_urine,yellowish_skin,coma,yellowing_of_eyes,loss_of_appetite,,,,acute_liver_failure
Hepatitis E,"abdominal_pain,joint_pain",,,"nausea,stomach_bleeding,vomiting",dark_urine,yellowish_skin,coma,yellowing_of_eyes,"fatigue,loss_of_appetite",,,,acute_liver_failure
Hepatitis E,"abdominal_pain,joint_pain",,high_fever,"nausea,stomach_bleeding,vomiting",dark_urine,,coma,yellowing_of_eyes,"fatigue,loss_of_appetite",,,,acute_liver_failure
Hepatitis E,"abdominal_pain,joint_pain",,high_fever,"nausea,stomach_bleeding,vomiting",,yellowish_skin,coma,yellowing_of_eyes,"fatigue,loss_of_appetite",,,,acute_liver_failure
Hepatitis E,"abdominal_pain,joint_pain",,high_fever,"stomach_bleeding,vomiting",dark_urine,yellowish_skin,coma,yellowing_of_eyes,"fatigue,loss_of_appetite",,,,acute_liver_failure
Alcoholic hepatitis,abdominal_pain,,,"swelling_of_stomach,vomiting",,yellowish_skin,,,,,,,"distention_of_abdomen,fluid_overload,history_of_alcohol_consumption"
Alcoholic hepatitis,abdominal_pain,,,"swelling_of_stomach,vomiting",,yellowish_skin,,,,,,,"distention_of_abdomen,fluid_overload,history_of_alcohol_consumption"
Alcoholic hepatitis,abdominal_pain,,,swelling_of_stomach,,yellowish_skin,,,,,,,"distention_of_abdomen,fluid_overload,history_of_alcohol_consumption"
Alcoholic hepatitis,abdominal_pain,,,"swelling_of_stomach,vomiting",,,,,,,,,"distention_of_abdomen,fluid_overload,history_of_alcohol_consumption"
Alcoholic hepatitis,,,,"swelling_of_stomach,vomiting",,yellowish_skin,,,,,,,"distention_of_abdomen,fluid_overload,history_of_alcohol_consumption"
Alcoholic hepatitis,abdominal_pain,,,vomiting,,yellowish_skin,,,,,,,"distention_of_abdomen,fluid_overload,history_of_alcohol_consumption"
Alcoholic hepatitis,abdominal_pain,,,"swelling_of_stomach,vomiting",,yellowish_skin,,,,,,,"fluid_overload,history_of_alcohol_consumption"
Alcoholic hepatitis,abdominal_pain,,,"swelling_of_stomach,vomiting",,yellowish_skin,,,,,,,"distention_of_abdomen,fluid_overload"
Alcoholic hepatitis,abdominal_pain,,,"swelling_of_stomach,vomiting",,yellowish_skin,,,,,,,"distention_of_abdomen,history_of_alcohol_consumption"
Alcoholic hepatitis,abdominal_pain,,,"swelling_of_stomach,vomiting",,yellowish_skin,,,,,,,"distention_of_abdomen,fluid_overload,history_of_alcohol_consumption"
Tuberculosis,chest_pain,"blood_in_sputum,breathlessness,cough,phlegm","chills,high_fever,mild_fever,sweating",vomiting,,,,yellowing_of_eyes,"fatigue,loss_of_appetite,malaise",,,weight_loss,swelled_lymph_nodes
Tuberculosis,chest_pain,"blood_in_sputum,breathlessness,cough,phlegm","chills,high_fever,mild_fever,sweating",vomiting,,,,yellowing_of_eyes,"fatigue,loss_of_appetite,malaise",,,weight_loss,swelled_lymph_nodes
Tuberculosis,chest_pain,"blood_in_sputum,breathlessness,cough,phlegm","high_fever,mild_fever,sweating",vomiting,,,,yellowing_of_eyes,"fatigue,loss_of_appetite,malaise",,,weight_loss,swelled_lymph_nodes
Tuberculosis,chest_pain,"blood_in_sputum,breathlessness,cough,phlegm","chills,high_fever,mild_fever,sweating",,,,,yellowing_of_eyes,"fatigue,loss_of_appetite,malaise",,,weight_loss,swelled_lymph_nodes
Tuberculosis,chest_pain,"blood_in_sputum,breathlessness,cough,phlegm","chills,high_fever,mild_fever,sweating",vomiting,,,,yellowing_of_eyes,"loss_of_appetite,malaise",,,weight_loss,swelled_lymph_nodes
Tuberculosis,chest_pain,"blood_in_sputum,breathlessness,cough,phlegm","chills,high_fever,mild_fever,sweating",vomiting,,,,yellowing_of_eyes,"fatigue,loss_of_appetite,malaise",,,,swelled_lymph_nodes
Tuberculosis,chest_pain,"blood_in_sputum,breathlessness,phlegm","chills,high_fever,mild_fever,sweating",vomiting,,,,yellowing_of_eyes,"fatigue,loss_of_appetite,malaise",,,weight_loss,swelled_lymph_nodes
Tuberculosis,chest_pain,"blood_in_sputum,breathlessness,cough,phlegm","chills,mild_fever,sweating",vomiting,,,,yellowing_of_eyes,"fatigue,loss_of_appetite,malaise",,,weight_loss,swelled_lymph_nodes
Tuberculosis,chest_pain,"blood_in_sputum,cough,phlegm","chills,high_fever,mild_fever,sweating",vomiting,,,,yellowing_of_eyes,"fatigue,loss_of_appetite,malaise",,,weight_loss,swelled_lymph_nodes
Tuberculosis,chest_pain,"blood_in_sputum,breathlessness,cough,phlegm","chills,high_fever,mild_fever",vomiting,,,,yellowing_of_eyes,"fatigue,loss_of_appetite,malaise",,,weight_loss,swelled_lymph_nodes
Common Cold,"chest_pain,headache,muscle_pain","congestion,continuous_sneezing,cough,phlegm,runny_nose,throat_irritation","chills,high_fever",,,redness_of_eyes,,,"fatigue,malaise",,,,"loss_of_smell,sinus_pressure,swelled_lymph_nodes"
Common Cold,"chest_pain,headache,muscle_pain","congestion,continuous_sneezing,cough,phlegm,runny_nose,throat_irritation","chills,high_fever",,,redness_of_eyes,,,"fatigue,malaise",,,,"loss_of_smell,sinus_pressure,swelled_lymph_nodes"
Common Cold,"chest_pain,headache,muscle_pain","congestion,cough,phlegm,runny_nose,throat_irritation","chills,high_fever",,,redness_of_eyes,,,"fatigue,malaise",,,,"loss_of_smell,sinus_pressure,swelled_lymph_nodes"
Common Cold,"chest_pain,headache,muscle_pain","congestion,continuous_sneezing,cough,phlegm,runny_nose,throat_irritation",high_fever,,,redness_of_eyes,,,"fatigue,malaise",,,,"loss_of_smell,sinus_pressure,swelled_lymph_nodes"
Common Cold,"chest_pain,headache,muscle_pain","congestion,continuous_sneezing,cough,phlegm,runny_nose,throat_irritation","chills,high_fever",,,redness_of_eyes,,,malaise,,,,"loss_of_smell,sinus_pressure,swelled_lymph_nodes"
Common Cold,"chest_pain,headache,muscle_pain","congestion,continuous_sneezing,phlegm,runny_nose,throat_irritation","chills,high_fever",,,redness_of_eyes,,,"fatigue,malaise",,,,"loss_of_smell,sinus_pressure,swelled_lymph_nodes"
Common Cold,"chest_pain,headache,muscle_pain","congestion,continuous_sneezing,cough,phlegm,runny_nose,throat_irritation",chills,,,redness_of_eyes,,,"fatigue,malaise",,,,"loss_of_smell,sinus_pressure,swelled_lymph_nodes"
Common Cold,"chest_pain,muscle_pain","congestion,continuous_sneezing,cough,phlegm,runny_nose,throat_irritation","chills,high_fever",,,redness_of_eyes,,,"fatigue,malaise",,,,"loss_of_smell,sinus_pressure,swelled_lymph_nodes"
Common Cold,"chest_pain,headache,muscle_pain","congestion,continuous_sneezing,cough,phlegm,runny_nose,throat_irritation","chills,high_fever",,,redness_of_eyes,,,"fatigue,malaise",,,,"loss_of_smell,sinus_pressure"
Common Cold,"chest_pain,headache,muscle_pain","congestion,continuous_sneezing,cough,phlegm,runny_nose,throat_irritation","chills,high_fever",,,redness_of_eyes,,,fatigue,,,,"loss_of_smell,sinus_pressure,swelled_lymph_nodes"
Pneumonia,chest_pain,"breathlessness,cough,rusty_sputum","chills,high_fever,sweating",,,,,,"fatigue,malaise",,,,fast_heart_rate
Pneumonia,chest_pain,"breathlessness,cough,phlegm,rusty_sputum","chills,high_fever,sweating",,,,,,"fatigue,malaise",,,,fast_heart_rate
Pneumonia,chest_pain,"breathlessness,cough,phlegm,rusty_sputum","chills,high_fever,sweating",,,,,,"fatigue,malaise",,,,fast_heart_rate
Pneumonia,chest_pain,"breathlessness,cough,phlegm,rusty_sputum","high_fever,sweating",,,,,,"fatigue,malaise",,,,fast_heart_rate
Pneumonia,chest_pain,"breathlessness,cough,phlegm,rusty_sputum","chills,high_fever,sweating",,,,,,malaise,,,,fast_heart_rate
Pneumonia,chest_pain,"breathlessness,phlegm,rusty_sputum","chills,high_fever,sweating",,,,,,"fatigue,malaise",,,,fast_heart_rate
Pneumonia,chest_pain,"breathlessness,cough,phlegm,rusty_sputum","chills,sweating",,,,,,"fatigue,malaise",,,,fast_heart_rate
Pneumonia,chest_pain,"cough,phlegm,rusty_sputum","chills,high_fever,sweating",,,,,,"fatigue,malaise",,,,fast_heart_rate
Pneumonia,chest_pain,"breathlessness,cough,phlegm,rusty_sputum","chills,high_fever",,,,,,"fatigue,malaise",,,,fast_heart_rate
Pneumonia,chest_pain,"breathlessness,cough,phlegm,rusty_sputum","chills,high_fever,sweating",,,,,,fatigue,,,,fast_heart_rate
Dimorphic hemmorhoids(piles),"pain_during_bowel_movements,pain_in_anal_region",,,constipation,,,,,,,,,"bloody_stool,irritation_in_anus"
Dimorphic hemmorhoids(piles),"pain_during_bowel_movements,pain_in_anal_region",,,constipation,,,,,,,,,"bloody_stool,irritation_in_anus"
Dimorphic hemmorhoids(piles),"pain_during_bowel_movements,pain_in_anal_region",,,constipation,,,,,,,,,"bloody_stool,irritation_in_anus"
Dimorphic hemmorhoids(piles),"pain_during_bowel_movements,pain_in_anal_region",,,,,,,,,,,,"bloody_stool,irritation_in_anus"
Dimorphic hemmorhoids(piles),pain_in_anal_region,,,constipation,,,,,,,,,"bloody_stool,irritation_in_anus"
Dimorphic hemmorhoids(piles),pain_during_bowel_movements,,,constipation,,,,,,,,,"bloody_stool,irritation_in_anus"
Dimorphic hemmorhoids(piles),"pain_during_bowel_movements,pain_in_anal_region",,,constipation,,,,,,,,,irritation_in_anus
Dimorphic hemmorhoids(piles),"pain_during_bowel_movements,pain_in_anal_region",,,constipation,,,,,,,,,bloody_stool
Dimorphic hemmorhoids(piles),"pain_during_bowel_movements,pain_in_anal_region",,,constipation,,,,,,,,,"bloody_stool,irritation_in_anus"
Dimorphic hemmorhoids(piles),"pain_during_bowel_movements,pain_in_anal_region",,,constipation,,,,,,,,,"bloody_stool,irritation_in_anus"
Heart attack,chest_pain,breathlessness,sweating,vomiting,,,,,,,,,
Heart attack,chest_pain,breathlessness,sweating,vomiting,,,,,,,,,
Heart attack,chest_pain,breathlessness,sweating,,,,,,,,,,
Heart attack,chest_pain,,sweating,vomiting,,,,,,,,,
Heart attack,chest_pain,breathlessness,,vomiting,,,,,,,,,
Heart attack,,breathlessness,sweating,vomiting,,,,,,,,,
Heart attack,chest_pain,breathlessness,sweating,vomiting,,,,,,,,,
Heart attack,chest_pain,breathlessness,sweating,,,,,,,,,,
Heart attack,chest_pain,,sweating,vomiting,,,,,,,,,
Heart attack,chest_pain,breathlessness,,vomiting,,,,,,,,,
Varicose veins,cramps,,,,,,,,fatigue,,,obesity,"bruising,prominent_veins_on_calf,swollen_blood_vessels,swollen_legs"
Varicose veins,cramps,,,,,,,,fatigue,,,obesity,"bruising,prominent_veins_on_calf,swollen_blood_vessels,swollen_legs"
Varicose veins,cramps,,,,,,,,,,,obesity,"bruising,prominent_veins_on_calf,swollen_blood_vessels,swollen_legs"
Varicose veins,,,,,,,,,fatigue,,,obesity,"bruising,prominent_veins_on_calf,swollen_blood_vessels,swollen_legs"
Varicose veins,cramps,,,,,,,,fatigue,,,obesity,"prominent_veins_on_calf,swollen_blood_vessels,swollen_legs"
Varicose veins,cramps,,,,,,,,fatigue,,,,"bruising,prominent_veins_on_calf,swollen_blood_vessels,swollen_legs"
Varicose veins,cramps,,,,,,,,fatigue,,,obesity,"bruising,prominent_veins_on_calf,swollen_blood_vessels"
Varicose veins,cramps,,,,,,,,fatigue,,,obesity,"bruising,prominent_veins_on_calf,swollen_legs"
Varicose veins,cramps,,,,,,,,fatigue,,,obesity,"bruising,swollen_blood_vessels,swollen_legs"
Varicose veins,cramps,,,,,,,,fatigue,,,obesity,"bruising,prominent_veins_on_calf,swollen_legs"
Hypothyroidism,,,,,,,dizziness,puffy_face_and_eyes,"fatigue,lethargy","depression,irritability,mood_swings",,weight_gain,"abnormal_menstruation,brittle_nails,cold_hands_and_feets,enlarged_thyroid,swollen_extremeties"
Hypothyroidism,,,,,,,dizziness,puffy_face_and_eyes,"fatigue,lethargy","depression,irritability,mood_swings",,weight_gain,"abnormal_menstruation,brittle_nails,cold_hands_and_feets,enlarged_thyroid,swollen_extremeties"
Hypothyroidism,,,,,,,dizziness,puffy_face_and_eyes,lethargy,"depression,irritability,mood_swings",,weight_gain,"abnormal_menstruation,brittle_nails,cold_hands_and_feets,enlarged_thyroid,swollen_extremeties"
Hypothyroidism,,,,,,,dizziness,puffy_face_and_eyes,lethargy,"depression,irritability,mood_swings",,weight_gain,"abnormal_menstruation,brittle_nails,cold_hands_and_feets,enlarged_thyroid,swollen_extremeties"
Hypothyroidism,,,,,,,dizziness,puffy_face_and_eyes,"fatigue,lethargy","depression,irritability,mood_swings",,,"abnormal_menstruation,brittle_nails,cold_hands_and_feets,enlarged_thyroid,swollen_extremeties"
Hypothyroidism,,,,,,,dizziness,puffy_face_and_eyes,"fatigue,lethargy","depression,irritability,mood_swings",,weight_gain,"abnormal_menstruation,brittle_nails,enlarged_thyroid,swollen_extremeties"
Hypothyroidism,,,,,,,dizziness,puffy_face_and_eyes,"fatigue,lethargy","depression,irritability",,weight_gain,"abnormal_menstruation,brittle_nails,cold_hands_and_feets,enlarged_thyroid,swollen_extremeties"
Hypothyroidism,,,,,,,dizziness,puffy_face_and_eyes,fatigue,"depression,irritability,mood_swings",,weight_gain,"abnormal_menstruation,brittle_nails,cold_hands_and_feets,enlarged_thyroid,swollen_extremeties"
Hypothyroidism,,,,,,,,puffy_face_and_eyes,"fatigue,lethargy","depression,irritability,mood_swings",,weight_gain,"abnormal_menstruation,brittle_nails,cold_hands_and_feets,enlarged_thyroid,swollen_extremeties"
Hypothyroidism,,,,,,,dizziness,,"fatigue,lethargy","depression,irritability,mood_swings",,weight_gain,"abnormal_menstruation,brittle_nails,cold_hands_and_feets,enlarged_thyroid,swollen_extremeties"
Hyperthyroidism,,,sweating,diarrhoea,,,muscle_weakness,,"excessive_hunger,fatigue","irritability,mood_swings,restlessness",,weight_loss,"abnormal_menstruation,fast_heart_rate"
Hyperthyroidism,,,sweating,diarrhoea,,,muscle_weakness,,"excessive_hunger,fatigue","irritability,mood_swings,restlessness",,weight_loss,"abnormal_menstruation,fast_heart_rate"
Hyperthyroidism,,,sweating,diarrhoea,,,muscle_weakness,,excessive_hunger,"irritability,mood_swings,restlessness",,weight_loss,"abnormal_menstruation,fast_heart_rate"
Hyperthyroidism,,,sweating,diarrhoea,,,muscle_weakness,,"excessive_hunger,fatigue","irritability,restlessness",,weight_loss,"abnormal_menstruation,fast_heart_rate"
Hyperthyroidism,,,sweating,diarrhoea,,,muscle_weakness,,"excessive_hunger,fatigue","irritability,mood_swings,restlessness",,,"abnormal_menstruation,fast_heart_rate"
Hyperthyroidism,,,sweating,diarrhoea,,,muscle_weakness,,"excessive_hunger,fatigue","irritability,mood_swings",,weight_loss,"abnormal_menstruation,fast_heart_rate"
Hyperthyroidism,,,,diarrhoea,,,muscle_weakness,,"excessive_hunger,fatigue","irritability,mood_swings,restlessness",,weight_loss,"abnormal_menstruation,fast_heart_rate"
Hyperthyroidism,,,sweating,,,,muscle_weakness,,"excessive_hunger,fatigue","irritability,mood_swings,restlessness",,weight_loss,"abnormal_menstruation,fast_heart_rate"
Hyperthyroidism,,,sweating,diarrhoea,,,muscle_weakness,,"excessive_hunger,fatigue","irritability,mood_swings,restlessness",,weight_loss,abnormal_menstruation
Hyperthyroidism,,,sweating,diarrhoea,,,muscle_weakness,,fatigue,"irritability,mood_swings,restlessness",,weight_loss,"abnormal_menstruation,fast_heart_rate"
Hypoglycemia,headache,,sweating,"nausea,vomiting",,,slurred_speech,blurred_and_distorted_vision,"excessive_hunger,fatigue","anxiety,irritability",,,palpitations
Hypoglycemia,headache,,sweating,"nausea,vomiting",,,slurred_speech,blurred_and_distorted_vision,"excessive_hunger,fatigue","anxiety,irritability",,,"drying_and_tingling_lips,palpitations"
Hypoglycemia,headache,,sweating,"nausea,vomiting",,,slurred_speech,blurred_and_distorted_vision,"excessive_hunger,fatigue","anxiety,irritability",,,"drying_and_tingling_lips,palpitations"
Hypoglycemia,headache,,sweating,nausea,,,slurred_speech,blurred_and_distorted_vision,"excessive_hunger,fatigue","anxiety,irritability",,,"drying_and_tingling_lips,palpitations"
Hypoglycemia,headache,,sweating,"nausea,vomiting",,,slurred_speech,blurred_and_distorted_vision,excessive_hunger,"anxiety,irritability",,,"drying_and_tingling_lips,palpitations"
Hypoglycemia,headache,,sweating,"nausea,vomiting",,,slurred_speech,blurred_and_distorted_vision,"excessive_hunger,fatigue",irritability,,,"drying_and_tingling_lips,palpitations"
Hypoglycemia,headache,,,"nausea,vomiting",,,slurred_speech,blurred_and_distorted_vision,"excessive_hunger,fatigue","anxiety,irritability",,,"drying_and_tingling_lips,palpitations"
Hypoglycemia,,,sweating,"nausea,vomiting",,,slurred_speech,blurred_and_distorted_vision,"excessive_hunger,fatigue","anxiety,irritability",,,"drying_and_tingling_lips,palpitations"
Hypoglycemia,headache,,sweating,vomiting,,,slurred_speech,blurred_and_distorted_vision,"excessive_hunger,fatigue","anxiety,irritability",,,"drying_and_tingling_lips,palpitations"
Hypoglycemia,headache,,sweating,"nausea,vomiting",,,slurred_speech,,"excessive_hunger,fatigue","anxiety,irritability",,,"drying_and_tingling_lips,palpitations"
Osteoarthristis,"hip_joint_pain,joint_pain,knee_pain,neck_pain,painful_walking",,,,,,,,,,swelling_joints,,
Osteoarthristis,"hip_joint_pain,joint_pain,knee_pain,neck_pain,painful_walking",,,,,,,,,,swelling_joints,,
Osteoarthristis,"hip_joint_pain,knee_pain,neck_pain,painful_walking",,,,,,,,,,swelling_joints,,
Osteoarthristis,"hip_joint_pain,joint_pain,knee_pain,painful_walking",,,,,,,,,,swelling_joints,,
Osteoarthristis,"hip_joint_pain,joint_pain,neck_pain,painful_walking",,,,,,,,,,swelling_joints,,
Osteoarthristis,"joint_pain,knee_pain,neck_pain,painful_walking",,,,,,,,,,swelling_joints,,
Osteoarthristis,"hip_joint_pain,joint_pain,knee_pain,neck_pain,painful_walking",,,,,,,,,,,,
Osteoarthristis,"hip_joint_pain,joint_pain,knee_pain,neck_pain",,,,,,,,,,swelling_joints,,
Osteoarthristis,"hip_joint_pain,joint_pain,knee_pain,neck_pain,painful_walking",,,,,,,,,,swelling_joints,,
Osteoarthristis,"hip_joint_pain,joint_pain,knee_pain,neck_pain,painful_walking",,,,,,,,,,swelling_joints,,
Arthritis,painful_walking,,,,,,muscle_weakness,,,,"movement_stiffness,stiff_neck,swelling_joints",,
Arthritis,painful_walking,,,,,,muscle_weakness,,,,"movement_stiffness,stiff_neck,swelling_joints",,
Arthritis,painful_walking,,,,,,,,,,"movement_stiffness,stiff_neck,swelling_joints",,
Arthritis,painful_walking,,,,,,muscle_weakness,,,,"movement_stiffness,swelling_joints",,
Arthritis,painful_walking,,,,,,muscle_weakness,,,,"movement_stiffness,stiff_neck",,
Arthritis,painful_walking,,,,,,muscle_weakness,,,,"stiff_neck,swelling_joints",,
Arthritis,painful_walking,,,,,,muscle_weakness,,,,"movement_stiffness,stiff_neck,swelling_joints",,
Arthritis,,,,,,,muscle_weakness,,,,"movement_stiffness,stiff_neck,swelling_joints",,
Arthritis,painful_walking,,,,,,muscle_weakness,,,,"movement_stiffness,stiff_neck,swelling_joints",,
Arthritis,painful_walking,,,,,,muscle_weakness,,,,"movement_stiffness,stiff_neck,swelling_joints",,
(vertigo) Paroymsal  Positional Vertigo,headache,,,"nausea,vomiting",,,"loss_of_balance,unsteadiness",,,,spinning_movements,,
(vertigo) Paroymsal  Positional Vertigo,headache,,,"nausea,vomiting",,,"loss_of_balance,unsteadiness",,,,spinning_movements,,
(vertigo) Paroymsal  Positional Vertigo,headache,,,nausea,,,"loss_of_balance,unsteadiness",,,,spinning_movements,,
(vertigo) Paroymsal  Positional Vertigo,,,,"nausea,vomiting",,,"loss_of_balance,unsteadiness",,,,spinning_movements,,
(vertigo) Paroymsal  Positional Vertigo,headache,,,vomiting,,,"loss_of_balance,unsteadiness",,,,spinning_movements,,
(vertigo) Paroymsal  Positional Vertigo,headache,,,"nausea,vomiting",,,"loss_of_balance,unsteadiness",,,,,,
(vertigo) Paroymsal  Positional Vertigo,headache,,,"nausea,vomiting",,,unsteadiness,,,,spinning_movements,,
(vertigo) Paroymsal  Positional Vertigo,headache,,,"nausea,vomiting",,,loss_of_balance,,,,spinning_movements,,
(vertigo) Paroymsal  Positional Vertigo,headache,,,"nausea,vomiting",,,"loss_of_balance,unsteadiness",,,,spinning_movements,,
(vertigo) Paroymsal  Positional Vertigo,headache,,,"nausea,vomiting",,,"loss_of_balance,unsteadiness",,,,,,
Acne,,,,,,"blackheads,pus_filled_pimples,skin_rash",,,,,,,scurring
Acne,,,,,,"blackheads,pus_filled_pimples,skin_rash",,,,,,,scurring
Acne,,,,,,"blackheads,pus_filled_pimples",,,,,,,scurring
Acne,,,,,,"blackheads,skin_rash",,,,,,,scurring
Acne,,,,,,"pus_filled_pimples,skin_rash",,,,,,,scurring
Acne,,,,,,"blackheads,pus_filled_pimples,skin_rash",,,,,,,
Acne,,,,,,"blackheads,pus_filled_pimples,skin_rash",,,,,,,scurring
Acne,,,,,,"blackheads,pus_filled_pimples,skin_rash",,,,,,,
Acne,,,,,,"pus_filled_pimples,skin_rash",,,,,,,scurring
Acne,,,,,,"blackheads,skin_rash",,,,,,,scurring
Urinary tract infection,,,,,"bladder_discomfort,burning_micturition,continuous_feel_of_urine,foul_smell_of_urine",,,,,,,,
Urinary tract infection,,,,,"bladder_discomfort,burning_micturition,continuous_feel_of_urine,foul_smell_of_urine",,,,,,,,
Urinary tract infection,,,,,"bladder_discomfort,continuous_feel_of_urine,foul_smell_of_urine",,,,,,,,
Urinary tract infection,,,,,"burning_micturition,continuous_feel_of_urine,foul_smell_of_urine",,,,,,,,
Urinary tract infection,,,,,"bladder_discomfort,burning_micturition,continuous_feel_of_urine",,,,,,,,
Urinary tract infection,,,,,"bladder_discomfort,burning_micturition,foul_smell_of_urine",,,,,,,,
Urinary tract infection,,,,,"bladder_discomfort,burning_micturition,continuous_feel_of_urine,foul_smell_of_urine",,,,,,,,
Urinary tract infection,,,,,"bladder_discomfort,burning_micturition,continuous_feel_of_urine",,,,,,,,
Urinary tract infection,,,,,"bladder_discomfort,continuous_feel_of_urine,foul_smell_of_urine",,,,,,,,
Urinary tract infection,,,,,"bladder_discomfort,burning_micturition,continuous_feel_of_urine",,,,,,,,
Psoriasis,joint_pain,,,,,"skin_peeling,skin_rash",,,,,,,"inflammatory_nails,silver_like_dusting,small_dents_in_nails"
Psoriasis,joint_pain,,,,,"skin_peeling,skin_rash",,,,,,,"inflammatory_nails,silver_like_dusting,small_dents_in_nails"
Psoriasis,joint_pain,,,,,skin_peeling,,,,,,,"inflammatory_nails,silver_like_dusting,small_dents_in_nails"
Psoriasis,,,,,,"skin_peeling,skin_rash",,,,,,,"inflammatory_nails,silver_like_dusting,small_dents_in_nails"
Psoriasis,joint_pain,,,,,skin_rash,,,,,,,"inflammatory_nails,silver_like_dusting,small_dents_in_nails"
Psoriasis,joint_pain,,,,,"skin_peeling,skin_rash",,,,,,,"inflammatory_nails,small_dents_in_nails"
Psoriasis,joint_pain,,,,,"skin_peeling,skin_rash",,,,,,,"inflammatory_nails,silver_like_dusting"
Psoriasis,joint_pain,,,,,"skin_peeling,skin_rash",,,,,,,"silver_like_dusting,small_dents_in_nails"
Psoriasis,joint_pain,,,,,"skin_peeling,skin_rash",,,,,,,"inflammatory_nails,silver_like_dusting,small_dents_in_nails"
Psoriasis,joint_pain,,,,,"skin_peeling,skin_rash",,,,,,,"inflammatory_nails,silver_like_dusting,small_dents_in_nails"
Impetigo,red_sore_around_nose,,high_fever,,,"blister,skin_rash",,,,,,,yellow_crust_ooze
Impetigo,red_sore_around_nose,,high_fever,,,"blister,skin_rash",,,,,,,yellow_crust_ooze
Impetigo,red_sore_around_nose,,high_fever,,,blister,,,,,,,yellow_crust_ooze
Impetigo,red_sore_around_nose,,,,,"blister,skin_rash",,,,,,,yellow_crust_ooze
Impetigo,red_sore_around_nose,,,,,"blister,skin_rash",,,,,,,yellow_crust_ooze
Impetigo,red_sore_around_nose,,high_fever,,,skin_rash,,,,,,,yellow_crust_ooze
Impetigo,,,high_fever,,,"blister,skin_rash",,,,,,,yellow_crust_ooze
Impetigo,red_sore_around_nose,,high_fever,,,"blister,skin_rash",,,,,,,
Impetigo,red_sore_around_nose,,high_fever,,,"blister,skin_rash",,,,,,,yellow_crust_ooze
Impetigo,red_sore_around_nose,,,,,"blister,skin_rash",,,,,,,yellow_crust_ooze
Fungal infection,,,,,,"dischromic__patches,itching,nodal_skin_eruptions,skin_rash",,,,,,,
Fungal infection,,,,,,"dischromic__patches,nodal_skin_eruptions,skin_rash",,,,,,,
Fungal infection,,,,,,"dischromic__patches,itching,nodal_skin_eruptions",,,,,,,
Fungal infection,,,,,,"dischromic__patches,itching,skin_rash",,,,,,,
Fungal infection,,,,,,"itching,nodal_skin_eruptions,skin_rash",,,,,,,
Fungal infection,,,,,,"dischromic__patches,nodal_skin_eruptions,skin_rash",,,,,,,
Fungal infection,,,,,,"dischromic__patches,itching,nodal_skin_eruptions",,,,,,,
Fungal infection,,,,,,"dischromic__patches,itching,skin_rash",,,,,,,
Fungal infection,,,,,,"itching,nodal_skin_eruptions,skin_rash",,,,,,,
Fungal infection,,,,,,"dischromic__patches,itching,nodal_skin_eruptions,skin_rash",,,,,,,
Allergy,,continuous_sneezing,"chills,shivering",,,,,watering_from_eyes,,,,,
Allergy,,,"chills,shivering",,,,,watering_from_eyes,,,,,
Allergy,,continuous_sneezing,chills,,,,,watering_from_eyes,,,,,
Allergy,,continuous_sneezing,shivering,,,,,watering_from_eyes,,,,,
Allergy,,continuous_sneezing,"chills,shivering",,,,,,,,,,
Allergy,,,"chills,shivering",,,,,watering_from_eyes,,,,,
Allergy,,continuous_sneezing,chills,,,,,watering_from_eyes,,,,,
Allergy,,continuous_sneezing,shivering,,,,,watering_from_eyes,,,,,
Allergy,,continuous_sneezing,"chills,shivering",,,,,,,,,,
Allergy,,continuous_sneezing,"chills,shivering",,,,,watering_from_eyes,,,,,
GERD,"chest_pain,stomach_pain",cough,,"acidity,vomiting",,,,,,,,,ulcers_on_tongue
GERD,"chest_pain,stomach_pain",cough,,vomiting,,,,,,,,,ulcers_on_tongue
GERD,"chest_pain,stomach_pain",cough,,"acidity,vomiting",,,,,,,,,
GERD,"chest_pain,stomach_pain",cough,,acidity,,,,,,,,,ulcers_on_tongue
GERD,"chest_pain,stomach_pain",,,"acidity,vomiting",,,,,,,,,ulcers_on_tongue
GERD,stomach_pain,cough,,"acidity,vomiting",,,,,,,,,ulcers_on_tongue
GERD,chest_pain,cough,,"acidity,vomiting",,,,,,,,,ulcers_on_tongue
GERD,"chest_pain,stomach_pain",cough,,vomiting,,,,,,,,,ulcers_on_tongue
GERD,"chest_pain,stomach_pain",cough,,"acidity,vomiting",,,,,,,,,
GERD,"chest_pain,stomach_pain",cough,,acidity,,,,,,,,,ulcers_on_tongue
Chronic cholestasis,abdominal_pain,,,"nausea,vomiting",,"itching,yellowish_skin",,yellowing_of_eyes,loss_of_appetite,,,,
Chronic cholestasis,abdominal_pain,,,"nausea,vomiting",,yellowish_skin,,yellowing_of_eyes,loss_of_appetite,,,,
Chronic cholestasis,abdominal_pain,,,nausea,,"itching,yellowish_skin",,yellowing_of_eyes,loss_of_appetite,,,,
Chronic cholestasis,abdominal_pain,,,"nausea,vomiting",,itching,,yellowing_of_eyes,loss_of_appetite,,,,
Chronic cholestasis,abdominal_pain,,,vomiting,,"itching,yellowish_skin",,yellowing_of_eyes,loss_of_appetite,,,,
Chronic cholestasis,abdominal_pain,,,"nausea,vomiting",,"itching,yellowish_skin",,yellowing_of_eyes,,,,,
Chronic cholestasis,,,,"nausea,vomiting",,"itching,yellowish_skin",,yellowing_of_eyes,loss_of_appetite,,,,
Chronic cholestasis,abdominal_pain,,,"nausea,vomiting",,"itching,yellowish_skin",,,loss_of_appetite,,,,
Chronic cholestasis,abdominal_pain,,,"nausea,vomiting",,"itching,yellowish_skin",,yellowing_of_eyes,loss_of_appetite,,,,
Chronic cholestasis,abdominal_pain,,,"nausea,vomiting",,"itching,yellowish_skin",,yellowing_of_eyes,loss_of_appetite,,,,
Drug Reaction,stomach_pain,,,,"burning_micturition,spotting__urination","itching,skin_rash",,,,,,,
Drug Reaction,stomach_pain,,,,"burning_micturition,spotting__urination",itching,,,,,,,
Drug Reaction,,,,,"burning_micturition,spotting__urination","itching,skin_rash",,,,,,,
Drug Reaction,stomach_pain,,,,spotting__urination,"itching,skin_rash",,,,,,,
Drug Reaction,stomach_pain,,,,burning_micturition,"itching,skin_rash",,,,,,,
Drug Reaction,stomach_pain,,,,"burning_micturition,spotting__urination",skin_rash,,,,,,,
Drug Reaction,stomach_pain,,,,"burning_micturition,spotting__urination",itching,,,,,,,
Drug Reaction,,,,,"burning_micturition,spotting__urination","itching,skin_rash",,,,,,,
Drug Reaction,stomach_pain,,,,spotting__urination,"itching,skin_rash",,,,,,,
Drug Reaction,stomach_pain,,,,burning_micturition,"itching,skin_rash",,,,,,,
Peptic ulcer diseae,abdominal_pain,,,"passage_of_gases,vomiting",,internal_itching,,,loss_of_appetite,,,,
Peptic ulcer diseae,abdominal_pain,,,"indigestion,passage_of_gases,vomiting",,internal_itching,,,,,,,
Peptic ulcer diseae,abdominal_pain,,,"indigestion,passage_of_gases",,internal_itching,,,loss_of_appetite,,,,
Peptic ulcer diseae,abdominal_pain,,,"passage_of_gases,vomiting",,internal_itching,,,loss_of_appetite,,,,
Peptic ulcer diseae,abdominal_pain,,,"indigestion,passage_of_gases,vomiting",,internal_itching,,,,,,,
Peptic ulcer diseae,,,,"indigestion,passage_of_gases,vomiting",,internal_itching,,,loss_of_appetite,,,,
Peptic ulcer diseae,abdominal_pain,,,"indigestion,vomiting",,internal_itching,,,loss_of_appetite,,,,
Peptic ulcer diseae,abdominal_pain,,,"indigestion,passage_of_gases,vomiting",,,,,loss_of_appetite,,,,
Peptic ulcer diseae,abdominal_pain,,,"indigestion,passage_of_gases,vomiting",,internal_itching,,,loss_of_appetite,,,,
Peptic ulcer diseae,abdominal_pain,,,"indigestion,passage_of_gases,vomiting",,internal_itching,,,loss_of_appetite,,,,
AIDS,,patches_in_throat,high_fever,,,,,,,,muscle_wasting,,extra_marital_contacts
AIDS,,patches_in_throat,high_fever,,,,,,,,,,extra_marital_contacts
AIDS,,,high_fever,,,,,,,,muscle_wasting,,extra_marital_contacts
AIDS,,patches_in_throat,,,,,,,,,muscle_wasting,,extra_marital_contacts
AIDS,,patches_in_throat,high_fever,,,,,,,,muscle_wasting,,
AIDS,,patches_in_throat,high_fever,,,,,,,,muscle_wasting,,extra_marital_contacts
AIDS,,patches_in_throat,high_fever,,,,,,,,muscle_wasting,,extra_marital_contacts
AIDS,,patches_in_throat,high_fever,,,,,,,,,,extra_marital_contacts
AIDS,,,high_fever,,,,,,,,muscle_wasting,,extra_marital_contacts
AIDS,,patches_in_throat,high_fever,,,,,,,,muscle_wasting,,
Diabetes ,,,,,polyuria,,,blurred_and_distorted_vision,"excessive_hunger,fatigue,increased_appetite,lethargy",restlessness,,"obesity,weight_loss",irregular_sugar_level
Diabetes ,,,,,polyuria,,,blurred_and_distorted_vision,"excessive_hunger,fatigue,increased_appetite,lethargy",restlessness,,"obesity,weight_loss",irregular_sugar_level
Diabetes ,,,,,polyuria,,,blurred_and_distorted_vision,"excessive_hunger,increased_appetite,lethargy",restlessness,,"obesity,weight_loss",irregular_sugar_level
Diabetes ,,,,,polyuria,,,blurred_and_distorted_vision,"excessive_hunger,fatigue,increased_appetite,lethargy",restlessness,,obesity,irregular_sugar_level
Diabetes ,,,,,polyuria,,,blurred_and_distorted_vision,"excessive_hunger,fatigue,increased_appetite,lethargy",,,"obesity,weight_loss",irregular_sugar_level
Diabetes ,,,,,polyuria,,,blurred_and_distorted_vision,"excessive_hunger,fatigue,increased_appetite",restlessness,,"obesity,weight_loss",irregular_sugar_level
Diabetes ,,,,,polyuria,,,blurred_and_distorted_vision,"excessive_hunger,fatigue,increased_appetite,lethargy",restlessness,,"obesity,weight_loss",
Diabetes ,,,,,polyuria,,,,"excessive_hunger,fatigue,increased_appetite,lethargy",restlessness,,"obesity,weight_loss",irregular_sugar_level
Diabetes ,,,,,polyuria,,,blurred_and_distorted_vision,"excessive_hunger,fatigue,increased_appetite,lethargy",restlessness,,weight_loss,irregular_sugar_level
Diabetes ,,,,,polyuria,,,blurred_and_distorted_vision,"fatigue,increased_appetite,lethargy",restlessness,,"obesity,weight_loss",irregular_sugar_level
Gastroenteritis,,,,"diarrhoea,vomiting",,,,sunken_eyes,,,,,dehydration
Gastroenteritis,,,,"diarrhoea,vomiting",,,,sunken_eyes,,,,,dehydration
Gastroenteritis,,,,diarrhoea,,,,sunken_eyes,,,,,dehydration
Gastroenteritis,,,,"diarrhoea,vomiting",,,,,,,,,dehydration
Gastroenteritis,,,,"diarrhoea,vomiting",,,,sunken_eyes,,,,,
Gastroenteritis,,,,vomiting,,,,sunken_eyes,,,,,dehydration
Gastroenteritis,,,,"diarrhoea,vomiting",,,,sunken_eyes,,,,,dehydration
Gastroenteritis,,,,diarrhoea,,,,sunken_eyes,,,,,dehydration
Gastroenteritis,,,,"diarrhoea,vomiting",,,,,,,,,dehydration
Gastroenteritis,,,,"diarrhoea,vomiting",,,,sunken_eyes,,,,,
Bronchial Asthma,,"breathlessness,cough,mucoid_sputum",high_fever,,,,,,fatigue,,,,family_history
Bronchial Asthma,,"breathlessness,cough,mucoid_sputum",high_fever,,,,,,,,,,family_history
Bronchial Asthma,,"breathlessness,mucoid_sputum",high_fever,,,,,,fatigue,,,,family_history
Bronchial Asthma,,"breathlessness,cough,mucoid_sputum",,,,,,,fatigue,,,,family_history
Bronchial Asthma,,"cough,mucoid_sputum",high_fever,,,,,,fatigue,,,,family_history
Bronchial Asthma,,"breathlessness,cough,mucoid_sputum",high_fever,,,,,,fatigue,,,,
Bronchial Asthma,,"breathlessness,cough",high_fever,,,,,,fatigue,,,,family_history
Bronchial Asthma,,"breathlessness,cough,mucoid_sputum",high_fever,,,,,,fatigue,,,,family_history
Bronchial Asthma,,"breathlessness,cough,mucoid_sputum",high_fever,,,,,,,,,,family_history
Bronchial Asthma,,"breathlessness,mucoid_sputum",high_fever,,,,,,fatigue,,,,family_history
Hypertension ,"chest_pain,headache",,,,,,"dizziness,loss_of_balance",,,lack_of_concentration,,,
Hypertension ,chest_pain,,,,,,"dizziness,loss_of_balance",,,lack_of_concentration,,,
Hypertension ,headache,,,,,,"dizziness,loss_of_balance",,,lack_of_concentration,,,
Hypertension ,"chest_pain,headache",,,,,,loss_of_balance,,,lack_of_concentration,,,
Hypertension ,"chest_pain,headache",,,,,,dizziness,,,lack_of_concentration,,,
Hypertension ,"chest_pain,headache",,,,,,"dizziness,loss_of_balance",,,,,,
Hypertension ,"chest_pain,headache",,,,,,"dizziness,loss_of_balance",,,lack_of_concentration,,,
Hypertension ,chest_pain,,,,,,"dizziness,loss_of_balance",,,lack_of_concentration,,,
Hypertension ,headache,,,,,,"dizziness,loss_of_balance",,,lack_of_concentration,,,
Hypertension ,"chest_pain,headache",,,,,,loss_of_balance,,,lack_of_concentration,,,
Migraine,headache,,,"acidity,indigestion",,,,blurred_and_distorted_vision,excessive_hunger,"depression,irritability",stiff_neck,,visual_disturbances
Migraine,headache,,,indigestion,,,,blurred_and_distorted_vision,excessive_hunger,"depression,irritability",stiff_neck,,visual_disturbances
Migraine,headache,,,acidity,,,,blurred_and_distorted_vision,excessive_hunger,"depression,irritability",stiff_neck,,visual_disturbances
Migraine,,,,"acidity,indigestion",,,,blurred_and_distorted_vision,excessive_hunger,"depression,irritability",stiff_neck,,visual_disturbances
Migraine,headache,,,"acidity,indigestion",,,,,excessive_hunger,"depression,irritability",stiff_neck,,visual_disturbances
Migraine,headache,,,"acidity,indigestion",,,,blurred_and_distorted_vision,,"depression,irritability",stiff_neck,,visual_disturbances
Migraine,headache,,,"acidity,indigestion",,,,blurred_and_distorted_vision,excessive_hunger,"depression,irritability",,,visual_disturbances
Migraine,headache,,,"acidity,indigestion",,,,blurred_and_distorted_vision,excessive_hunger,irritability,stiff_neck,,visual_disturbances
Migraine,headache,,,"acidity,indigestion",,,,blurred_and_distorted_vision,excessive_hunger,depression,stiff_neck,,visual_disturbances
Migraine,headache,,,"acidity,indigestion",,,,blurred_and_distorted_vision,excessive_hunger,"depression,irritability",stiff_neck,,
Cervical spondylosis,"back_pain,neck_pain",,,,,,"dizziness,loss_of_balance,weakness_in_limbs",,,,,,
Cervical spondylosis,"back_pain,neck_pain",,,,,,"dizziness,loss_of_balance,weakness_in_limbs",,,,,,
Cervical spondylosis,neck_pain,,,,,,"dizziness,loss_of_balance,weakness_in_limbs",,,,,,
Cervical spondylosis,"back_pain,neck_pain",,,,,,"dizziness,loss_of_balance",,,,,,
Cervical spondylosis,back_pain,,,,,,"dizziness,loss_of_balance,weakness_in_limbs",,,,,,
Cervical spondylosis,"back_pain,neck_pain",,,,,,"loss_of_balance,weakness_in_limbs",,,,,,
Cervical spondylosis,"back_pain,neck_pain",,,,,,"dizziness,weakness_in_limbs",,,,,,
Cervical spondylosis,"back_pain,neck_pain",,,,,,"dizziness,loss_of_balance,weakness_in_limbs",,,,,,
Cervical spondylosis,neck_pain,,,,,,"dizziness,loss_of_balance,weakness_in_limbs",,,,,,
Cervical spondylosis,"back_pain,neck_pain",,,,,,"dizziness,loss_of_balance",,,,,,
Paralysis (brain hemorrhage),headache,,,vomiting,,,"altered_sensorium,weakness_of_one_body_side",,,,,,
Paralysis (brain hemorrhage),headache,,,vomiting,,,"altered_sensorium,weakness_of_one_body_side",,,,,,
Paralysis (brain hemorrhage),headache,,,,,,"altered_sensorium,weakness_of_one_body_side",,,,,,
Paralysis (brain hemorrhage),,,,vomiting,,,"altered_sensorium,weakness_of_one_body_side",,,,,,
Paralysis (brain hemorrhage),headache,,,vomiting,,,altered_sensorium,,,,,,
Paralysis (brain hemorrhage),headache,,,vomiting,,,weakness_of_one_body_side,,,,,,
Paralysis (brain hemorrhage),headache,,,vomiting,,,"altered_sensorium,weakness_of_one_body_side",,,,,,
Paralysis (brain hemorrhage),headache,,,,,,"altered_sensorium,weakness_of_one_body_side",,,,,,
Paralysis (brain hemorrhage),,,,vomiting,,,"altered_sensorium,weakness_of_one_body_side",,,,,,
Paralysis (brain hemorrhage),headache,,,vomiting,,,altered_sensorium,,,,,,
Jaundice,abdominal_pain,,high_fever,vomiting,dark_urine,"itching,yellowish_skin",,,fatigue,,,weight_loss,
Jaundice,abdominal_pain,,high_fever,vomiting,dark_urine,"itching,yellowish_skin",,,fatigue,,,weight_loss,
Jaundice,abdominal_pain,,high_fever,vomiting,dark_urine,yellowish_skin,,,fatigue,,,weight_loss,
Jaundice,abdominal_pain,,high_fever,,dark_urine,"itching,yellowish_skin",,,fatigue,,,weight_loss,
Jaundice,abdominal_pain,,high_fever,vomiting,dark_urine,"itching,yellowish_skin",,,,,,weight_loss,
Jaundice,abdominal_pain,,high_fever,vomiting,dark_urine,"itching,yellowish_skin",,,fatigue,,,,
Jaundice,abdominal_pain,,,vomiting,dark_urine,"itching,yellowish_skin",,,fatigue,,,weight_loss,
Jaundice,abdominal_pain,,high_fever,vomiting,dark_urine,itching,,,fatigue,,,weight_loss,
Jaundice,abdominal_pain,,high_fever,vomiting,,"itching,yellowish_skin",,,fatigue,,,weight_loss,
Jaundice,,,high_fever,vomiting,dark_urine,"itching,yellowish_skin",,,fatigue,,,weight_loss,
Malaria,"headache,muscle_pain",,"chills,high_fever,sweating","nausea,vomiting",,,,,,,,,
Malaria,"headache,muscle_pain",,"chills,high_fever,sweating","diarrhoea,nausea,vomiting",,,,,,,,,
Malaria,"headache,muscle_pain",,"chills,high_fever,sweating","diarrhoea,nausea,vomiting",,,,,,,,,
Malaria,"headache,muscle_pain",,"high_fever,sweating","diarrhoea,nausea,vomiting",,,,,,,,,
Malaria,"headache,muscle_pain",,"chills,high_fever,sweating","diarrhoea,nausea",,,,,,,,,
Malaria,"headache,muscle_pain",,"chills,sweating","diarrhoea,nausea,vomiting",,,,,,,,,
Malaria,"headache,muscle_pain",,"chills,high_fever","diarrhoea,nausea,vomiting",,,,,,,,,
Malaria,muscle_pain,,"chills,high_fever,sweating","diarrhoea,nausea,vomiting",,,,,,,,,
Malaria,"headache,muscle_pain",,"chills,high_fever,sweating","diarrhoea,vomiting",,,,,,,,,
Malaria,"headache,muscle_pain",,"chills,high_fever,sweating","nausea,vomiting",,,,,,,,,
Chicken pox,headache,,"high_fever,mild_fever",,,"itching,skin_rash",,,"fatigue,lethargy,loss_of_appetite,malaise",,,,"red_spots_over_body,swelled_lymph_nodes"
Chicken pox,headache,,"high_fever,mild_fever",,,skin_rash,,,"fatigue,lethargy,loss_of_appetite,malaise",,,,"red_spots_over_body,swelled_lymph_nodes"
Chicken pox,headache,,"high_fever,mild_fever",,,itching,,,"fatigue,lethargy,loss_of_appetite,malaise",,,,"red_spots_over_body,swelled_lymph_nodes"
Chicken pox,headache,,"high_fever,mild_fever",,,"itching,skin_rash",,,"lethargy,loss_of_appetite,malaise",,,,"red_spots_over_body,swelled_lymph_nodes"
Chicken pox,headache,,"high_fever,mild_fever",,,"itching,skin_rash",,,"fatigue,loss_of_appetite,malaise",,,,"red_spots_over_body,swelled_lymph_nodes"
Chicken pox,headache,,mild_fever,,,"itching,skin_rash",,,"fatigue,lethargy,loss_of_appetite,malaise",,,,"red_spots_over_body,swelled_lymph_nodes"
Chicken pox,,,"high_fever,mild_fever",,,"itching,skin_rash",,,"fatigue,lethargy,loss_of_appetite,malaise",,,,"red_spots_over_body,swelled_lymph_nodes"
Chicken pox,headache,,"high_fever,mild_fever",,,"itching,skin_rash",,,"fatigue,lethargy,malaise",,,,"red_spots_over_body,swelled_lymph_nodes"
Chicken pox,headache,,high_fever,,,"itching,skin_rash",,,"fatigue,lethargy,loss_of_appetite,malaise",,,,"red_spots_over_body,swelled_lymph_nodes"
Chicken pox,headache,,"high_fever,mild_fever",,,"itching,skin_rash",,,"fatigue,lethargy,loss_of_appetite,malaise",,,,red_spots_over_body
Dengue,"back_pain,headache,joint_pain,muscle_pain,pain_behind_the_eyes",,"chills,high_fever","nausea,vomiting",,skin_rash,,,"fatigue,loss_of_appetite",,,,red_spots_over_body
Dengue,"back_pain,headache,joint_pain,pain_behind_the_eyes",,"chills,high_fever","nausea,vomiting",,skin_rash,,,"fatigue,loss_of_appetite,malaise",,,,red_spots_over_body
Dengue,"back_pain,headache,joint_pain,muscle_pain,pain_behind_the_eyes",,"chills,high_fever","nausea,vomiting",,skin_rash,,,"fatigue,loss_of_appetite,malaise",,,,
Dengue,"back_pain,headache,joint_pain,muscle_pain,pain_behind_the_eyes",,"chills,high_fever","nausea,vomiting",,skin_rash,,,"fatigue,loss_of_appetite,malaise",,,,red_spots_over_body
Dengue,"back_pain,headache,joint_pain,muscle_pain,pain_behind_the_eyes",,"chills,high_fever","nausea,vomiting",,,,,"fatigue,loss_of_appetite,malaise",,,,red_spots_over_body
Dengue,"back_pain,headache,joint_pain,muscle_pain,pain_behind_the_eyes",,high_fever,"nausea,vomiting",,skin_rash,,,"fatigue,loss_of_appetite,malaise",,,,red_spots_over_body
Dengue,"back_pain,headache,muscle_pain,pain_behind_the_eyes",,"chills,high_fever","nausea,vomiting",,skin_rash,,,"fatigue,loss_of_appetite,malaise",,,,red_spots_over_body
Dengue,"back_pain,headache,joint_pain,muscle_pain,pain_behind_the_eyes",,"chills,high_fever",nausea,,skin_rash,,,"fatigue,loss_of_appetite,malaise",,,,red_spots_over_body
Dengue,"back_pain,headache,joint_pain,muscle_pain,pain_behind_the_eyes",,"chills,high_fever","nausea,vomiting",,skin_rash,,,"loss_of_appetite,malaise",,,,red_spots_over_body
Dengue,"back_pain,headache,joint_pain,muscle_pain,pain_behind_the_eyes",,chills,"nausea,vomiting",,skin_rash,,,"fatigue,loss_of_appetite,malaise",,,,red_spots_over_body
Typhoid,"abdominal_pain,belly_pain",,"chills,high_fever","constipation,diarrhoea,nausea,vomiting",,,,,fatigue,,,,toxic_look_(typhos)
Typhoid,"abdominal_pain,belly_pain,headache",,"chills,high_fever","constipation,diarrhoea,vomiting",,,,,fatigue,,,,toxic_look_(typhos)
Typhoid,"abdominal_pain,belly_pain,headache",,"chills,high_fever","diarrhoea,nausea,vomiting",,,,,fatigue,,,,toxic_look_(typhos)
Typhoid,"belly_pain,headache",,"chills,high_fever","constipation,diarrhoea,nausea,vomiting",,,,,fatigue,,,,toxic_look_(typhos)
Typhoid,"abdominal_pain,belly_pain,headache",,"chills,high_fever","constipation,nausea,vomiting",,,,,fatigue,,,,toxic_look_(typhos)
Typhoid,"abdominal_pain,belly_pain,headache",,"chills,high_fever","constipation,diarrhoea,nausea,vomiting",,,,,fatigue,,,,
Typhoid,"abdominal_pain,headache",,"chills,high_fever","constipation,diarrhoea,nausea,vomiting",,,,,fatigue,,,,toxic_look_(typhos)
Typhoid,"abdominal_pain,belly_pain,headache",,"chills,high_fever","constipation,diarrhoea,nausea,vomiting",,,,,fatigue,,,,toxic_look_(typhos)
Typhoid,"abdominal_pain,belly_pain,headache",,"chills,high_fever","constipation,diarrhoea,nausea,vomiting",,,,,fatigue,,,,toxic_look_(typhos)
Typhoid,"abdominal_pain,belly_pain,headache",,"chills,high_fever","constipation,diarrhoea,nausea",,,,,fatigue,,,,toxic_look_(typhos)
hepatitis A,"abdominal_pain,joint_pain,muscle_pain",,mild_fever,"diarrhoea,nausea,vomiting",dark_urine,yellowish_skin,,yellowing_of_eyes,loss_of_appetite,,,,
hepatitis A,"abdominal_pain,joint_pain,muscle_pain",,mild_fever,"diarrhoea,nausea,vomiting",dark_urine,yellowish_skin,,yellowing_of_eyes,loss_of_appetite,,,,
hepatitis A,"abdominal_pain,muscle_pain",,mild_fever,"diarrhoea,nausea,vomiting",dark_urine,yellowish_skin,,yellowing_of_eyes,loss_of_appetite,,,,
hepatitis A,"abdominal_pain,joint_pain,muscle_pain",,mild_fever,"diarrhoea,nausea",dark_urine,yellowish_skin,,yellowing_of_eyes,loss_of_appetite,,,,
hepatitis A,"abdominal_pain,joint_pain,muscle_pain",,mild_fever,"diarrhoea,nausea,vomiting",dark_urine,,,yellowing_of_eyes,loss_of_appetite,,,,
hepatitis A,"abdominal_pain,joint_pain,muscle_pain",,mild_fever,"diarrhoea,nausea,vomiting",,yellowish_skin,,yellowing_of_eyes,loss_of_appetite,,,,
hepatitis A,"abdominal_pain,joint_pain,muscle_pain",,mild_fever,"diarrhoea,vomiting",dark_urine,yellowish_skin,,yellowing_of_eyes,loss_of_appetite,,,,
hepatitis A,"abdominal_pain,joint_pain,muscle_pain",,mild_fever,"diarrhoea,nausea,vomiting",dark_urine,yellowish_skin,,yellowing_of_eyes,,,,,
hepatitis A,"joint_pain,muscle_pain",,mild_fever,"diarrhoea,nausea,vomiting",dark_urine,yellowish_skin,,yellowing_of_eyes,loss_of_appetite,,,,
hepatitis A,"abdominal_pain,joint_pain,muscle_pain",,mild_fever,"nausea,vomiting",dark_urine,yellowish_skin,,yellowing_of_eyes,loss_of_appetite,,,,
Hepatitis B,abdominal_pain,,,,"dark_urine,yellow_urine","itching,yellowish_skin",,yellowing_of_eyes,"fatigue,lethargy,loss_of_appetite,malaise",,,,"receiving_blood_transfusion,receiving_unsterile_injections"
Hepatitis B,abdominal_pain,,,,"dark_urine,yellow_urine","itching,yellowish_skin",,yellowing_of_eyes,"fatigue,lethargy,loss_of_appetite,malaise",,,,"receiving_blood_transfusion,receiving_unsterile_injections"
Hepatitis B,abdominal_pain,,,,"dark_urine,yellow_urine",yellowish_skin,,yellowing_of_eyes,"fatigue,lethargy,loss_of_appetite,malaise",,,,"receiving_blood_transfusion,receiving_unsterile_injections"
Hepatitis B,abdominal_pain,,,,"dark_urine,yellow_urine","itching,yellowish_skin",,yellowing_of_eyes,"lethargy,loss_of_appetite,malaise",,,,"receiving_blood_transfusion,receiving_unsterile_injections"
Hepatitis B,abdominal_pain,,,,"dark_urine,yellow_urine","itching,yellowish_skin",,yellowing_of_eyes,"fatigue,loss_of_appetite,malaise",,,,"receiving_blood_transfusion,receiving_unsterile_injections"
Hepatitis B,abdominal_pain,,,,"dark_urine,yellow_urine",itching,,yellowing_of_eyes,"fatigue,lethargy,loss_of_appetite,malaise",,,,"receiving_blood_transfusion,receiving_unsterile_injections"
Hepatitis B,abdominal_pain,,,,yellow_urine,"itching,yellowish_skin",,yellowing_of_eyes,"fatigue,lethargy,loss_of_appetite,malaise",,,,"receiving_blood_transfusion,receiving_unsterile_injections"
Hepatitis B,abdominal_pain,,,,"dark_urine,yellow_urine","itching,yellowish_skin",,yellowing_of_eyes,"fatigue,lethargy,malaise",,,,"receiving_blood_transfusion,receiving_unsterile_injections"
Hepatitis B,,,,,"dark_urine,yellow_urine","itching,yellowish_skin",,yellowing_of_eyes,"fatigue,lethargy,loss_of_appetite,malaise",,,,"receiving_blood_transfusion,receiving_unsterile_injections"
Hepatitis B,abdominal_pain,,,,dark_urine,"itching,yellowish_skin",,yellowing_of_eyes,"fatigue,lethargy,loss_of_appetite,malaise",,,,"receiving_blood_transfusion,receiving_unsterile_injections"
Hepatitis C,,,,nausea,,yellowish_skin,,,"fatigue,loss_of_appetite",,,,family_history
Hepatitis C,,,,nausea,,yellowish_skin,,yellowing_of_eyes,"fatigue,loss_of_appetite",,,,family_history
Hepatitis C,,,,nausea,,yellowish_skin,,yellowing_of_eyes,loss_of_appetite,,,,family_history
Hepatitis C,,,,nausea,,,,yellowing_of_eyes,"fatigue,loss_of_appetite",,,,family_history
Hepatitis C,,,,,,yellowish_skin,,yellowing_of_eyes,"fatigue,loss_of_appetite",,,,family_history
Hepatitis C,,,,nausea,,yellowish_skin,,yellowing_of_eyes,fatigue,,,,family_history
Hepatitis C,,,,nausea,,yellowish_skin,,,"fatigue,loss_of_appetite",,,,family_history
Hepatitis C,,,,nausea,,yellowish_skin,,yellowing_of_eyes,"fatigue,loss_of_appetite",,,,
Hepatitis C,,,,nausea,,yellowish_skin,,yellowing_of_eyes,"fatigue,loss_of_appetite",,,,family_history
Hepatitis C,,,,nausea,,yellowish_skin,,yellowing_of_eyes,"fatigue,loss_of_appetite",,,,family_history
Hepatitis D,"abdominal_pain,joint_pain",,,"nausea,vomiting",dark_urine,yellowish_skin,,yellowing_of_eyes,"fatigue,loss_of_appetite",,,,
Hepatitis D,abdominal_pain,,,"nausea,vomiting",dark_urine,yellowish_skin,,yellowing_of_eyes,"fatigue,loss_of_appetite",,,,
Hepatitis D,"abdominal_pain,joint_pain",,,nausea,dark_urine,yellowish_skin,,yellowing_of_eyes,"fatigue,loss_of_appetite",,,,
Hepatitis D,"abdominal_pain,joint_pain",,,"nausea,vomiting",dark_urine,yellowish_skin,,yellowing_of_eyes,loss_of_appetite,,,,
Hepatitis D,"abdominal_pain,joint_pain",,,"nausea,vomiting",dark_urine,,,yellowing_of_eyes,"fatigue,loss_of_appetite",,,,
Hepatitis D,"abdominal_pain,joint_pain",,,"nausea,vomiting",,yellowish_skin,,yellowing_of_eyes,"fatigue,loss_of_appetite",,,,
Hepatitis D,"abdominal_pain,joint_pain",,,vomiting,dark_urine,yellowish_skin,,yellowing_of_eyes,"fatigue,loss_of_appetite",,,,
Hepatitis D,"abdominal_pain,joint_pain",,,"nausea,vomiting",dark_urine,yellowish_skin,,yellowing_of_eyes,fatigue,,,,
Hepatitis D,joint_pain,,,"nausea,vomiting",dark_urine,yellowish_skin,,yellowing_of_eyes,"fatigue,loss_of_appetite",,,,
Hepatitis D,"abdominal_pain,joint_pain",,,"nausea,vomiting",dark_urine,yellowish_skin,,,"fatigue,loss_of_appetite",,,,
Hepatitis E,"abdominal_pain,joint_pain",,high_fever,"nausea,stomach_bleeding,vomiting",dark_urine,yellowish_skin,coma,yellowing_of_eyes,"fatigue,loss_of_appetite",,,,
Hepatitis E,"abdominal_pain,joint_pain",,high_fever,"nausea,stomach_bleeding,vomiting",dark_urine,yellowish_skin,coma,yellowing_of_eyes,"fatigue,loss_of_appetite",,,,acute_liver_failure
Hepatitis E,"abdominal_pain,joint_pain",,high_fever,"nausea,stomach_bleeding,vomiting",dark_urine,yellowish_skin,coma,yellowing_of_eyes,"fatigue,loss_of_appetite",,,,acute_liver_failure
Hepatitis E,abdominal_pain,,high_fever,"nausea,stomach_bleeding,vomiting",dark_urine,yellowish_skin,coma,yellowing_of_eyes,"fatigue,loss_of_appetite",,,,acute_liver_failure
Hepatitis E,"abdominal_pain,joint_pain",,high_fever,"nausea,stomach_bleeding",dark_urine,yellowish_skin,coma,yellowing_of_eyes,"fatigue,loss_of_appetite",,,,acute_liver_failure
Hepatitis E,"abdominal_pain,joint_pain",,high_fever,"nausea,stomach_bleeding,vomiting",dark_urine,yellowish_skin,coma,yellowing_of_eyes,loss_of_appetite,,,,acute_liver_failure
Hepatitis E,"abdominal_pain,joint_pain",,,"nausea,stomach_bleeding,vomiting",dark_urine,yellowish_skin,coma,yellowing_of_eyes,"fatigue,loss_of_appetite",,,,acute_liver_failure
Hepatitis E,"abdominal_pain,joint_pain",,high_fever,"nausea,stomach_bleeding,vomiting",dark_urine,,coma,yellowing_of_eyes,"fatigue,loss_of_appetite",,,,acute_liver_failure
Hepatitis E,"abdominal_pain,joint_pain",,high_fever,"nausea,stomach_bleeding,vomiting",,yellowish_skin,coma,yellowing_of_eyes,"fatigue,loss_of_appetite",,,,acute_liver_failure
Hepatitis E,"abdominal_pain,joint_pain",,high_fever,"stomach_bleeding,vomiting",dark_urine,yellowish_skin,coma,yellowing_of_eyes,"fatigue,loss_of_appetite",,,,acute_liver_failure
Alcoholic hepatitis,abdominal_pain,,,"swelling_of_stomach,vomiting",,yellowish_skin,,,,,,,"distention_of_abdomen,fluid_overload,history_of_alcohol_consumption"
Alcoholic hepatitis,abdominal_pain,,,"swelling_of_stomach,vomiting",,yellowish_skin,,,,,,,"distention_of_abdomen,fluid_overload,history_of_alcohol_consumption"
Alcoholic hepatitis,abdominal_pain,,,swelling_of_stomach,,yellowish_skin,,,,,,,"distention_of_abdomen,fluid_overload,history_of_alcohol_consumption"
Alcoholic hepatitis,abdominal_pain,,,"swelling_of_stomach,vomiting",,,,,,,,,"distention_of_abdomen,fluid_overload,history_of_alcohol_consumption"
Alcoholic hepatitis,,,,"swelling_of_stomach,vomiting",,yellowish_skin,,,,,,,"distention_of_abdomen,fluid_overload,history_of_alcohol_consumption"
Alcoholic hepatitis,abdominal_pain,,,vomiting,,yellowish_skin,,,,,,,"distention_of_abdomen,fluid_overload,history_of_alcohol_consumption"
Alcoholic hepatitis,abdominal_pain,,,"swelling_of_stomach,vomiting",,yellowish_skin,,,,,,,"fluid_overload,history_of_alcohol_consumption"
Alcoholic hepatitis,abdominal_pain,,,"swelling_of_stomach,vomiting",,yellowish_skin,,,,,,,"distention_of_abdomen,fluid_overload"
Alcoholic hepatitis,abdominal_pain,,,"swelling_of_stomach,vomiting",,yellowish_skin,,,,,,,"distention_of_abdomen,history_of_alcohol_consumption"
Alcoholic hepatitis,abdominal_pain,,,"swelling_of_stomach,vomiting",,yellowish_skin,,,,,,,"distention_of_abdomen,fluid_overload,history_of_alcohol_consumption"
Tuberculosis,chest_pain,"blood_in_sputum,breathlessness,cough,phlegm","chills,high_fever,mild_fever,sweating",vomiting,,,,yellowing_of_eyes,"fatigue,loss_of_appetite,malaise",,,weight_loss,swelled_lymph_nodes
Tuberculosis,chest_pain,"blood_in_sputum,breathlessness,cough,phlegm","chills,high_fever,mild_fever,sweating",vomiting,,,,yellowing_of_eyes,"fatigue,loss_of_appetite,malaise",,,weight_loss,swelled_lymph_nodes
Tuberculosis,chest_pain,"blood_in_sputum,breathlessness,cough,phlegm","high_fever,mild_fever,sweating",vomiting,,,,yellowing_of_eyes,"fatigue,loss_of_appetite,malaise",,,weight_loss,swelled_lymph_nodes
Tuberculosis,chest_pain,"blood_in_sputum,breathlessness,cough,phlegm","chills,high_fever,mild_fever,sweating",,,,,yellowing_of_eyes,"fatigue,loss_of_appetite,malaise",,,weight_loss,swelled_lymph_nodes
Tuberculosis,chest_pain,"blood_in_sputum,breathlessness,cough,phlegm","chills,high_fever,mild_fever,sweating",vomiting,,,,yellowing_of_eyes,"loss_of_appetite,malaise",,,weight_loss,swelled_lymph_nodes
Tuberculosis,chest_pain,"blood_in_sputum,breathlessness,cough,phlegm","chills,high_fever,mild_fever,sweating",vomiting,,,,yellowing_of_eyes,"fatigue,loss_of_appetite,malaise",,,,swelled_lymph_nodes
Tuberculosis,chest_pain,"blood_in_sputum,breathlessness,phlegm","chills,high_fever,mild_fever,sweating",vomiting,,,,yellowing_of_eyes,"fatigue,loss_of_appetite,malaise",,,weight_loss,swelled_lymph_nodes
Tuberculosis,chest_pain,"blood_in_sputum,breathlessness,cough,phlegm","chills,mild_fever,sweating",vomiting,,,,yellowing_of_eyes,"fatigue,loss_of_appetite,malaise",,,weight_loss,swelled_lymph_nodes
Tuberculosis,chest_pain,"blood_in_sputum,cough,phlegm","chills,high_fever,mild_fever,sweating",vomiting,,,,yellowing_of_eyes,"fatigue,loss_of_appetite,malaise",,,weight_loss,swelled_lymph_nodes
Tuberculosis,chest_pain,"blood_in_sputum,breathlessness,cough,phlegm","chills,high_fever,mild_fever",vomiting,,,,yellowing_of_eyes,"fatigue,loss_of_appetite,malaise",,,weight_loss,swelled_lymph_nodes
Common Cold,"chest_pain,headache,muscle_pain","congestion,continuous_sneezing,cough,phlegm,runny_nose,throat_irritation","chills,high_fever",,,redness_of_eyes,,,"fatigue,malaise",,,,"loss_of_smell,sinus_pressure,swelled_lymph_nodes"
Common Cold,"chest_pain,headache,muscle_pain","congestion,continuous_sneezing,cough,phlegm,runny_nose,throat_irritation","chills,high_fever",,,redness_of_eyes,,,"fatigue,malaise",,,,"loss_of_smell,sinus_pressure,swelled_lymph_nodes"
Common Cold,"chest_pain,headache,muscle_pain","congestion,cough,phlegm,runny_nose,throat_irritation","chills,high_fever",,,redness_of_eyes,,,"fatigue,malaise",,,,"loss_of_smell,sinus_pressure,swelled_lymph_nodes"
Common Cold,"chest_pain,headache,muscle_pain","congestion,continuous_sneezing,cough,phlegm,runny_nose,throat_irritation",high_fever,,,redness_of_eyes,,,"fatigue,malaise",,,,"loss_of_smell,sinus_pressure,swelled_lymph_nodes"
Common Cold,"chest_pain,headache,muscle_pain","congestion,continuous_sneezing,cough,phlegm,runny_nose,throat_irritation","chills,high_fever",,,redness_of_eyes,,,malaise,,,,"loss_of_smell,sinus_pressure,swelled_lymph_nodes"
Common Cold,"chest_pain,headache,muscle_pain","congestion,continuous_sneezing,phlegm,runny_nose,throat_irritation","chills,high_fever",,,redness_of_eyes,,,"fatigue,malaise",,,,"loss_of_smell,sinus_pressure,swelled_lymph_nodes"
Common Cold,"chest_pain,headache,muscle_pain","congestion,continuous_sneezing,cough,phlegm,runny_nose,throat_irritation",chills,,,redness_of_eyes,,,"fatigue,malaise",,,,"loss_of_smell,sinus_pressure,swelled_lymph_nodes"
Common Cold,"chest_pain,muscle_pain","congestion,continuous_sneezing,cough,phlegm,runny_nose,throat_irritation","chills,high_fever",,,redness_of_eyes,,,"fatigue,malaise",,,,"loss_of_smell,sinus_pressure,swelled_lymph_nodes"
Common Cold,"chest_pain,headache,muscle_pain","congestion,continuous_sneezing,cough,phlegm,runny_nose,throat_irritation","chills,high_fever",,,redness_of_eyes,,,"fatigue,malaise",,,,"loss_of_smell,sinus_pressure"
Common Cold,"chest_pain,headache,muscle_pain","congestion,continuous_sneezing,cough,phlegm,runny_nose,throat_irritation","chills,high_fever",,,redness_of_eyes,,,fatigue,,,,"loss_of_smell,sinus_pressure,swelled_lymph_nodes"
Pneumonia,chest_pain,"breathlessness,cough,rusty_sputum","chills,high_fever,sweating",,,,,,"fatigue,malaise",,,,fast_heart_rate
Pneumonia,chest_pain,"breathlessness,cough,phlegm,rusty_sputum","chills,high_fever,sweating",,,,,,"fatigue,malaise",,,,fast_heart_rate
Pneumonia,chest_pain,"breathlessness,cough,phlegm,rusty_sputum","chills,high_fever,sweating",,,,,,"fatigue,malaise",,,,fast_heart_rate
Pneumonia,chest_pain,"breathlessness,cough,phlegm,rusty_sputum","high_fever,sweating",,,,,,"fatigue,malaise",,,,fast_heart_rate
Pneumonia,chest_pain,"breathlessness,cough,phlegm,rusty_sputum","chills,high_fever,sweating",,,,,,malaise,,,,fast_heart_rate
Pneumonia,chest_pain,"breathlessness,phlegm,rusty_sputum","chills,high_fever,sweating",,,,,,"fatigue,malaise",,,,fast_heart_rate
Pneumonia,chest_pain,"breathlessness,cough,phlegm,rusty_sputum","chills,sweating",,,,,,"fatigue,malaise",,,,fast_heart_rate
Pneumonia,chest_pain,"cough,phlegm,rusty_sputum","chills,high_fever,sweating",,,,,,"fatigue,malaise",,,,fast_heart_rate
Pneumonia,chest_pain,"breathlessness,cough,phlegm,rusty_sputum","chills,high_fever",,,,,,"fatigue,malaise",,,,fast_heart_rate
Pneumonia,chest_pain,"breathlessness,cough,phlegm,rusty_sputum","chills,high_fever,sweating",,,,,,fatigue,,,,fast_heart_rate
Dimorphic hemmorhoids(piles),"pain_during_bowel_movements,pain_in_anal_region",,,constipation,,,,,,,,,"bloody_stool,irritation_in_anus"
Dimorphic hemmorhoids(piles),"pain_during_bowel_movements,pain_in_anal_region",,,constipation,,,,,,,,,"bloody_stool,irritation_in_anus"
Dimorphic hemmorhoids(piles),"pain_during_bowel_movements,pain_in_anal_region",,,constipation,,,,,,,,,"bloody_stool,irritation_in_anus"
Dimorphic hemmorhoids(piles),"pain_during_bowel_movements,pain_in_anal_region",,,,,,,,,,,,"bloody_stool,irritation_in_anus"
Dimorphic hemmorhoids(piles),pain_in_anal_region,,,constipation,,,,,,,,,"bloody_stool,irritation_in_anus"
Dimorphic hemmorhoids(piles),pain_during_bowel_movements,,,constipation,,,,,,,,,"bloody_stool,irritation_in_anus"
Dimorphic hemmorhoids(piles),"pain_during_bowel_movements,pain_in_anal_region",,,constipation,,,,,,,,,irritation_in_anus
Dimorphic hemmorhoids(piles),"pain_during_bowel_movements,pain_in_anal_region",,,constipation,,,,,,,,,bloody_stool
Dimorphic hemmorhoids(piles),"pain_during_bowel_movements,pain_in_anal_region",,,constipation,,,,,,,,,"bloody_stool,irritation_in_anus"
Dimorphic hemmorhoids(piles),"pain_during_bowel_movements,pain_in_anal_region",,,constipation,,,,,,,,,"bloody_stool,irritation_in_anus"
Heart attack,chest_pain,breathlessness,sweating,vomiting,,,,,,,,,
Heart attack,chest_pain,breathlessness,sweating,vomiting,,,,,,,,,
Heart attack,chest_pain,breathlessness,sweating,,,,,,,,,,
Heart attack,chest_pain,,sweating,vomiting,,,,,,,,,
Heart attack,chest_pain,breathlessness,,vomiting,,,,,,,,,
Heart attack,,breathlessness,sweating,vomiting,,,,,,,,,
Heart attack,chest_pain,breathlessness,sweating,vomiting,,,,,,,,,
Heart attack,chest_pain,breathlessness,sweating,,,,,,,,,,
Heart attack,chest_pain,,sweating,vomiting,,,,,,,,,
Heart attack,chest_pain,breathlessness,,vomiting,,,,,,,,,
Varicose veins,cramps,,,,,,,,fatigue,,,obesity,"bruising,prominent_veins_on_calf,swollen_blood_vessels,swollen_legs"
Varicose veins,cramps,,,,,,,,fatigue,,,obesity,"bruising,prominent_veins_on_calf,swollen_blood_vessels,swollen_legs"
Varicose veins,cramps,,,,,,,,,,,obesity,"bruising,prominent_veins_on_calf,swollen_blood_vessels,swollen_legs"
Varicose veins,,,,,,,,,fatigue,,,obesity,"bruising,prominent_veins_on_calf,swollen_blood_vessels,swollen_legs"
Varicose veins,cramps,,,,,,,,fatigue,,,obesity,"prominent_veins_on_calf,swollen_blood_vessels,swollen_legs"
Varicose veins,cramps,,,,,,,,fatigue,,,,"bruising,prominent_veins_on_calf,swollen_blood_vessels,swollen_legs"
Varicose veins,cramps,,,,,,,,fatigue,,,obesity,"bruising,prominent_veins_on_calf,swollen_blood_vessels"
Varicose veins,cramps,,,,,,,,fatigue,,,obesity,"bruising,prominent_veins_on_calf,swollen_legs"
Varicose veins,cramps,,,,,,,,fatigue,,,obesity,"bruising,swollen_blood_vessels,swollen_legs"
Varicose veins,cramps,,,,,,,,fatigue,,,obesity,"bruising,prominent_veins_on_calf,swollen_legs"
Hypothyroidism,,,,,,,dizziness,puffy_face_and_eyes,"fatigue,lethargy","depression,irritability,mood_swings",,weight_gain,"abnormal_menstruation,brittle_nails,cold_hands_and_feets,enlarged_thyroid,swollen_extremeties"
Hypothyroidism,,,,,,,dizziness,puffy_face_and_eyes,"fatigue,lethargy","depression,irritability,mood_swings",,weight_gain,"abnormal_menstruation,brittle_nails,cold_hands_and_feets,enlarged_thyroid,swollen_extremeties"
Hypothyroidism,,,,,,,dizziness,puffy_face_and_eyes,lethargy,"depression,irritability,mood_swings",,weight_gain,"abnormal_menstruation,brittle_nails,cold_hands_and_feets,enlarged_thyroid,swollen_extremeties"
Hypothyroidism,,,,,,,dizziness,puffy_face_and_eyes,lethargy,"depression,irritability,mood_swings",,weight_gain,"abnormal_menstruation,brittle_nails,cold_hands_and_feets,enlarged_thyroid,swollen_extremeties"
Hypothyroidism,,,,,,,dizziness,puffy_face_and_eyes,"fatigue,lethargy","depression,irritability,mood_swings",,,"abnormal_menstruation,brittle_nails,cold_hands_and_feets,enlarged_thyroid,swollen_extremeties"
Hypothyroidism,,,,,,,dizziness,puffy_face_and_eyes,"fatigue,lethargy","depression,irritability,mood_swings",,weight_gain,"abnormal_menstruation,brittle_nails,enlarged_thyroid,swollen_extremeties"
Hypothyroidism,,,,,,,dizziness,puffy_face_and_eyes,"fatigue,lethargy","depression,irritability",,weight_gain,"abnormal_menstruation,brittle_nails,cold_hands_and_feets,enlarged_thyroid,swollen_extremeties"
Hypothyroidism,,,,,,,dizziness,puffy_face_and_eyes,fatigue,"depression,irritability,mood_swings",,weight_gain,"abnormal_menstruation,brittle_nails,cold_hands_and_feets,enlarged_thyroid,swollen_extremeties"
Hypothyroidism,,,,,,,,puffy_face_and_eyes,"fatigue,lethargy","depression,irritability,mood_swings",,weight_gain,"abnormal_menstruation,brittle_nails,cold_hands_and_feets,enlarged_thyroid,swollen_extremeties"
Hypothyroidism,,,,,,,dizziness,,"fatigue,lethargy","depression,irritability,mood_swings",,weight_gain,"abnormal_menstruation,brittle_nails,cold_hands_and_feets,enlarged_thyroid,swollen_extremeties"
Hyperthyroidism,,,sweating,diarrhoea,,,muscle_weakness,,"excessive_hunger,fatigue","irritability,mood_swings,restlessness",,weight_loss,"abnormal_menstruation,fast_heart_rate"
Hyperthyroidism,,,sweating,diarrhoea,,,muscle_weakness,,"excessive_hunger,fatigue","irritability,mood_swings,restlessness",,weight_loss,"abnormal_menstruation,fast_heart_rate"
Hyperthyroidism,,,sweating,diarrhoea,,,muscle_weakness,,excessive_hunger,"irritability,mood_swings,restlessness",,weight_loss,"abnormal_menstruation,fast_heart_rate"
Hyperthyroidism,,,sweating,diarrhoea,,,muscle_weakness,,"excessive_hunger,fatigue","irritability,restlessness",,weight_loss,"abnormal_menstruation,fast_heart_rate"
Hyperthyroidism,,,sweating,diarrhoea,,,muscle_weakness,,"excessive_hunger,fatigue","irritability,mood_swings,restlessness",,,"abnormal_menstruation,fast_heart_rate"
Hyperthyroidism,,,sweating,diarrhoea,,,muscle_weakness,,"excessive_hunger,fatigue","irritability,mood_swings",,weight_loss,"abnormal_menstruation,fast_heart_rate"
Hyperthyroidism,,,,diarrhoea,,,muscle_weakness,,"excessive_hunger,fatigue","irritability,mood_swings,restlessness",,weight_loss,"abnormal_menstruation,fast_heart_rate"
Hyperthyroidism,,,sweating,,,,muscle_weakness,,"excessive_hunger,fatigue","irritability,mood_swings,restlessness",,weight_loss,"abnormal_menstruation,fast_heart_rate"
Hyperthyroidism,,,sweating,diarrhoea,,,muscle_weakness,,"excessive_hunger,fatigue","irritability,mood_swings,restlessness",,weight_loss,abnormal_menstruation
Hyperthyroidism,,,sweating,diarrhoea,,,muscle_weakness,,fatigue,"irritability,mood_swings,restlessness",,weight_loss,"abnormal_menstruation,fast_heart_rate"
Hypoglycemia,headache,,sweating,"nausea,vomiting",,,slurred_speech,blurred_and_distorted_vision,"excessive_hunger,fatigue","anxiety,irritability",,,palpitations
Hypoglycemia,headache,,sweating,"nausea,vomiting",,,slurred_speech,blurred_and_distorted_vision,"excessive_hunger,fatigue","anxiety,irritability",,,"drying_and_tingling_lips,palpitations"
Hypoglycemia,headache,,sweating,"nausea,vomiting",,,slurred_speech,blurred_and_distorted_vision,"excessive_hunger,fatigue","anxiety,irritability",,,"drying_and_tingling_lips,palpitations"
Hypoglycemia,headache,,sweating,nausea,,,slurred_speech,blurred_and_distorted_vision,"excessive_hunger,fatigue","anxiety,irritability",,,"drying_and_tingling_lips,palpitations"
Hypoglycemia,headache,,sweating,"nausea,vomiting",,,slurred_speech,blurred_and_distorted_vision,excessive_hunger,"anxiety,irritability",,,"drying_and_tingling_lips,palpitations"
Hypoglycemia,headache,,sweating,"nausea,vomiting",,,slurred_speech,blurred_and_distorted_vision,"excessive_hunger,fatigue",irritability,,,"drying_and_tingling_lips,palpitations"
Hypoglycemia,headache,,,"nausea,vomiting",,,slurred_speech,blurred_and_distorted_vision,"excessive_hunger,fatigue","anxiety,irritability",,,"drying_and_tingling_lips,palpitations"
Hypoglycemia,,,sweating,"nausea,vomiting",,,slurred_speech,blurred_and_distorted_vision,"excessive_hunger,fatigue","anxiety,irritability",,,"drying_and_tingling_lips,palpitations"
Hypoglycemia,headache,,sweating,vomiting,,,slurred_speech,blurred_and_distorted_vision,"excessive_hunger,fatigue","anxiety,irritability",,,"drying_and_tingling_lips,palpitations"
Hypoglycemia,headache,,sweating,"nausea,vomiting",,,slurred_speech,,"excessive_hunger,fatigue","anxiety,irritability",,,"drying_and_tingling_lips,palpitations"
Osteoarthristis,"hip_joint_pain,joint_pain,knee_pain,neck_pain,painful_walking",,,,,,,,,,swelling_joints,,
Osteoarthristis,"hip_joint_pain,joint_pain,knee_pain,neck_pain,painful_walking",,,,,,,,,,swelling_joints,,
Osteoarthristis,"hip_joint_pain,knee_pain,neck_pain,painful_walking",,,,,,,,,,swelling_joints,,
Osteoarthristis,"hip_joint_pain,joint_pain,knee_pain,painful_walking",,,,,,,,,,swelling_joints,,
Osteoarthristis,"hip_joint_pain,joint_pain,neck_pain,painful_walking",,,,,,,,,,swelling_joints,,
Osteoarthristis,"joint_pain,knee_pain,neck_pain,painful_walking",,,,,,,,,,swelling_joints,,
Osteoarthristis,"hip_joint_pain,joint_pain,knee_pain,neck_pain,painful_walking",,,,,,,,,,,,
Osteoarthristis,"hip_joint_pain,joint_pain,knee_pain,neck_pain",,,,,,,,,,swelling_joints,,
Osteoarthristis,"hip_joint_pain,joint_pain,knee_pain,neck_pain,painful_walking",,,,,,,,,,swelling_joints,,
Osteoarthristis,"hip_joint_pain,joint_pain,knee_pain,neck_pain,painful_walking",,,,,,,,,,swelling_joints,,
Arthritis,painful_walking,,,,,,muscle_weakness,,,,"movement_stiffness,stiff_neck,swelling_joints",,
Arthritis,painful_walking,,,,,,muscle_weakness,,,,"movement_stiffness,stiff_neck,swelling_joints",,
Arthritis,painful_walking,,,,,,,,,,"movement_stiffness,stiff_neck,swelling_joints",,
Arthritis,painful_walking,,,,,,muscle_weakness,,,,"movement_stiffness,swelling_joints",,
Arthritis,painful_walking,,,,,,muscle_weakness,,,,"movement_stiffness,stiff_neck",,
Arthritis,painful_walking,,,,,,muscle_weakness,,,,"stiff_neck,swelling_joints",,
Arthritis,painful_walking,,,,,,muscle_weakness,,,,"movement_stiffness,stiff_neck,swelling_joints",,
Arthritis,,,,,,,muscle_weakness,,,,"movement_stiffness,stiff_neck,swelling_joints",,
Arthritis,painful_walking,,,,,,muscle_weakness,,,,"movement_stiffness,stiff_neck,swelling_joints",,
Arthritis,painful_walking,,,,,,muscle_weakness,,,,"movement_stiffness,stiff_neck,swelling_joints",,
(vertigo) Paroymsal  Positional Vertigo,headache,,,"nausea,vomiting",,,"loss_of_balance,unsteadiness",,,,spinning_movements,,
(vertigo) Paroymsal  Positional Vertigo,headache,,,"nausea,vomiting",,,"loss_of_balance,unsteadiness",,,,spinning_movements,,
(vertigo) Paroymsal  Positional Vertigo,headache,,,nausea,,,"loss_of_balance,unsteadiness",,,,spinning_movements,,
(vertigo) Paroymsal  Positional Vertigo,,,,"nausea,vomiting",,,"loss_of_balance,unsteadiness",,,,spinning_movements,,
(vertigo) Paroymsal  Positional Vertigo,headache,,,vomiting,,,"loss_of_balance,unsteadiness",,,,spinning_movements,,
(vertigo) Paroymsal  Positional Vertigo,headache,,,"nausea,vomiting",,,"loss_of_balance,unsteadiness",,,,,,
(vertigo) Paroymsal  Positional Vertigo,headache,,,"nausea,vomiting",,,unsteadiness,,,,spinning_movements,,
(vertigo) Paroymsal  Positional Vertigo,headache,,,"nausea,vomiting",,,loss_of_balance,,,,spinning_movements,,
(vertigo) Paroymsal  Positional Vertigo,headache,,,"nausea,vomiting",,,"loss_of_balance,unsteadiness",,,,spinning_movements,,
(vertigo) Paroymsal  Positional Vertigo,headache,,,"nausea,vomiting",,,"loss_of_balance,unsteadiness",,,,,,
Acne,,,,,,"blackheads,pus_filled_pimples,skin_rash",,,,,,,scurring
Acne,,,,,,"blackheads,pus_filled_pimples,skin_rash",,,,,,,scurring
Acne,,,,,,"blackheads,pus_filled_pimples",,,,,,,scurring
Acne,,,,,,"blackheads,skin_rash",,,,,,,scurring
Acne,,,,,,"pus_filled_pimples,skin_rash",,,,,,,scurring
Acne,,,,,,"blackheads,pus_filled_pimples,skin_rash",,,,,,,
Acne,,,,,,"blackheads,pus_filled_pimples,skin_rash",,,,,,,scurring
Acne,,,,,,"blackheads,pus_filled_pimples,skin_rash",,,,,,,
Acne,,,,,,"pus_filled_pimples,skin_rash",,,,,,,scurring
Acne,,,,,,"blackheads,skin_rash",,,,,,,scurring
Urinary tract infection,,,,,"bladder_discomfort,burning_micturition,continuous_feel_of_urine,foul_smell_of_urine",,,,,,,,
Urinary tract infection,,,,,"bladder_discomfort,burning_micturition,continuous_feel_of_urine,foul_smell_of_urine",,,,,,,,
Urinary tract infection,,,,,"bladder_discomfort,continuous_feel_of_urine,foul_smell_of_urine",,,,,,,,
Urinary tract infection,,,,,"burning_micturition,continuous_feel_of_urine,foul_smell_of_urine",,,,,,,,
Urinary tract infection,,,,,"bladder_discomfort,burning_micturition,continuous_feel_of_urine",,,,,,,,
Urinary tract infection,,,,,"bladder_discomfort,burning_micturition,foul_smell_of_urine",,,,,,,,
Urinary tract infection,,,,,"bladder_discomfort,burning_micturition,continuous_feel_of_urine,foul_smell_of_urine",,,,,,,,
Urinary tract infection,,,,,"bladder_discomfort,burning_micturition,continuous_feel_of_urine",,,,,,,,
Urinary tract infection,,,,,"bladder_discomfort,continuous_feel_of_urine,foul_smell_of_urine",,,,,,,,
Urinary tract infection,,,,,"bladder_discomfort,burning_micturition,continuous_feel_of_urine",,,,,,,,
Psoriasis,joint_pain,,,,,"skin_peeling,skin_rash",,,,,,,"inflammatory_nails,silver_like_dusting,small_dents_in_nails"
Psoriasis,joint_pain,,,,,"skin_peeling,skin_rash",,,,,,,"inflammatory_nails,silver_like_dusting,small_dents_in_nails"
Psoriasis,joint_pain,,,,,skin_peeling,,,,,,,"inflammatory_nails,silver_like_dusting,small_dents_in_nails"
Psoriasis,,,,,,"skin_peeling,skin_rash",,,,,,,"inflammatory_nails,silver_like_dusting,small_dents_in_nails"
Psoriasis,joint_pain,,,,,skin_rash,,,,,,,"inflammatory_nails,silver_like_dusting,small_dents_in_nails"
Psoriasis,joint_pain,,,,,"skin_peeling,skin_rash",,,,,,,"inflammatory_nails,small_dents_in_nails"
Psoriasis,joint_pain,,,,,"skin_peeling,skin_rash",,,,,,,"inflammatory_nails,silver_like_dusting"
Psoriasis,joint_pain,,,,,"skin_peeling,skin_rash",,,,,,,"silver_like_dusting,small_dents_in_nails"
Psoriasis,joint_pain,,,,,"skin_peeling,skin_rash",,,,,,,"inflammatory_nails,silver_like_dusting,small_dents_in_nails"
Psoriasis,joint_pain,,,,,"skin_peeling,skin_rash",,,,,,,"inflammatory_nails,silver_like_dusting,small_dents_in_nails"
Impetigo,red_sore_around_nose,,high_fever,,,"blister,skin_rash",,,,,,,yellow_crust_ooze
Impetigo,red_sore_around_nose,,high_fever,,,"blister,skin_rash",,,,,,,yellow_crust_ooze
Impetigo,red_sore_around_nose,,high_fever,,,blister,,,,,,,yellow_crust_ooze
Impetigo,red_sore_around_nose,,,,,"blister,skin_rash",,,,,,,yellow_crust_ooze
Impetigo,red_sore_around_nose,,,,,"blister,skin_rash",,,,,,,yellow_crust_ooze
Impetigo,red_sore_around_nose,,high_fever,,,skin_rash,,,,,,,yellow_crust_ooze
Impetigo,,,high_fever,,,"blister,skin_rash",,,,,,,yellow_crust_ooze
Impetigo,red_sore_around_nose,,high_fever,,,"blister,skin_rash",,,,,,,
Impetigo,red_sore_around_nose,,high_fever,,,"blister,skin_rash",,,,,,,yellow_crust_ooze
Impetigo,red_sore_around_nose,,,,,"blister,skin_rash",,,,,,,yellow_crust_ooze
Fungal infection,,,,,,"dischromic__patches,itching,nodal_skin_eruptions,skin_rash",,,,,,,
Fungal infection,,,,,,"dischromic__patches,nodal_skin_eruptions,skin_rash",,,,,,,
Fungal infection,,,,,,"dischromic__patches,itching,nodal_skin_eruptions",,,,,,,
Fungal infection,,,,,,"dischromic__patches,itching,skin_rash",,,,,,,
Fungal infection,,,,,,"itching,nodal_skin_eruptions,skin_rash",,,,,,,
Fungal infection,,,,,,"dischromic__patches,nodal_skin_eruptions,skin_rash",,,,,,,
Fungal infection,,,,,,"dischromic__patches,itching,nodal_skin_eruptions",,,,,,,
Fungal infection,,,,,,"dischromic__patches,itching,skin_rash",,,,,,,
Fungal infection,,,,,,"itching,nodal_skin_eruptions,skin_rash",,,,,,,
Fungal infection,,,,,,"dischromic__patches,itching,nodal_skin_eruptions,skin_rash",,,,,,,
Allergy,,continuous_sneezing,"chills,shivering",,,,,watering_from_eyes,,,,,
Allergy,,,"chills,shivering",,,,,watering_from_eyes,,,,,
Allergy,,continuous_sneezing,chills,,,,,watering_from_eyes,,,,,
Allergy,,continuous_sneezing,shivering,,,,,watering_from_eyes,,,,,
Allergy,,continuous_sneezing,"chills,shivering",,,,,,,,,,
Allergy,,,"chills,shivering",,,,,watering_from_eyes,,,,,
Allergy,,continuous_sneezing,chills,,,,,watering_from_eyes,,,,,
Allergy,,continuous_sneezing,shivering,,,,,watering_from_eyes,,,,,
Allergy,,continuous_sneezing,"chills,shivering",,,,,,,,,,
Allergy,,continuous_sneezing,"chills,shivering",,,,,watering_from_eyes,,,,,
GERD,"chest_pain,stomach_pain",cough,,"acidity,vomiting",,,,,,,,,ulcers_on_tongue
GERD,"chest_pain,stomach_pain",cough,,vomiting,,,,,,,,,ulcers_on_tongue
GERD,"chest_pain,stomach_pain",cough,,"acidity,vomiting",,,,,,,,,
GERD,"chest_pain,stomach_pain",cough,,acidity,,,,,,,,,ulcers_on_tongue
GERD,"chest_pain,stomach_pain",,,"acidity,vomiting",,,,,,,,,ulcers_on_tongue
GERD,stomach_pain,cough,,"acidity,vomiting",,,,,,,,,ulcers_on_tongue
GERD,chest_pain,cough,,"acidity,vomiting",,,,,,,,,ulcers_on_tongue
GERD,"chest_pain,stomach_pain",cough,,vomiting,,,,,,,,,ulcers_on_tongue
GERD,"chest_pain,stomach_pain",cough,,"acidity,vomiting",,,,,,,,,
GERD,"chest_pain,stomach_pain",cough,,acidity,,,,,,,,,ulcers_on_tongue
Chronic cholestasis,abdominal_pain,,,"nausea,vomiting",,"itching,yellowish_skin",,yellowing_of_eyes,loss_of_appetite,,,,
Chronic cholestasis,abdominal_pain,,,"nausea,vomiting",,yellowish_skin,,yellowing_of_eyes,loss_of_appetite,,,,
Chronic cholestasis,abdominal_pain,,,nausea,,"itching,yellowish_skin",,yellowing_of_eyes,loss_of_appetite,,,,
Chronic cholestasis,abdominal_pain,,,"nausea,vomiting",,itching,,yellowing_of_eyes,loss_of_appetite,,,,
Chronic cholestasis,abdominal_pain,,,vomiting,,"itching,yellowish_skin",,yellowing_of_eyes,loss_of_appetite,,,,
Chronic cholestasis,abdominal_pain,,,"nausea,vomiting",,"itching,yellowish_skin",,yellowing_of_eyes,,,,,
Chronic cholestasis,,,,"nausea,vomiting",,"itching,yellowish_skin",,yellowing_of_eyes,loss_of_appetite,,,,
Chronic cholestasis,abdominal_pain,,,"nausea,vomiting",,"itching,yellowish_skin",,,loss_of_appetite,,,,
Chronic cholestasis,abdominal_pain,,,"nausea,vomiting",,"itching,yellowish_skin",,yellowing_of_eyes,loss_of_appetite,,,,
Chronic cholestasis,abdominal_pain,,,"nausea,vomiting",,"itching,yellowish_skin",,yellowing_of_eyes,loss_of_appetite,,,,
Drug Reaction,stomach_pain,,,,"burning_micturition,spotting__urination","itching,skin_rash",,,,,,,
Drug Reaction,stomach_pain,,,,"burning_micturition,spotting__urination",itching,,,,,,,
Drug Reaction,,,,,"burning_micturition,spotting__urination","itching,skin_rash",,,,,,,
Drug Reaction,stomach_pain,,,,spotting__urination,"itching,skin_rash",,,,,,,
Drug Reaction,stomach_pain,,,,burning_micturition,"itching,skin_rash",,,,,,,
Drug Reaction,stomach_pain,,,,"burning_micturition,spotting__urination",skin_rash,,,,,,,
Drug Reaction,stomach_pain,,,,"burning_micturition,spotting__urination",itching,,,,,,,
Drug Reaction,,,,,"burning_micturition,spotting__urination","itching,skin_rash",,,,,,,
Drug Reaction,stomach_pain,,,,spotting__urination,"itching,skin_rash",,,,,,,
Drug Reaction,stomach_pain,,,,burning_micturition,"itching,skin_rash",,,,,,,
Peptic ulcer diseae,abdominal_pain,,,"passage_of_gases,vomiting",,internal_itching,,,loss_of_appetite,,,,
Peptic ulcer diseae,abdominal_pain,,,"indigestion,passage_of_gases,vomiting",,internal_itching,,,,,,,
Peptic ulcer diseae,abdominal_pain,,,"indigestion,passage_of_gases",,internal_itching,,,loss_of_appetite,,,,
Peptic ulcer diseae,abdominal_pain,,,"passage_of_gases,vomiting",,internal_itching,,,loss_of_appetite,,,,
Peptic ulcer diseae,abdominal_pain,,,"indigestion,passage_of_gases,vomiting",,internal_itching,,,,,,,
Peptic ulcer diseae,,,,"indigestion,passage_of_gases,vomiting",,internal_itching,,,loss_of_appetite,,,,
Peptic ulcer diseae,abdominal_pain,,,"indigestion,vomiting",,internal_itching,,,loss_of_appetite,,,,
Peptic ulcer diseae,abdominal_pain,,,"indigestion,passage_of_gases,vomiting",,,,,loss_of_appetite,,,,
Peptic ulcer diseae,abdominal_pain,,,"indigestion,passage_of_gases,vomiting",,internal_itching,,,loss_of_appetite,,,,
Peptic ulcer diseae,abdominal_pain,,,"indigestion,passage_of_gases,vomiting",,internal_itching,,,loss_of_appetite,,,,
AIDS,,patches_in_throat,high_fever,,,,,,,,muscle_wasting,,extra_marital_contacts
AIDS,,patches_in_throat,high_fever,,,,,,,,,,extra_marital_contacts
AIDS,,,high_fever,,,,,,,,muscle_wasting,,extra_marital_contacts
AIDS,,patches_in_throat,,,,,,,,,muscle_wasting,,extra_marital_contacts
AIDS,,patches_in_throat,high_fever,,,,,,,,muscle_wasting,,
AIDS,,patches_in_throat,high_fever,,,,,,,,muscle_wasting,,extra_marital_contacts
AIDS,,patches_in_throat,high_fever,,,,,,,,muscle_wasting,,extra_marital_contacts
AIDS,,patches_in_throat,high_fever,,,,,,,,,,extra_marital_contacts
AIDS,,,high_fever,,,,,,,,muscle_wasting,,extra_marital_contacts
AIDS,,patches_in_throat,high_fever,,,,,,,,muscle_wasting,,
Diabetes ,,,,,polyuria,,,blurred_and_distorted_vision,"excessive_hunger,fatigue,increased_appetite,lethargy",restlessness,,"obesity,weight_loss",irregular_sugar_level
Diabetes ,,,,,polyuria,,,blurred_and_distorted_vision,"excessive_hunger,fatigue,increased_appetite,lethargy",restlessness,,"obesity,weight_loss",irregular_sugar_level
Diabetes ,,,,,polyuria,,,blurred_and_distorted_vision,"excessive_hunger,increased_appetite,lethargy",restlessness,,"obesity,weight_loss",irregular_sugar_level
Diabetes ,,,,,polyuria,,,blurred_and_distorted_vision,"excessive_hunger,fatigue,increased_appetite,lethargy",restlessness,,obesity,irregular_sugar_level
Diabetes ,,,,,polyuria,,,blurred_and_distorted_vision,"excessive_hunger,fatigue,increased_appetite,lethargy",,,"obesity,weight_loss",irregular_sugar_level
Diabetes ,,,,,polyuria,,,blurred_and_distorted_vision,"excessive_hunger,fatigue,increased_appetite",restlessness,,"obesity,weight_loss",irregular_sugar_level
Diabetes ,,,,,polyuria,,,blurred_and_distorted_vision,"excessive_hunger,fatigue,increased_appetite,lethargy",restlessness,,"obesity,weight_loss",
Diabetes ,,,,,polyuria,,,,"excessive_hunger,fatigue,increased_appetite,lethargy",restlessness,,"obesity,weight_loss",irregular_sugar_level
Diabetes ,,,,,polyuria,,,blurred_and_distorted_vision,"excessive_hunger,fatigue,increased_appetite,lethargy",restlessness,,weight_loss,irregular_sugar_level
Diabetes ,,,,,polyuria,,,blurred_and_distorted_vision,"fatigue,increased_appetite,lethargy",restlessness,,"obesity,weight_loss",irregular_sugar_level
Gastroenteritis,,,,"diarrhoea,vomiting",,,,sunken_eyes,,,,,dehydration
Gastroenteritis,,,,"diarrhoea,vomiting",,,,sunken_eyes,,,,,dehydration
Gastroenteritis,,,,diarrhoea,,,,sunken_eyes,,,,,dehydration
Gastroenteritis,,,,"diarrhoea,vomiting",,,,,,,,,dehydration
Gastroenteritis,,,,"diarrhoea,vomiting",,,,sunken_eyes,,,,,
Gastroenteritis,,,,vomiting,,,,sunken_eyes,,,,,dehydration
Gastroenteritis,,,,"diarrhoea,vomiting",,,,sunken_eyes,,,,,dehydration
Gastroenteritis,,,,diarrhoea,,,,sunken_eyes,,,,,dehydration
Gastroenteritis,,,,"diarrhoea,vomiting",,,,,,,,,dehydration
Gastroenteritis,,,,"diarrhoea,vomiting",,,,sunken_eyes,,,,,
Bronchial Asthma,,"breathlessness,cough,mucoid_sputum",high_fever,,,,,,fatigue,,,,family_history
Bronchial Asthma,,"breathlessness,cough,mucoid_sputum",high_fever,,,,,,,,,,family_history
Bronchial Asthma,,"breathlessness,mucoid_sputum",high_fever,,,,,,fatigue,,,,family_history
Bronchial Asthma,,"breathlessness,cough,mucoid_sputum",,,,,,,fatigue,,,,family_history
Bronchial Asthma,,"cough,mucoid_sputum",high_fever,,,,,,fatigue,,,,family_history
Bronchial Asthma,,"breathlessness,cough,mucoid_sputum",high_fever,,,,,,fatigue,,,,
Bronchial Asthma,,"breathlessness,cough",high_fever,,,,,,fatigue,,,,family_history
Bronchial Asthma,,"breathlessness,cough,mucoid_sputum",high_fever,,,,,,fatigue,,,,family_history
Bronchial Asthma,,"breathlessness,cough,mucoid_sputum",high_fever,,,,,,,,,,family_history
Bronchial Asthma,,"breathlessness,mucoid_sputum",high_fever,,,,,,fatigue,,,,family_history
Hypertension ,"chest_pain,headache",,,,,,"dizziness,loss_of_balance",,,lack_of_concentration,,,
Hypertension ,chest_pain,,,,,,"dizziness,loss_of_balance",,,lack_of_concentration,,,
Hypertension ,headache,,,,,,"dizziness,loss_of_balance",,,lack_of_concentration,,,
Hypertension ,"chest_pain,headache",,,,,,loss_of_balance,,,lack_of_concentration,,,
Hypertension ,"chest_pain,headache",,,,,,dizziness,,,lack_of_concentration,,,
Hypertension ,"chest_pain,headache",,,,,,"dizziness,loss_of_balance",,,,,,
Hypertension ,"chest_pain,headache",,,,,,"dizziness,loss_of_balance",,,lack_of_concentration,,,
Hypertension ,chest_pain,,,,,,"dizziness,loss_of_balance",,,lack_of_concentration,,,
Hypertension ,headache,,,,,,"dizziness,loss_of_balance",,,lack_of_concentration,,,
Hypertension ,"chest_pain,headache",,,,,,loss_of_balance,,,lack_of_concentration,,,
Migraine,headache,,,"acidity,indigestion",,,,blurred_and_distorted_vision,excessive_hunger,"depression,irritability",stiff_neck,,visual_disturbances
Migraine,headache,,,indigestion,,,,blurred_and_distorted_vision,excessive_hunger,"depression,irritability",stiff_neck,,visual_disturbances
Migraine,headache,,,acidity,,,,blurred_and_distorted_vision,excessive_hunger,"depression,irritability",stiff_neck,,visual_disturbances
Migraine,,,,"acidity,indigestion",,,,blurred_and_distorted_vision,excessive_hunger,"depression,irritability",stiff_neck,,visual_disturbances
Migraine,headache,,,"acidity,indigestion",,,,,excessive_hunger,"depression,irritability",stiff_neck,,visual_disturbances
Migraine,headache,,,"acidity,indigestion",,,,blurred_and_distorted_vision,,"depression,irritability",stiff_neck,,visual_disturbances
Migraine,headache,,,"acidity,indigestion",,,,blurred_and_distorted_vision,excessive_hunger,"depression,irritability",,,visual_disturbances
Migraine,headache,,,"acidity,indigestion",,,,blurred_and_distorted_vision,excessive_hunger,irritability,stiff_neck,,visual_disturbances
Migraine,headache,,,"acidity,indigestion",,,,blurred_and_distorted_vision,excessive_hunger,depression,stiff_neck,,visual_disturbances
Migraine,headache,,,"acidity,indigestion",,,,blurred_and_distorted_vision,excessive_hunger,"depression,irritability",stiff_neck,,
Cervical spondylosis,"back_pain,neck_pain",,,,,,"dizziness,loss_of_balance,weakness_in_limbs",,,,,,
Cervical spondylosis,"back_pain,neck_pain",,,,,,"dizziness,loss_of_balance,weakness_in_limbs",,,,,,
Cervical spondylosis,neck_pain,,,,,,"dizziness,loss_of_balance,weakness_in_limbs",,,,,,
Cervical spondylosis,"back_pain,neck_pain",,,,,,"dizziness,loss_of_balance",,,,,,
Cervical spondylosis,back_pain,,,,,,"dizziness,loss_of_balance,weakness_in_limbs",,,,,,
Cervical spondylosis,"back_pain,neck_pain",,,,,,"loss_of_balance,weakness_in_limbs",,,,,,
Cervical spondylosis,"back_pain,neck_pain",,,,,,"dizziness,weakness_in_limbs",,,,,,
Cervical spondylosis,"back_pain,neck_pain",,,,,,"dizziness,loss_of_balance,weakness_in_limbs",,,,,,
Cervical spondylosis,neck_pain,,,,,,"dizziness,loss_of_balance,weakness_in_limbs",,,,,,
Cervical spondylosis,"back_pain,neck_pain",,,,,,"dizziness,loss_of_balance",,,,,,
Paralysis (brain hemorrhage),headache,,,vomiting,,,"altered_sensorium,weakness_of_one_body_side",,,,,,
Paralysis (brain hemorrhage),headache,,,vomiting,,,"altered_sensorium,weakness_of_one_body_side",,,,,,
Paralysis (brain hemorrhage),headache,,,,,,"altered_sensorium,weakness_of_one_body_side",,,,,,
Paralysis (brain hemorrhage),,,,vomiting,,,"altered_sensorium,weakness_of_one_body_side",,,,,,
Paralysis (brain hemorrhage),headache,,,vomiting,,,altered_sensorium,,,,,,
Paralysis (brain hemorrhage),headache,,,vomiting,,,weakness_of_one_body_side,,,,,,
Paralysis (brain hemorrhage),headache,,,vomiting,,,"altered_sensorium,weakness_of_one_body_side",,,,,,
Paralysis (brain hemorrhage),headache,,,,,,"altered_sensorium,weakness_of_one_body_side",,,,,,
Paralysis (brain hemorrhage),,,,vomiting,,,"altered_sensorium,weakness_of_one_body_side",,,,,,
Paralysis (brain hemorrhage),headache,,,vomiting,,,altered_sensorium,,,,,,
Jaundice,abdominal_pain,,high_fever,vomiting,dark_urine,"itching,yellowish_skin",,,fatigue,,,weight_loss,
Jaundice,abdominal_pain,,high_fever,vomiting,dark_urine,"itching,yellowish_skin",,,fatigue,,,weight_loss,
Jaundice,abdominal_pain,,high_fever,vomiting,dark_urine,yellowish_skin,,,fatigue,,,weight_loss,
Jaundice,abdominal_pain,,high_fever,,dark_urine,"itching,yellowish_skin",,,fatigue,,,weight_loss,
Jaundice,abdominal_pain,,high_fever,vomiting,dark_urine,"itching,yellowish_skin",,,,,,weight_loss,
Jaundice,abdominal_pain,,high_fever,vomiting,dark_urine,"itching,yellowish_skin",,,fatigue,,,,
Jaundice,abdominal_pain,,,vomiting,dark_urine,"itching,yellowish_skin",,,fatigue,,,weight_loss,
Jaundice,abdominal_pain,,high_fever,vomiting,dark_urine,itching,,,fatigue,,,weight_loss,
Jaundice,abdominal_pain,,high_fever,vomiting,,"itching,yellowish_skin",,,fatigue,,,weight_loss,
Jaundice,,,high_fever,vomiting,dark_urine,"itching,yellowish_skin",,,fatigue,,,weight_loss,
Malaria,"headache,muscle_pain",,"chills,high_fever,sweating","nausea,vomiting",,,,,,,,,
Malaria,"headache,muscle_pain",,"chills,high_fever,sweating","diarrhoea,nausea,vomiting",,,,,,,,,
Malaria,"headache,muscle_pain",,"chills,high_fever,sweating","diarrhoea,nausea,vomiting",,,,,,,,,
Malaria,"headache,muscle_pain",,"high_fever,sweating","diarrhoea,nausea,vomiting",,,,,,,,,
Malaria,"headache,muscle_pain",,"chills,high_fever,sweating","diarrhoea,nausea",,,,,,,,,
Malaria,"headache,muscle_pain",,"chills,sweating","diarrhoea,nausea,vomiting",,,,,,,,,
Malaria,"headache,muscle_pain",,"chills,high_fever","diarrhoea,nausea,vomiting",,,,,,,,,
Malaria,muscle_pain,,"chills,high_fever,sweating","diarrhoea,nausea,vomiting",,,,,,,,,
Malaria,"headache,muscle_pain",,"chills,high_fever,sweating","diarrhoea,vomiting",,,,,,,,,
Malaria,"headache,muscle_pain",,"chills,high_fever,sweating","nausea,vomiting",,,,,,,,,
Chicken pox,headache,,"high_fever,mild_fever",,,"itching,skin_rash",,,"fatigue,lethargy,loss_of_appetite,malaise",,,,"red_spots_over_body,swelled_lymph_nodes"
Chicken pox,headache,,"high_fever,mild_fever",,,skin_rash,,,"fatigue,lethargy,loss_of_appetite,malaise",,,,"red_spots_over_body,swelled_lymph_nodes"
Chicken pox,headache,,"high_fever,mild_fever",,,itching,,,"fatigue,lethargy,loss_of_appetite,malaise",,,,"red_spots_over_body,swelled_lymph_nodes"
Chicken pox,headache,,"high_fever,mild_fever",,,"itching,skin_rash",,,"lethargy,loss_of_appetite,malaise",,,,"red_spots_over_body,swelled_lymph_nodes"
Chicken pox,headache,,"high_fever,mild_fever",,,"itching,skin_rash",,,"fatigue,loss_of_appetite,malaise",,,,"red_spots_over_body,swelled_lymph_nodes"
Chicken pox,headache,,mild_fever,,,"itching,skin_rash",,,"fatigue,lethargy,loss_of_appetite,malaise",,,,"red_spots_over_body,swelled_lymph_nodes"
Chicken pox,,,"high_fever,mild_fever",,,"itching,skin_rash",,,"fatigue,lethargy,loss_of_appetite,malaise",,,,"red_spots_over_body,swelled_lymph_nodes"
Chicken pox,headache,,"high_fever,mild_fever",,,"itching,skin_rash",,,"fatigue,lethargy,malaise",,,,"red_spots_over_body,swelled_lymph_nodes"
Chicken pox,headache,,high_fever,,,"itching,skin_rash",,,"fatigue,lethargy,loss_of_appetite,malaise",,,,"red_spots_over_body,swelled_lymph_nodes"
Chicken pox,headache,,"high_fever,mild_fever",,,"itching,skin_rash",,,"fatigue,lethargy,loss_of_appetite,malaise",,,,red_spots_over_body
Dengue,"back_pain,headache,joint_pain,muscle_pain,pain_behind_the_eyes",,"chills,high_fever","nausea,vomiting",,skin_rash,,,"fatigue,loss_of_appetite",,,,red_spots_over_body
Dengue,"back_pain,headache,joint_pain,pain_behind_the_eyes",,"chills,high_fever","nausea,vomiting",,skin_rash,,,"fatigue,loss_of_appetite,malaise",,,,red_spots_over_body
Dengue,"back_pain,headache,joint_pain,muscle_pain,pain_behind_the_eyes",,"chills,high_fever","nausea,vomiting",,skin_rash,,,"fatigue,loss_of_appetite,malaise",,,,
Dengue,"back_pain,headache,joint_pain,muscle_pain,pain_behind_the_eyes",,"chills,high_fever","nausea,vomiting",,skin_rash,,,"fatigue,loss_of_appetite,malaise",,,,red_spots_over_body
Dengue,"back_pain,headache,joint_pain,muscle_pain,pain_behind_the_eyes",,"chills,high_fever","nausea,vomiting",,,,,"fatigue,loss_of_appetite,malaise",,,,red_spots_over_body
Dengue,"back_pain,headache,joint_pain,muscle_pain,pain_behind_the_eyes",,high_fever,"nausea,vomiting",,skin_rash,,,"fatigue,loss_of_appetite,malaise",,,,red_spots_over_body
Dengue,"back_pain,headache,muscle_pain,pain_behind_the_eyes",,"chills,high_fever","nausea,vomiting",,skin_rash,,,"fatigue,loss_of_appetite,malaise",,,,red_spots_over_body
Dengue,"back_pain,headache,joint_pain,muscle_pain,pain_behind_the_eyes",,"chills,high_fever",nausea,,skin_rash,,,"fatigue,loss_of_appetite,malaise",,,,red_spots_over_body
Dengue,"back_pain,headache,joint_pain,muscle_pain,pain_behind_the_eyes",,"chills,high_fever","nausea,vomiting",,skin_rash,,,"loss_of_appetite,malaise",,,,red_spots_over_body
Dengue,"back_pain,headache,joint_pain,muscle_pain,pain_behind_the_eyes",,chills,"nausea,vomiting",,skin_rash,,,"fatigue,loss_of_appetite,malaise",,,,red_spots_over_body
Typhoid,"abdominal_pain,belly_pain",,"chills,high_fever","constipation,diarrhoea,nausea,vomiting",,,,,fatigue,,,,toxic_look_(typhos)
Typhoid,"abdominal_pain,belly_pain,headache",,"chills,high_fever","constipation,diarrhoea,vomiting",,,,,fatigue,,,,toxic_look_(typhos)
Typhoid,"abdominal_pain,belly_pain,headache",,"chills,high_fever","diarrhoea,nausea,vomiting",,,,,fatigue,,,,toxic_look_(typhos)
Typhoid,"belly_pain,headache",,"chills,high_fever","constipation,diarrhoea,nausea,vomiting",,,,,fatigue,,,,toxic_look_(typhos)
Typhoid,"abdominal_pain,belly_pain,headache",,"chills,high_fever","constipation,nausea,vomiting",,,,,fatigue,,,,toxic_look_(typhos)
Typhoid,"abdominal_pain,belly_pain,headache",,"chills,high_fever","constipation,diarrhoea,nausea,vomiting",,,,,fatigue,,,,
Typhoid,"abdominal_pain,headache",,"chills,high_fever","constipation,diarrhoea,nausea,vomiting",,,,,fatigue,,,,toxic_look_(typhos)
Typhoid,"abdominal_pain,belly_pain,headache",,"chills,high_fever","constipation,diarrhoea,nausea,vomiting",,,,,fatigue,,,,toxic_look_(typhos)
Typhoid,"abdominal_pain,belly_pain,headache",,"chills,high_fever","constipation,diarrhoea,nausea,vomiting",,,,,fatigue,,,,toxic_look_(typhos)
Typhoid,"abdominal_pain,belly_pain,headache",,"chills,high_fever","constipation,diarrhoea,nausea",,,,,fatigue,,,,toxic_look_(typhos)
hepatitis A,"abdominal_pain,joint_pain,muscle_pain",,mild_fever,"diarrhoea,nausea,vomiting",dark_urine,yellowish_skin,,yellowing_of_eyes,loss_of_appetite,,,,
hepatitis A,"abdominal_pain,joint_pain,muscle_pain",,mild_fever,"diarrhoea,nausea,vomiting",dark_urine,yellowish_skin,,yellowing_of_eyes,loss_of_appetite,,,,
hepatitis A,"abdominal_pain,muscle_pain",,mild_fever,"diarrhoea,nausea,vomiting",dark_urine,yellowish_skin,,yellowing_of_eyes,loss_of_appetite,,,,
hepatitis A,"abdominal_pain,joint_pain,muscle_pain",,mild_fever,"diarrhoea,nausea",dark_urine,yellowish_skin,,yellowing_of_eyes,loss_of_appetite,,,,
hepatitis A,"abdominal_pain,joint_pain,muscle_pain",,mild_fever,"diarrhoea,nausea,vomiting",dark_urine,,,yellowing_of_eyes,loss_of_appetite,,,,
hepatitis A,"abdominal_pain,joint_pain,muscle_pain",,mild_fever,"diarrhoea,nausea,vomiting",,yellowish_skin,,yellowing_of_eyes,loss_of_appetite,,,,
hepatitis A,"abdominal_pain,joint_pain,muscle_pain",,mild_fever,"diarrhoea,vomiting",dark_urine,yellowish_skin,,yellowing_of_eyes,loss_of_appetite,,,,
hepatitis A,"abdominal_pain,joint_pain,muscle_pain",,mild_fever,"diarrhoea,nausea,vomiting",dark_urine,yellowish_skin,,yellowing_of_eyes,,,,,
hepatitis A,"joint_pain,muscle_pain",,mild_fever,"diarrhoea,nausea,vomiting",dark_urine,yellowish_skin,,yellowing_of_eyes,loss_of_appetite,,,,
hepatitis A,"abdominal_pain,joint_pain,muscle_pain",,mild_fever,"nausea,vomiting",dark_urine,yellowish_skin,,yellowing_of_eyes,loss_of_appetite,,,,
Hepatitis B,abdominal_pain,,,,"dark_urine,yellow_urine","itching,yellowish_skin",,yellowing_of_eyes,"fatigue,lethargy,loss_of_appetite,malaise",,,,"receiving_blood_transfusion,receiving_unsterile_injections"
Hepatitis B,abdominal_pain,,,,"dark_urine,yellow_urine","itching,yellowish_skin",,yellowing_of_eyes,"fatigue,lethargy,loss_of_appetite,malaise",,,,"receiving_blood_transfusion,receiving_unsterile_injections"
Hepatitis B,abdominal_pain,,,,"dark_urine,yellow_urine",yellowish_skin,,yellowing_of_eyes,"fatigue,lethargy,loss_of_appetite,malaise",,,,"receiving_blood_transfusion,receiving_unsterile_injections"
Hepatitis B,abdominal_pain,,,,"dark_urine,yellow_urine","itching,yellowish_skin",,yellowing_of_eyes,"lethargy,loss_of_appetite,malaise",,,,"receiving_blood_transfusion,receiving_unsterile_injections"
Hepatitis B,abdominal_pain,,,,"dark_urine,yellow_urine","itching,yellowish_skin",,yellowing_of_eyes,"fatigue,loss_of_appetite,malaise",,,,"receiving_blood_transfusion,receiving_unsterile_injections"
Hepatitis B,abdominal_pain,,,,"dark_urine,yellow_urine",itching,,yellowing_of_eyes,"fatigue,lethargy,loss_of_appetite,malaise",,,,"receiving_blood_transfusion,receiving_unsterile_injections"
Hepatitis B,abdominal_pain,,,,yellow_urine,"itching,yellowish_skin",,yellowing_of_eyes,"fatigue,lethargy,loss_of_appetite,malaise",,,,"receiving_blood_transfusion,receiving_unsterile_injections"
Hepatitis B,abdominal_pain,,,,"dark_urine,yellow_urine","itching,yellowish_skin",,yellowing_of_eyes,"fatigue,lethargy,malaise",,,,"receiving_blood_transfusion,receiving_unsterile_injections"
Hepatitis B,,,,,"dark_urine,yellow_urine","itching,yellowish_skin",,yellowing_of_eyes,"fatigue,lethargy,loss_of_appetite,malaise",,,,"receiving_blood_transfusion,receiving_unsterile_injections"
Hepatitis B,abdominal_pain,,,,dark_urine,"itching,yellowish_skin",,yellowing_of_eyes,"fatigue,lethargy,loss_of_appetite,malaise",,,,"receiving_blood_transfusion,receiving_unsterile_injections"
Hepatitis C,,,,nausea,,yellowish_skin,,,"fatigue,loss_of_appetite",,,,family_history
Hepatitis C,,,,nausea,,yellowish_skin,,yellowing_of_eyes,"fatigue,loss_of_appetite",,,,family_history
Hepatitis C,,,,nausea,,yellowish_skin,,yellowing_of_eyes,loss_of_appetite,,,,family_history
Hepatitis C,,,,nausea,,,,yellowing_of_eyes,"fatigue,loss_of_appetite",,,,family_history
Hepatitis C,,,,,,yellowish_skin,,yellowing_of_eyes,"fatigue,loss_of_appetite",,,,family_history
Hepatitis C,,,,nausea,,yellowish_skin,,yellowing_of_eyes,fatigue,,,,family_history
Hepatitis C,,,,nausea,,yellowish_skin,,,"fatigue,loss_of_appetite",,,,family_history
Hepatitis C,,,,nausea,,yellowish_skin,,yellowing_of_eyes,"fatigue,loss_of_appetite",,,,
Hepatitis C,,,,nausea,,yellowish_skin,,yellowing_of_eyes,"fatigue,loss_of_appetite",,,,family_history
Hepatitis C,,,,nausea,,yellowish_skin,,yellowing_of_eyes,"fatigue,loss_of_appetite",,,,family_history
Hepatitis D,"abdominal_pain,joint_pain",,,"nausea,vomiting",dark_urine,yellowish_skin,,yellowing_of_eyes,"fatigue,loss_of_appetite",,,,
Hepatitis D,abdominal_pain,,,"nausea,vomiting",dark_urine,yellowish_skin,,yellowing_of_eyes,"fatigue,loss_of_appetite",,,,
Hepatitis D,"abdominal_pain,joint_pain",,,nausea,dark_urine,yellowish_skin,,yellowing_of_eyes,"fatigue,loss_of_appetite",,,,
Hepatitis D,"abdominal_pain,joint_pain",,,"nausea,vomiting",dark_urine,yellowish_skin,,yellowing_of_eyes,loss_of_appetite,,,,
Hepatitis D,"abdominal_pain,joint_pain",,,"nausea,vomiting",dark_urine,,,yellowing_of_eyes,"fatigue,loss_of_appetite",,,,
Hepatitis D,"abdominal_pain,joint_pain",,,"nausea,vomiting",,yellowish_skin,,yellowing_of_eyes,"fatigue,loss_of_appetite",,,,
Hepatitis D,"abdominal_pain,joint_pain",,,vomiting,dark_urine,yellowish_skin,,yellowing_of_eyes,"fatigue,loss_of_appetite",,,,
Hepatitis D,"abdominal_pain,joint_pain",,,"nausea,vomiting",dark_urine,yellowish_skin,,yellowing_of_eyes,fatigue,,,,
Hepatitis D,joint_pain,,,"nausea,vomiting",dark_urine,yellowish_skin,,yellowing_of_eyes,"fatigue,loss_of_appetite",,,,
Hepatitis D,"abdominal_pain,joint_pain",,,"nausea,vomiting",dark_urine,yellowish_skin,,,"fatigue,loss_of_appetite",,,,
Hepatitis E,"abdominal_pain,joint_pain",,high_fever,"nausea,stomach_bleeding,vomiting",dark_urine,yellowish_skin,coma,yellowing_of_eyes,"fatigue,loss_of_appetite",,,,
Hepatitis E,"abdominal_pain,joint_pain",,high_fever,"nausea,stomach_bleeding,vomiting",dark_urine,yellowish_skin,coma,yellowing_of_eyes,"fatigue,loss_of_appetite",,,,acute_liver_failure
Hepatitis E,"abdominal_pain,joint_pain",,high_fever,"nausea,stomach_bleeding,vomiting",dark_urine,yellowish_skin,coma,yellowing_of_eyes,"fatigue,loss_of_appetite",,,,acute_liver_failure
Hepatitis E,abdominal_pain,,high_fever,"nausea,stomach_bleeding,vomiting",dark_urine,yellowish_skin,coma,yellowing_of_eyes,"fatigue,loss_of_appetite",,,,acute_liver_failure
Hepatitis E,"abdominal_pain,joint_pain",,high_fever,"nausea,stomach_bleeding",dark_urine,yellowish_skin,coma,yellowing_of_eyes,"fatigue,loss_of_appetite",,,,acute_liver_failure
Hepatitis E,"abdominal_pain,joint_pain",,high_fever,"nausea,stomach_bleeding,vomiting",dark_urine,yellowish_skin,coma,yellowing_of_eyes,loss_of_appetite,,,,acute_liver_failure
Hepatitis E,"abdominal_pain,joint_pain",,,"nausea,stomach_bleeding,vomiting",dark_urine,yellowish_skin,coma,yellowing_of_eyes,"fatigue,loss_of_appetite",,,,acute_liver_failure
Hepatitis E,"abdominal_pain,joint_pain",,high_fever,"nausea,stomach_bleeding,vomiting",dark_urine,,coma,yellowing_of_eyes,"fatigue,loss_of_appetite",,,,acute_liver_failure
Hepatitis E,"abdominal_pain,joint_pain",,high_fever,"nausea,stomach_bleeding,vomiting",,yellowish_skin,coma,yellowing_of_eyes,"fatigue,loss_of_appetite",,,,acute_liver_failure
Hepatitis E,"abdominal_pain,joint_pain",,high_fever,"stomach_bleeding,vomiting",dark_urine,yellowish_skin,coma,yellowing_of_eyes,"fatigue,loss_of_appetite",,,,acute_liver_failure
Alcoholic hepatitis,abdominal_pain,,,"swelling_of_stomach,vomiting",,yellowish_skin,,,,,,,"distention_of_abdomen,fluid_overload,history_of_alcohol_consumption"
Alcoholic hepatitis,abdominal_pain,,,"swelling_of_stomach,vomiting",,yellowish_skin,,,,,,,"distention_of_abdomen,fluid_overload,history_of_alcohol_consumption"
Alcoholic hepatitis,abdominal_pain,,,swelling_of_stomach,,yellowish_skin,,,,,,,"distention_of_abdomen,fluid_overload,history_of_alcohol_consumption"
Alcoholic hepatitis,abdominal_pain,,,"swelling_of_stomach,vomiting",,,,,,,,,"distention_of_abdomen,fluid_overload,history_of_alcohol_consumption"
Alcoholic hepatitis,,,,"swelling_of_stomach,vomiting",,yellowish_skin,,,,,,,"distention_of_abdomen,fluid_overload,history_of_alcohol_consumption"
Alcoholic hepatitis,abdominal_pain,,,vomiting,,yellowish_skin,,,,,,,"distention_of_abdomen,fluid_overload,history_of_alcohol_consumption"
Alcoholic hepatitis,abdominal_pain,,,"swelling_of_stomach,vomiting",,yellowish_skin,,,,,,,"fluid_overload,history_of_alcohol_consumption"
Alcoholic hepatitis,abdominal_pain,,,"swelling_of_stomach,vomiting",,yellowish_skin,,,,,,,"distention_of_abdomen,fluid_overload"
Alcoholic hepatitis,abdominal_pain,,,"swelling_of_stomach,vomiting",,yellowish_skin,,,,,,,"distention_of_abdomen,history_of_alcohol_consumption"
Alcoholic hepatitis,abdominal_pain,,,"swelling_of_stomach,vomiting",,yellowish_skin,,,,,,,"distention_of_abdomen,fluid_overload,history_of_alcohol_consumption"
Tuberculosis,chest_pain,"blood_in_sputum,breathlessness,cough,phlegm","chills,high_fever,mild_fever,sweating",vomiting,,,,yellowing_of_eyes,"fatigue,loss_of_appetite,malaise",,,weight_loss,swelled_lymph_nodes
Tuberculosis,chest_pain,"blood_in_sputum,breathlessness,cough,phlegm","chills,high_fever,mild_fever,sweating",vomiting,,,,yellowing_of_eyes,"fatigue,loss_of_appetite,malaise",,,weight_loss,swelled_lymph_nodes
Tuberculosis,chest_pain,"blood_in_sputum,breathlessness,cough,phlegm","high_fever,mild_fever,sweating",vomiting,,,,yellowing_of_eyes,"fatigue,loss_of_appetite,malaise",,,weight_loss,swelled_lymph_nodes
Tuberculosis,chest_pain,"blood_in_sputum,breathlessness,cough,phlegm","chills,high_fever,mild_fever,sweating",,,,,yellowing_of_eyes,"fatigue,loss_of_appetite,malaise",,,weight_loss,swelled_lymph_nodes
Tuberculosis,chest_pain,"blood_in_sputum,breathlessness,cough,phlegm","chills,high_fever,mild_fever,sweating",vomiting,,,,yellowing_of_eyes,"loss_of_appetite,malaise",,,weight_loss,swelled_lymph_nodes
Tuberculosis,chest_pain,"blood_in_sputum,breathlessness,cough,phlegm","chills,high_fever,mild_fever,sweating",vomiting,,,,yellowing_of_eyes,"fatigue,loss_of_appetite,malaise",,,,swelled_lymph_nodes
Tuberculosis,chest_pain,"blood_in_sputum,breathlessness,phlegm","chills,high_fever,mild_fever,sweating",vomiting,,,,yellowing_of_eyes,"fatigue,loss_of_appetite,malaise",,,weight_loss,swelled_lymph_nodes
Tuberculosis,chest_pain,"blood_in_sputum,breathlessness,cough,phlegm","chills,mild_fever,sweating",vomiting,,,,yellowing_of_eyes,"fatigue,loss_of_appetite,malaise",,,weight_loss,swelled_lymph_nodes
Tuberculosis,chest_pain,"blood_in_sputum,cough,phlegm","chills,high_fever,mild_fever,sweating",vomiting,,,,yellowing_of_eyes,"fatigue,loss_of_appetite,malaise",,,weight_loss,swelled_lymph_nodes
Tuberculosis,chest_pain,"blood_in_sputum,breathlessness,cough,phlegm","chills,high_fever,mild_fever",vomiting,,,,yellowing_of_eyes,"fatigue,loss_of_appetite,malaise",,,weight_loss,swelled_lymph_nodes
Common Cold,"chest_pain,headache,muscle_pain","congestion,continuous_sneezing,cough,phlegm,runny_nose,throat_irritation","chills,high_fever",,,redness_of_eyes,,,"fatigue,malaise",,,,"loss_of_smell,sinus_pressure,swelled_lymph_nodes"
Common Cold,"chest_pain,headache,muscle_pain","congestion,continuous_sneezing,cough,phlegm,runny_nose,throat_irritation","chills,high_fever",,,redness_of_eyes,,,"fatigue,malaise",,,,"loss_of_smell,sinus_pressure,swelled_lymph_nodes"
Common Cold,"chest_pain,headache,muscle_pain","congestion,cough,phlegm,runny_nose,throat_irritation","chills,high_fever",,,redness_of_eyes,,,"fatigue,malaise",,,,"loss_of_smell,sinus_pressure,swelled_lymph_nodes"
Common Cold,"chest_pain,headache,muscle_pain","congestion,continuous_sneezing,cough,phlegm,runny_nose,throat_irritation",high_fever,,,redness_of_eyes,,,"fatigue,malaise",,,,"loss_of_smell,sinus_pressure,swelled_lymph_nodes"
Common Cold,"chest_pain,headache,muscle_pain","congestion,continuous_sneezing,cough,phlegm,runny_nose,throat_irritation","chills,high_fever",,,redness_of_eyes,,,malaise,,,,"loss_of_smell,sinus_pressure,swelled_lymph_nodes"
Common Cold,"chest_pain,headache,muscle_pain","congestion,continuous_sneezing,phlegm,runny_nose,throat_irritation","chills,high_fever",,,redness_of_eyes,,,"fatigue,malaise",,,,"loss_of_smell,sinus_pressure,swelled_lymph_nodes"
Common Cold,"chest_pain,headache,muscle_pain","congestion,continuous_sneezing,cough,phlegm,runny_nose,throat_irritation",chills,,,redness_of_eyes,,,"fatigue,malaise",,,,"loss_of_smell,sinus_pressure,swelled_lymph_nodes"
Common Cold,"chest_pain,muscle_pain","congestion,continuous_sneezing,cough,phlegm,runny_nose,throat_irritation","chills,high_fever",,,redness_of_eyes,,,"fatigue,malaise",,,,"loss_of_smell,sinus_pressure,swelled_lymph_nodes"
Common Cold,"chest_pain,headache,muscle_pain","congestion,continuous_sneezing,cough,phlegm,runny_nose,throat_irritation","chills,high_fever",,,redness_of_eyes,,,"fatigue,malaise",,,,"loss_of_smell,sinus_pressure"
Common Cold,"chest_pain,headache,muscle_pain","congestion,continuous_sneezing,cough,phlegm,runny_nose,throat_irritation","chills,high_fever",,,redness_of_eyes,,,fatigue,,,,"loss_of_smell,sinus_pressure,swelled_lymph_nodes"
Pneumonia,chest_pain,"breathlessness,cough,rusty_sputum","chills,high_fever,sweating",,,,,,"fatigue,malaise",,,,fast_heart_rate
Pneumonia,chest_pain,"breathlessness,cough,phlegm,rusty_sputum","chills,high_fever,sweating",,,,,,"fatigue,malaise",,,,fast_heart_rate
Pneumonia,chest_pain,"breathlessness,cough,phlegm,rusty_sputum","chills,high_fever,sweating",,,,,,"fatigue,malaise",,,,fast_heart_rate
Pneumonia,chest_pain,"breathlessness,cough,phlegm,rusty_sputum","high_fever,sweating",,,,,,"fatigue,malaise",,,,fast_heart_rate
Pneumonia,chest_pain,"breathlessness,cough,phlegm,rusty_sputum","chills,high_fever,sweating",,,,,,malaise,,,,fast_heart_rate
Pneumonia,chest_pain,"breathlessness,phlegm,rusty_sputum","chills,high_fever,sweating",,,,,,"fatigue,malaise",,,,fast_heart_rate
Pneumonia,chest_pain,"breathlessness,cough,phlegm,rusty_sputum","chills,sweating",,,,,,"fatigue,malaise",,,,fast_heart_rate
Pneumonia,chest_pain,"cough,phlegm,rusty_sputum","chills,high_fever,sweating",,,,,,"fatigue,malaise",,,,fast_heart_rate
Pneumonia,chest_pain,"breathlessness,cough,phlegm,rusty_sputum","chills,high_fever",,,,,,"fatigue,malaise",,,,fast_heart_rate
Pneumonia,chest_pain,"breathlessness,cough,phlegm,rusty_sputum","chills,high_fever,sweating",,,,,,fatigue,,,,fast_heart_rate
Dimorphic hemmorhoids(piles),"pain_during_bowel_movements,pain_in_anal_region",,,constipation,,,,,,,,,"bloody_stool,irritation_in_anus"
Dimorphic hemmorhoids(piles),"pain_during_bowel_movements,pain_in_anal_region",,,constipation,,,,,,,,,"bloody_stool,irritation_in_anus"
Dimorphic hemmorhoids(piles),"pain_during_bowel_movements,pain_in_anal_region",,,constipation,,,,,,,,,"bloody_stool,irritation_in_anus"
Dimorphic hemmorhoids(piles),"pain_during_bowel_movements,pain_in_anal_region",,,,,,,,,,,,"bloody_stool,irritation_in_anus"
Dimorphic hemmorhoids(piles),pain_in_anal_region,,,constipation,,,,,,,,,"bloody_stool,irritation_in_anus"
Dimorphic hemmorhoids(piles),pain_during_bowel_movements,,,constipation,,,,,,,,,"bloody_stool,irritation_in_anus"
Dimorphic hemmorhoids(piles),"pain_during_bowel_movements,pain_in_anal_region",,,constipation,,,,,,,,,irritation_in_anus
Dimorphic hemmorhoids(piles),"pain_during_bowel_movements,pain_in_anal_region",,,constipation,,,,,,,,,bloody_stool
Dimorphic hemmorhoids(piles),"pain_during_bowel_movements,pain_in_anal_region",,,constipation,,,,,,,,,"bloody_stool,irritation_in_anus"
Dimorphic hemmorhoids(piles),"pain_during_bowel_movements,pain_in_anal_region",,,constipation,,,,,,,,,"bloody_stool,irritation_in_anus"
Heart attack,chest_pain,breathlessness,sweating,vomiting,,,,,,,,,
Heart attack,chest_pain,breathlessness,sweating,vomiting,,,,,,,,,
Heart attack,chest_pain,breathlessness,sweating,,,,,,,,,,
Heart attack,chest_pain,,sweating,vomiting,,,,,,,,,
Heart attack,chest_pain,breathlessness,,vomiting,,,,,,,,,
Heart attack,,breathlessness,sweating,vomiting,,,,,,,,,
Heart attack,chest_pain,breathlessness,sweating,vomiting,,,,,,,,,
Heart attack,chest_pain,breathlessness,sweating,,,,,,,,,,
Heart attack,chest_pain,,sweating,vomiting,,,,,,,,,
Heart attack,chest_pain,breathlessness,,vomiting,,,,,,,,,
Varicose veins,cramps,,,,,,,,fatigue,,,obesity,"bruising,prominent_veins_on_calf,swollen_blood_vessels,swollen_legs"
Varicose veins,cramps,,,,,,,,fatigue,,,obesity,"bruising,prominent_veins_on_calf,swollen_blood_vessels,swollen_legs"
Varicose veins,cramps,,,,,,,,,,,obesity,"bruising,prominent_veins_on_calf,swollen_blood_vessels,swollen_legs"
Varicose veins,,,,,,,,,fatigue,,,obesity,"bruising,prominent_veins_on_calf,swollen_blood_vessels,swollen_legs"
Varicose veins,cramps,,,,,,,,fatigue,,,obesity,"prominent_veins_on_calf,swollen_blood_vessels,swollen_legs"
Varicose veins,cramps,,,,,,,,fatigue,,,,"bruising,prominent_veins_on_calf,swollen_blood_vessels,swollen_legs"
Varicose veins,cramps,,,,,,,,fatigue,,,obesity,"bruising,prominent_veins_on_calf,swollen_blood_vessels"
Varicose veins,cramps,,,,,,,,fatigue,,,obesity,"bruising,prominent_veins_on_calf,swollen_legs"
Varicose veins,cramps,,,,,,,,fatigue,,,obesity,"bruising,swollen_blood_vessels,swollen_legs"
Varicose veins,cramps,,,,,,,,fatigue,,,obesity,"bruising,prominent_veins_on_calf,swollen_legs"
Hypothyroidism,,,,,,,dizziness,puffy_face_and_eyes,"fatigue,lethargy","depression,irritability,mood_swings",,weight_gain,"abnormal_menstruation,brittle_nails,cold_hands_and_feets,enlarged_thyroid,swollen_extremeties"
Hypothyroidism,,,,,,,dizziness,puffy_face_and_eyes,"fatigue,lethargy","depression,irritability,mood_swings",,weight_gain,"abnormal_menstruation,brittle_nails,cold_hands_and_feets,enlarged_thyroid,swollen_extremeties"
Hypothyroidism,,,,,,,dizziness,puffy_face_and_eyes,lethargy,"depression,irritability,mood_swings",,weight_gain,"abnormal_menstruation,brittle_nails,cold_hands_and_feets,enlarged_thyroid,swollen_extremeties"
Hypothyroidism,,,,,,,dizziness,puffy_face_and_eyes,lethargy,"depression,irritability,mood_swings",,weight_gain,"abnormal_menstruation,brittle_nails,cold_hands_and_feets,enlarged_thyroid,swollen_extremeties"
Hypothyroidism,,,,,,,dizziness,puffy_face_and_eyes,"fatigue,lethargy","depression,irritability,mood_swings",,,"abnormal_menstruation,brittle_nails,cold_hands_and_feets,enlarged_thyroid,swollen_extremeties"
Hypothyroidism,,,,,,,dizziness,puffy_face_and_eyes,"fatigue,lethargy","depression,irritability,mood_swings",,weight_gain,"abnormal_menstruation,brittle_nails,enlarged_thyroid,swollen_extremeties"
Hypothyroidism,,,,,,,dizziness,puffy_face_and_eyes,"fatigue,lethargy","depression,irritability",,weight_gain,"abnormal_menstruation,brittle_nails,cold_hands_and_feets,enlarged_thyroid,swollen_extremeties"
Hypothyroidism,,,,,,,dizziness,puffy_face_and_eyes,fatigue,"depression,irritability,mood_swings",,weight_gain,"abnormal_menstruation,brittle_nails,cold_hands_and_feets,enlarged_thyroid,swollen_extremeties"
Hypothyroidism,,,,,,,,puffy_face_and_eyes,"fatigue,lethargy","depression,irritability,mood_swings",,weight_gain,"abnormal_menstruation,brittle_nails,cold_hands_and_feets,enlarged_thyroid,swollen_extremeties"
Hypothyroidism,,,,,,,dizziness,,"fatigue,lethargy","depression,irritability,mood_swings",,weight_gain,"abnormal_menstruation,brittle_nails,cold_hands_and_feets,enlarged_thyroid,swollen_extremeties"
Hyperthyroidism,,,sweating,diarrhoea,,,muscle_weakness,,"excessive_hunger,fatigue","irritability,mood_swings,restlessness",,weight_loss,"abnormal_menstruation,fast_heart_rate"
Hyperthyroidism,,,sweating,diarrhoea,,,muscle_weakness,,"excessive_hunger,fatigue","irritability,mood_swings,restlessness",,weight_loss,"abnormal_menstruation,fast_heart_rate"
Hyperthyroidism,,,sweating,diarrhoea,,,muscle_weakness,,excessive_hunger,"irritability,mood_swings,restlessness",,weight_loss,"abnormal_menstruation,fast_heart_rate"
Hyperthyroidism,,,sweating,diarrhoea,,,muscle_weakness,,"excessive_hunger,fatigue","irritability,restlessness",,weight_loss,"abnormal_menstruation,fast_heart_rate"
Hyperthyroidism,,,sweating,diarrhoea,,,muscle_weakness,,"excessive_hunger,fatigue","irritability,mood_swings,restlessness",,,"abnormal_menstruation,fast_heart_rate"
Hyperthyroidism,,,sweating,diarrhoea,,,muscle_weakness,,"excessive_hunger,fatigue","irritability,mood_swings",,weight_loss,"abnormal_menstruation,fast_heart_rate"
Hyperthyroidism,,,,diarrhoea,,,muscle_weakness,,"excessive_hunger,fatigue","irritability,mood_swings,restlessness",,weight_loss,"abnormal_menstruation,fast_heart_rate"
Hyperthyroidism,,,sweating,,,,muscle_weakness,,"excessive_hunger,fatigue","irritability,mood_swings,restlessness",,weight_loss,"abnormal_menstruation,fast_heart_rate"
Hyperthyroidism,,,sweating,diarrhoea,,,muscle_weakness,,"excessive_hunger,fatigue","irritability,mood_swings,restlessness",,weight_loss,abnormal_menstruation
Hyperthyroidism,,,sweating,diarrhoea,,,muscle_weakness,,fatigue,"irritability,mood_swings,restlessness",,weight_loss,"abnormal_menstruation,fast_heart_rate"
Hypoglycemia,headache,,sweating,"nausea,vomiting",,,slurred_speech,blurred_and_distorted_vision,"excessive_hunger,fatigue","anxiety,irritability",,,palpitations
Hypoglycemia,headache,,sweating,"nausea,vomiting",,,slurred_speech,blurred_and_distorted_vision,"excessive_hunger,fatigue","anxiety,irritability",,,"drying_and_tingling_lips,palpitations"
Hypoglycemia,headache,,sweating,"nausea,vomiting",,,slurred_speech,blurred_and_distorted_vision,"excessive_hunger,fatigue","anxiety,irritability",,,"drying_and_tingling_lips,palpitations"
Hypoglycemia,headache,,sweating,nausea,,,slurred_speech,blurred_and_distorted_vision,"excessive_hunger,fatigue","anxiety,irritability",,,"drying_and_tingling_lips,palpitations"
Hypoglycemia,headache,,sweating,"nausea,vomiting",,,slurred_speech,blurred_and_distorted_vision,excessive_hunger,"anxiety,irritability",,,"drying_and_tingling_lips,palpitations"
Hypoglycemia,headache,,sweating,"nausea,vomiting",,,slurred_speech,blurred_and_distorted_vision,"excessive_hunger,fatigue",irritability,,,"drying_and_tingling_lips,palpitations"
Hypoglycemia,headache,,,"nausea,vomiting",,,slurred_speech,blurred_and_distorted_vision,"excessive_hunger,fatigue","anxiety,irritability",,,"drying_and_tingling_lips,palpitations"
Hypoglycemia,,,sweating,"nausea,vomiting",,,slurred_speech,blurred_and_distorted_vision,"excessive_hunger,fatigue","anxiety,irritability",,,"drying_and_tingling_lips,palpitations"
Hypoglycemia,headache,,sweating,vomiting,,,slurred_speech,blurred_and_distorted_vision,"excessive_hunger,fatigue","anxiety,irritability",,,"drying_and_tingling_lips,palpitations"
Hypoglycemia,headache,,sweating,"nausea,vomiting",,,slurred_speech,,"excessive_hunger,fatigue","anxiety,irritability",,,"drying_and_tingling_lips,palpitations"
Osteoarthristis,"hip_joint_pain,joint_pain,knee_pain,neck_pain,painful_walking",,,,,,,,,,swelling_joints,,
Osteoarthristis,"hip_joint_pain,joint_pain,knee_pain,neck_pain,painful_walking",,,,,,,,,,swelling_joints,,
Osteoarthristis,"hip_joint_pain,knee_pain,neck_pain,painful_walking",,,,,,,,,,swelling_joints,,
Osteoarthristis,"hip_joint_pain,joint_pain,knee_pain,painful_walking",,,,,,,,,,swelling_joints,,
Osteoarthristis,"hip_joint_pain,joint_pain,neck_pain,painful_walking",,,,,,,,,,swelling_joints,,
Osteoarthristis,"joint_pain,knee_pain,neck_pain,painful_walking",,,,,,,,,,swelling_joints,,
Osteoarthristis,"hip_joint_pain,joint_pain,knee_pain,neck_pain,painful_walking",,,,,,,,,,,,
Osteoarthristis,"hip_joint_pain,joint_pain,knee_pain,neck_pain",,,,,,,,,,swelling_joints,,
Osteoarthristis,"hip_joint_pain,joint_pain,knee_pain,neck_pain,painful_walking",,,,,,,,,,swelling_joints,,
Osteoarthristis,"hip_joint_pain,joint_pain,knee_pain,neck_pain,painful_walking",,,,,,,,,,swelling_joints,,
Arthritis,painful_walking,,,,,,muscle_weakness,,,,"movement_stiffness,stiff_neck,swelling_joints",,
Arthritis,painful_walking,,,,,,muscle_weakness,,,,"movement_stiffness,stiff_neck,swelling_joints",,
Arthritis,painful_walking,,,,,,,,,,"movement_stiffness,stiff_neck,swelling_joints",,
Arthritis,painful_walking,,,,,,muscle_weakness,,,,"movement_stiffness,swelling_joints",,
Arthritis,painful_walking,,,,,,muscle_weakness,,,,"movement_stiffness,stiff_neck",,
Arthritis,painful_walking,,,,,,muscle_weakness,,,,"stiff_neck,swelling_joints",,
Arthritis,painful_walking,,,,,,muscle_weakness,,,,"movement_stiffness,stiff_neck,swelling_joints",,
Arthritis,,,,,,,muscle_weakness,,,,"movement_stiffness,stiff_neck,swelling_joints",,
Arthritis,painful_walking,,,,,,muscle_weakness,,,,"movement_stiffness,stiff_neck,swelling_joints",,
Arthritis,painful_walking,,,,,,muscle_weakness,,,,"movement_stiffness,stiff_neck,swelling_joints",,
(vertigo) Paroymsal  Positional Vertigo,headache,,,"nausea,vomiting",,,"loss_of_balance,unsteadiness",,,,spinning_movements,,
(vertigo) Paroymsal  Positional Vertigo,headache,,,"nausea,vomiting",,,"loss_of_balance,unsteadiness",,,,spinning_movements,,
(vertigo) Paroymsal  Positional Vertigo,headache,,,nausea,,,"loss_of_balance,unsteadiness",,,,spinning_movements,,
(vertigo) Paroymsal  Positional Vertigo,,,,"nausea,vomiting",,,"loss_of_balance,unsteadiness",,,,spinning_movements,,
(vertigo) Paroymsal  Positional Vertigo,headache,,,vomiting,,,"loss_of_balance,unsteadiness",,,,spinning_movements,,
(vertigo) Paroymsal  Positional Vertigo,headache,,,"nausea,vomiting",,,"loss_of_balance,unsteadiness",,,,,,
(vertigo) Paroymsal  Positional Vertigo,headache,,,"nausea,vomiting",,,unsteadiness,,,,spinning_movements,,
(vertigo) Paroymsal  Positional Vertigo,headache,,,"nausea,vomiting",,,loss_of_balance,,,,spinning_movements,,
(vertigo) Paroymsal  Positional Vertigo,headache,,,"nausea,vomiting",,,"loss_of_balance,unsteadiness",,,,spinning_movements,,
(vertigo) Paroymsal  Positional Vertigo,headache,,,"nausea,vomiting",,,"loss_of_balance,unsteadiness",,,,,,
Acne,,,,,,"blackheads,pus_filled_pimples,skin_rash",,,,,,,scurring
Acne,,,,,,"blackheads,pus_filled_pimples,skin_rash",,,,,,,scurring
Acne,,,,,,"blackheads,pus_filled_pimples",,,,,,,scurring
Acne,,,,,,"blackheads,skin_rash",,,,,,,scurring
Acne,,,,,,"pus_filled_pimples,skin_rash",,,,,,,scurring
Acne,,,,,,"blackheads,pus_filled_pimples,skin_rash",,,,,,,
Acne,,,,,,"blackheads,pus_filled_pimples,skin_rash",,,,,,,scurring
Acne,,,,,,"blackheads,pus_filled_pimples,skin_rash",,,,,,,
Acne,,,,,,"pus_filled_pimples,skin_rash",,,,,,,scurring
Acne,,,,,,"blackheads,skin_rash",,,,,,,scurring
Urinary tract infection,,,,,"bladder_discomfort,burning_micturition,continuous_feel_of_urine,foul_smell_of_urine",,,,,,,,
Urinary tract infection,,,,,"bladder_discomfort,burning_micturition,continuous_feel_of_urine,foul_smell_of_urine",,,,,,,,
Urinary tract infection,,,,,"bladder_discomfort,continuous_feel_of_urine,foul_smell_of_urine",,,,,,,,
Urinary tract infection,,,,,"burning_micturition,continuous_feel_of_urine,foul_smell_of_urine",,,,,,,,
Urinary tract infection,,,,,"bladder_discomfort,burning_micturition,continuous_feel_of_urine",,,,,,,,
Urinary tract infection,,,,,"bladder_discomfort,burning_micturition,foul_smell_of_urine",,,,,,,,
Urinary tract infection,,,,,"bladder_discomfort,burning_micturition,continuous_feel_of_urine,foul_smell_of_urine",,,,,,,,
Urinary tract infection,,,,,"bladder_discomfort,burning_micturition,continuous_feel_of_urine",,,,,,,,
Urinary tract infection,,,,,"bladder_discomfort,continuous_feel_of_urine,foul_smell_of_urine",,,,,,,,
Urinary tract infection,,,,,"bladder_discomfort,burning_micturition,continuous_feel_of_urine",,,,,,,,
Psoriasis,joint_pain,,,,,"skin_peeling,skin_rash",,,,,,,"inflammatory_nails,silver_like_dusting,small_dents_in_nails"
Psoriasis,joint_pain,,,,,"skin_peeling,skin_rash",,,,,,,"inflammatory_nails,silver_like_dusting,small_dents_in_nails"
Psoriasis,joint_pain,,,,,skin_peeling,,,,,,,"inflammatory_nails,silver_like_dusting,small_dents_in_nails"
Psoriasis,,,,,,"skin_peeling,skin_rash",,,,,,,"inflammatory_nails,silver_like_dusting,small_dents_in_nails"
Psoriasis,joint_pain,,,,,skin_rash,,,,,,,"inflammatory_nails,silver_like_dusting,small_dents_in_nails"
Psoriasis,joint_pain,,,,,"skin_peeling,skin_rash",,,,,,,"inflammatory_nails,small_dents_in_nails"
Psoriasis,joint_pain,,,,,"skin_peeling,skin_rash",,,,,,,"inflammatory_nails,silver_like_dusting"
Psoriasis,joint_pain,,,,,"skin_peeling,skin_rash",,,,,,,"silver_like_dusting,small_dents_in_nails"
Psoriasis,joint_pain,,,,,"skin_peeling,skin_rash",,,,,,,"inflammatory_nails,silver_like_dusting,small_dents_in_nails"
Psoriasis,joint_pain,,,,,"skin_peeling,skin_rash",,,,,,,"inflammatory_nails,silver_like_dusting,small_dents_in_nails"
Impetigo,red_sore_around_nose,,high_fever,,,"blister,skin_rash",,,,,,,yellow_crust_ooze
Impetigo,red_sore_around_nose,,high_fever,,,"blister,skin_rash",,,,,,,yellow_crust_ooze
Impetigo,red_sore_around_nose,,high_fever,,,blister,,,,,,,yellow_crust_ooze
Impetigo,red_sore_around_nose,,,,,"blister,skin_rash",,,,,,,yellow_crust_ooze
Impetigo,red_sore_around_nose,,,,,"blister,skin_rash",,,,,,,yellow_crust_ooze
Impetigo,red_sore_around_nose,,high_fever,,,skin_rash,,,,,,,yellow_crust_ooze
Impetigo,,,high_fever,,,"blister,skin_rash",,,,,,,yellow_crust_ooze
Impetigo,red_sore_around_nose,,high_fever,,,"blister,skin_rash",,,,,,,
Impetigo,red_sore_around_nose,,high_fever,,,"blister,skin_rash",,,,,,,yellow_crust_ooze
Impetigo,red_sore_around_nose,,,,,"blister,skin_rash",,,,,,,yellow_crust_ooze
Fungal infection,,,,,,"dischromic__patches,itching,nodal_skin_eruptions,skin_rash",,,,,,,
Fungal infection,,,,,,"dischromic__patches,nodal_skin_eruptions,skin_rash",,,,,,,
Fungal infection,,,,,,"dischromic__patches,itching,nodal_skin_eruptions",,,,,,,
Fungal infection,,,,,,"dischromic__patches,itching,skin_rash",,,,,,,
Fungal infection,,,,,,"itching,nodal_skin_eruptions,skin_rash",,,,,,,
Fungal infection,,,,,,"dischromic__patches,nodal_skin_eruptions,skin_rash",,,,,,,
Fungal infection,,,,,,"dischromic__patches,itching,nodal_skin_eruptions",,,,,,,
Fungal infection,,,,,,"dischromic__patches,itching,skin_rash",,,,,,,
Fungal infection,,,,,,"itching,nodal_skin_eruptions,skin_rash",,,,,,,
Fungal infection,,,,,,"dischromic__patches,itching,nodal_skin_eruptions,skin_rash",,,,,,,
Allergy,,continuous_sneezing,"chills,shivering",,,,,watering_from_eyes,,,,,
Allergy,,,"chills,shivering",,,,,watering_from_eyes,,,,,
Allergy,,continuous_sneezing,chills,,,,,watering_from_eyes,,,,,
Allergy,,continuous_sneezing,shivering,,,,,watering_from_eyes,,,,,
Allergy,,continuous_sneezing,"chills,shivering",,,,,,,,,,
Allergy,,,"chills,shivering",,,,,watering_from_eyes,,,,,
Allergy,,continuous_sneezing,chills,,,,,watering_from_eyes,,,,,
Allergy,,continuous_sneezing,shivering,,,,,watering_from_eyes,,,,,
Allergy,,continuous_sneezing,"chills,shivering",,,,,,,,,,
Allergy,,continuous_sneezing,"chills,shivering",,,,,watering_from_eyes,,,,,
GERD,"chest_pain,stomach_pain",cough,,"acidity,vomiting",,,,,,,,,ulcers_on_tongue
GERD,"chest_pain,stomach_pain",cough,,vomiting,,,,,,,,,ulcers_on_tongue
GERD,"chest_pain,stomach_pain",cough,,"acidity,vomiting",,,,,,,,,
GERD,"chest_pain,stomach_pain",cough,,acidity,,,,,,,,,ulcers_on_tongue
GERD,"chest_pain,stomach_pain",,,"acidity,vomiting",,,,,,,,,ulcers_on_tongue
GERD,stomach_pain,cough,,"acidity,vomiting",,,,,,,,,ulcers_on_tongue
GERD,chest_pain,cough,,"acidity,vomiting",,,,,,,,,ulcers_on_tongue
GERD,"chest_pain,stomach_pain",cough,,vomiting,,,,,,,,,ulcers_on_tongue
GERD,"chest_pain,stomach_pain",cough,,"acidity,vomiting",,,,,,,,,
GERD,"chest_pain,stomach_pain",cough,,acidity,,,,,,,,,ulcers_on_tongue
Chronic cholestasis,abdominal_pain,,,"nausea,vomiting",,"itching,yellowish_skin",,yellowing_of_eyes,loss_of_appetite,,,,
Chronic cholestasis,abdominal_pain,,,"nausea,vomiting",,yellowish_skin,,yellowing_of_eyes,loss_of_appetite,,,,
Chronic cholestasis,abdominal_pain,,,nausea,,"itching,yellowish_skin",,yellowing_of_eyes,loss_of_appetite,,,,
Chronic cholestasis,abdominal_pain,,,"nausea,vomiting",,itching,,yellowing_of_eyes,loss_of_appetite,,,,
Chronic cholestasis,abdominal_pain,,,vomiting,,"itching,yellowish_skin",,yellowing_of_eyes,loss_of_appetite,,,,
Chronic cholestasis,abdominal_pain,,,"nausea,vomiting",,"itching,yellowish_skin",,yellowing_of_eyes,,,,,
Chronic cholestasis,,,,"nausea,vomiting",,"itching,yellowish_skin",,yellowing_of_eyes,loss_of_appetite,,,,
Chronic cholestasis,abdominal_pain,,,"nausea,vomiting",,"itching,yellowish_skin",,,loss_of_appetite,,,,
Chronic cholestasis,abdominal_pain,,,"nausea,vomiting",,"itching,yellowish_skin",,yellowing_of_eyes,loss_of_appetite,,,,
Chronic cholestasis,abdominal_pain,,,"nausea,vomiting",,"itching,yellowish_skin",,yellowing_of_eyes,loss_of_appetite,,,,
Drug Reaction,stomach_pain,,,,"burning_micturition,spotting__urination","itching,skin_rash",,,,,,,
Drug Reaction,stomach_pain,,,,"burning_micturition,spotting__urination",itching,,,,,,,
Drug Reaction,,,,,"burning_micturition,spotting__urination","itching,skin_rash",,,,,,,
Drug Reaction,stomach_pain,,,,spotting__urination,"itching,skin_rash",,,,,,,
Drug Reaction,stomach_pain,,,,burning_micturition,"itching,skin_rash",,,,,,,
Drug Reaction,stomach_pain,,,,"burning_micturition,spotting__urination",skin_rash,,,,,,,
Drug Reaction,stomach_pain,,,,"burning_micturition,spotting__urination",itching,,,,,,,
Drug Reaction,,,,,"burning_micturition,spotting__urination","itching,skin_rash",,,,,,,
Drug Reaction,stomach_pain,,,,spotting__urination,"itching,skin_rash",,,,,,,
Drug Reaction,stomach_pain,,,,burning_micturition,"itching,skin_rash",,,,,,,
Peptic ulcer diseae,abdominal_pain,,,"passage_of_gases,vomiting",,internal_itching,,,loss_of_appetite,,,,
Peptic ulcer diseae,abdominal_pain,,,"indigestion,passage_of_gases,vomiting",,internal_itching,,,,,,,
Peptic ulcer diseae,abdominal_pain,,,"indigestion,passage_of_gases",,internal_itching,,,loss_of_appetite,,,,
Peptic ulcer diseae,abdominal_pain,,,"passage_of_gases,vomiting",,internal_itching,,,loss_of_appetite,,,,
Peptic ulcer diseae,abdominal_pain,,,"indigestion,passage_of_gases,vomiting",,internal_itching,,,,,,,
Peptic ulcer diseae,,,,"indigestion,passage_of_gases,vomiting",,internal_itching,,,loss_of_appetite,,,,
Peptic ulcer diseae,abdominal_pain,,,"indigestion,vomiting",,internal_itching,,,loss_of_appetite,,,,
Peptic ulcer diseae,abdominal_pain,,,"indigestion,passage_of_gases,vomiting",,,,,loss_of_appetite,,,,
Peptic ulcer diseae,abdominal_pain,,,"indigestion,passage_of_gases,vomiting",,internal_itching,,,loss_of_appetite,,,,
Peptic ulcer diseae,abdominal_pain,,,"indigestion,passage_of_gases,vomiting",,internal_itching,,,loss_of_appetite,,,,
AIDS,,patches_in_throat,high_fever,,,,,,,,muscle_wasting,,extra_marital_contacts
AIDS,,patches_in_throat,high_fever,,,,,,,,,,extra_marital_contacts
AIDS,,,high_fever,,,,,,,,muscle_wasting,,extra_marital_contacts
AIDS,,patches_in_throat,,,,,,,,,muscle_wasting,,extra_marital_contacts
AIDS,,patches_in_throat,high_fever,,,,,,,,muscle_wasting,,
AIDS,,patches_in_throat,high_fever,,,,,,,,muscle_wasting,,extra_marital_contacts
AIDS,,patches_in_throat,high_fever,,,,,,,,muscle_wasting,,extra_marital_contacts
AIDS,,patches_in_throat,high_fever,,,,,,,,,,extra_marital_contacts
AIDS,,,high_fever,,,,,,,,muscle_wasting,,extra_marital_contacts
AIDS,,patches_in_throat,high_fever,,,,,,,,muscle_wasting,,
Diabetes ,,,,,polyuria,,,blurred_and_distorted_vision,"excessive_hunger,fatigue,increased_appetite,lethargy",restlessness,,"obesity,weight_loss",irregular_sugar_level
Diabetes ,,,,,polyuria,,,blurred_and_distorted_vision,"excessive_hunger,fatigue,increased_appetite,lethargy",restlessness,,"obesity,weight_loss",irregular_sugar_level
Diabetes ,,,,,polyuria,,,blurred_and_distorted_vision,"excessive_hunger,increased_appetite,lethargy",restlessness,,"obesity,weight_loss",irregular_sugar_level
Diabetes ,,,,,polyuria,,,blurred_and_distorted_vision,"excessive_hunger,fatigue,increased_appetite,lethargy",restlessness,,obesity,irregular_sugar_level
Diabetes ,,,,,polyuria,,,blurred_and_distorted_vision,"excessive_hunger,fatigue,increased_appetite,lethargy",,,"obesity,weight_loss",irregular_sugar_level
Diabetes ,,,,,polyuria,,,blurred_and_distorted_vision,"excessive_hunger,fatigue,increased_appetite",restlessness,,"obesity,weight_loss",irregular_sugar_level
Diabetes ,,,,,polyuria,,,blurred_and_distorted_vision,"excessive_hunger,fatigue,increased_appetite,lethargy",restlessness,,"obesity,weight_loss",
Diabetes ,,,,,polyuria,,,,"excessive_hunger,fatigue,increased_appetite,lethargy",restlessness,,"obesity,weight_loss",irregular_sugar_level
Diabetes ,,,,,polyuria,,,blurred_and_distorted_vision,"excessive_hunger,fatigue,increased_appetite,lethargy",restlessness,,weight_loss,irregular_sugar_level
Diabetes ,,,,,polyuria,,,blurred_and_distorted_vision,"fatigue,increased_appetite,lethargy",restlessness,,"obesity,weight_loss",irregular_sugar_level
Gastroenteritis,,,,"diarrhoea,vomiting",,,,sunken_eyes,,,,,dehydration
Gastroenteritis,,,,"diarrhoea,vomiting",,,,sunken_eyes,,,,,dehydration
Gastroenteritis,,,,diarrhoea,,,,sunken_eyes,,,,,dehydration
Gastroenteritis,,,,"diarrhoea,vomiting",,,,,,,,,dehydration
Gastroenteritis,,,,"diarrhoea,vomiting",,,,sunken_eyes,,,,,
Gastroenteritis,,,,vomiting,,,,sunken_eyes,,,,,dehydration
Gastroenteritis,,,,"diarrhoea,vomiting",,,,sunken_eyes,,,,,dehydration
Gastroenteritis,,,,diarrhoea,,,,sunken_eyes,,,,,dehydration
Gastroenteritis,,,,"diarrhoea,vomiting",,,,,,,,,dehydration
Gastroenteritis,,,,"diarrhoea,vomiting",,,,sunken_eyes,,,,,
Bronchial Asthma,,"breathlessness,cough,mucoid_sputum",high_fever,,,,,,fatigue,,,,family_history
Bronchial Asthma,,"breathlessness,cough,mucoid_sputum",high_fever,,,,,,,,,,family_history
Bronchial Asthma,,"breathlessness,mucoid_sputum",high_fever,,,,,,fatigue,,,,family_history
Bronchial Asthma,,"breathlessness,cough,mucoid_sputum",,,,,,,fatigue,,,,family_history
Bronchial Asthma,,"cough,mucoid_sputum",high_fever,,,,,,fatigue,,,,family_history
Bronchial Asthma,,"breathlessness,cough,mucoid_sputum",high_fever,,,,,,fatigue,,,,
Bronchial Asthma,,"breathlessness,cough",high_fever,,,,,,fatigue,,,,family_history
Bronchial Asthma,,"breathlessness,cough,mucoid_sputum",high_fever,,,,,,fatigue,,,,family_history
Bronchial Asthma,,"breathlessness,cough,mucoid_sputum",high_fever,,,,,,,,,,family_history
Bronchial Asthma,,"breathlessness,mucoid_sputum",high_fever,,,,,,fatigue,,,,family_history
Hypertension ,"chest_pain,headache",,,,,,"dizziness,loss_of_balance",,,lack_of_concentration,,,
Hypertension ,chest_pain,,,,,,"dizziness,loss_of_balance",,,lack_of_concentration,,,
Hypertension ,headache,,,,,,"dizziness,loss_of_balance",,,lack_of_concentration,,,
Hypertension ,"chest_pain,headache",,,,,,loss_of_balance,,,lack_of_concentration,,,
Hypertension ,"chest_pain,headache",,,,,,dizziness,,,lack_of_concentration,,,
Hypertension ,"chest_pain,headache",,,,,,"dizziness,loss_of_balance",,,,,,
Hypertension ,"chest_pain,headache",,,,,,"dizziness,loss_of_balance",,,lack_of_concentration,,,
Hypertension ,chest_pain,,,,,,"dizziness,loss_of_balance",,,lack_of_concentration,,,
Hypertension ,headache,,,,,,"dizziness,loss_of_balance",,,lack_of_concentration,,,
Hypertension ,"chest_pain,headache",,,,,,loss_of_balance,,,lack_of_concentration,,,
Migraine,headache,,,"acidity,indigestion",,,,blurred_and_distorted_vision,excessive_hunger,"depression,irritability",stiff_neck,,visual_disturbances
Migraine,headache,,,indigestion,,,,blurred_and_distorted_vision,excessive_hunger,"depression,irritability",stiff_neck,,visual_disturbances
Migraine,headache,,,acidity,,,,blurred_and_distorted_vision,excessive_hunger,"depression,irritability",stiff_neck,,visual_disturbances
Migraine,,,,"acidity,indigestion",,,,blurred_and_distorted_vision,excessive_hunger,"depression,irritability",stiff_neck,,visual_disturbances
Migraine,headache,,,"acidity,indigestion",,,,,excessive_hunger,"depression,irritability",stiff_neck,,visual_disturbances
Migraine,headache,,,"acidity,indigestion",,,,blurred_and_distorted_vision,,"depression,irritability",stiff_neck,,visual_disturbances
Migraine,headache,,,"acidity,indigestion",,,,blurred_and_distorted_vision,excessive_hunger,"depression,irritability",,,visual_disturbances
Migraine,headache,,,"acidity,indigestion",,,,blurred_and_distorted_vision,excessive_hunger,irritability,stiff_neck,,visual_disturbances
Migraine,headache,,,"acidity,indigestion",,,,blurred_and_distorted_vision,excessive_hunger,depression,stiff_neck,,visual_disturbances
Migraine,headache,,,"acidity,indigestion",,,,blurred_and_distorted_vision,excessive_hunger,"depression,irritability",stiff_neck,,
Cervical spondylosis,"back_pain,neck_pain",,,,,,"dizziness,loss_of_balance,weakness_in_limbs",,,,,,
Cervical spondylosis,"back_pain,neck_pain",,,,,,"dizziness,loss_of_balance,weakness_in_limbs",,,,,,
Cervical spondylosis,neck_pain,,,,,,"dizziness,loss_of_balance,weakness_in_limbs",,,,,,
Cervical spondylosis,"back_pain,neck_pain",,,,,,"dizziness,loss_of_balance",,,,,,
Cervical spondylosis,back_pain,,,,,,"dizziness,loss_of_balance,weakness_in_limbs",,,,,,
Cervical spondylosis,"back_pain,neck_pain",,,,,,"loss_of_balance,weakness_in_limbs",,,,,,
Cervical spondylosis,"back_pain,neck_pain",,,,,,"dizziness,weakness_in_limbs",,,,,,
Cervical spondylosis,"back_pain,neck_pain",,,,,,"dizziness,loss_of_balance,weakness_in_limbs",,,,,,
Cervical spondylosis,neck_pain,,,,,,"dizziness,loss_of_balance,weakness_in_limbs",,,,,,
Cervical spondylosis,"back_pain,neck_pain",,,,,,"dizziness,loss_of_balance",,,,,,
Paralysis (brain hemorrhage),headache,,,vomiting,,,"altered_sensorium,weakness_of_one_body_side",,,,,,
Paralysis (brain hemorrhage),headache,,,vomiting,,,"altered_sensorium,weakness_of_one_body_side",,,,,,
Paralysis (brain hemorrhage),headache,,,,,,"altered_sensorium,weakness_of_one_body_side",,,,,,
Paralysis (brain hemorrhage),,,,vomiting,,,"altered_sensorium,weakness_of_one_body_side",,,,,,
Paralysis (brain hemorrhage),headache,,,vomiting,,,altered_sensorium,,,,,,
Paralysis (brain hemorrhage),headache,,,vomiting,,,weakness_of_one_body_side,,,,,,
Paralysis (brain hemorrhage),headache,,,vomiting,,,"altered_sensorium,weakness_of_one_body_side",,,,,,
Paralysis (brain hemorrhage),headache,,,,,,"altered_sensorium,weakness_of_one_body_side",,,,,,
Paralysis (brain hemorrhage),,,,vomiting,,,"altered_sensorium,weakness_of_one_body_side",,,,,,
Paralysis (brain hemorrhage),headache,,,vomiting,,,altered_sensorium,,,,,,
Jaundice,abdominal_pain,,high_fever,vomiting,dark_urine,"itching,yellowish_skin",,,fatigue,,,weight_loss,
Jaundice,abdominal_pain,,high_fever,vomiting,dark_urine,"itching,yellowish_skin",,,fatigue,,,weight_loss,
Jaundice,abdominal_pain,,high_fever,vomiting,dark_urine,yellowish_skin,,,fatigue,,,weight_loss,
Jaundice,abdominal_pain,,high_fever,,dark_urine,"itching,yellowish_skin",,,fatigue,,,weight_loss,
Jaundice,abdominal_pain,,high_fever,vomiting,dark_urine,"itching,yellowish_skin",,,,,,weight_loss,
Jaundice,abdominal_pain,,high_fever,vomiting,dark_urine,"itching,yellowish_skin",,,fatigue,,,,
Jaundice,abdominal_pain,,,vomiting,dark_urine,"itching,yellowish_skin",,,fatigue,,,weight_loss,
Jaundice,abdominal_pain,,high_fever,vomiting,dark_urine,itching,,,fatigue,,,weight_loss,
Jaundice,abdominal_pain,,high_fever,vomiting,,"itching,yellowish_skin",,,fatigue,,,weight_loss,
Jaundice,,,high_fever,vomiting,dark_urine,"itching,yellowish_skin",,,fatigue,,,weight_loss,
Malaria,"headache,muscle_pain",,"chills,high_fever,sweating","nausea,vomiting",,,,,,,,,
Malaria,"headache,muscle_pain",,"chills,high_fever,sweating","diarrhoea,nausea,vomiting",,,,,,,,,
Malaria,"headache,muscle_pain",,"chills,high_fever,sweating","diarrhoea,nausea,vomiting",,,,,,,,,
Malaria,"headache,muscle_pain",,"high_fever,sweating","diarrhoea,nausea,vomiting",,,,,,,,,
Malaria,"headache,muscle_pain",,"chills,high_fever,sweating","diarrhoea,nausea",,,,,,,,,
Malaria,"headache,muscle_pain",,"chills,sweating","diarrhoea,nausea,vomiting",,,,,,,,,
Malaria,"headache,muscle_pain",,"chills,high_fever","diarrhoea,nausea,vomiting",,,,,,,,,
Malaria,muscle_pain,,"chills,high_fever,sweating","diarrhoea,nausea,vomiting",,,,,,,,,
Malaria,"headache,muscle_pain",,"chills,high_fever,sweating","diarrhoea,vomiting",,,,,,,,,
Malaria,"headache,muscle_pain",,"chills,high_fever,sweating","nausea,vomiting",,,,,,,,,
Chicken pox,headache,,"high_fever,mild_fever",,,"itching,skin_rash",,,"fatigue,lethargy,loss_of_appetite,malaise",,,,"red_spots_over_body,swelled_lymph_nodes"
Chicken pox,headache,,"high_fever,mild_fever",,,skin_rash,,,"fatigue,lethargy,loss_of_appetite,malaise",,,,"red_spots_over_body,swelled_lymph_nodes"
Chicken pox,headache,,"high_fever,mild_fever",,,itching,,,"fatigue,lethargy,loss_of_appetite,malaise",,,,"red_spots_over_body,swelled_lymph_nodes"
Chicken pox,headache,,"high_fever,mild_fever",,,"itching,skin_rash",,,"lethargy,loss_of_appetite,malaise",,,,"red_spots_over_body,swelled_lymph_nodes"
Chicken pox,headache,,"high_fever,mild_fever",,,"itching,skin_rash",,,"fatigue,loss_of_appetite,malaise",,,,"red_spots_over_body,swelled_lymph_nodes"
Chicken pox,headache,,mild_fever,,,"itching,skin_rash",,,"fatigue,lethargy,loss_of_appetite,malaise",,,,"red_spots_over_body,swelled_lymph_nodes"
Chicken pox,,,"high_fever,mild_fever",,,"itching,skin_rash",,,"fatigue,lethargy,loss_of_appetite,malaise",,,,"red_spots_over_body,swelled_lymph_nodes"
Chicken pox,headache,,"high_fever,mild_fever",,,"itching,skin_rash",,,"fatigue,lethargy,malaise",,,,"red_spots_over_body,swelled_lymph_nodes"
Chicken pox,headache,,high_fever,,,"itching,skin_rash",,,"fatigue,lethargy,loss_of_appetite,malaise",,,,"red_spots_over_body,swelled_lymph_nodes"
Chicken pox,headache,,"high_fever,mild_fever",,,"itching,skin_rash",,,"fatigue,lethargy,loss_of_appetite,malaise",,,,red_spots_over_body
Dengue,"back_pain,headache,joint_pain,muscle_pain,pain_behind_the_eyes",,"chills,high_fever","nausea,vomiting",,skin_rash,,,"fatigue,loss_of_appetite",,,,red_spots_over_body
Dengue,"back_pain,headache,joint_pain,pain_behind_the_eyes",,"chills,high_fever","nausea,vomiting",,skin_rash,,,"fatigue,loss_of_appetite,malaise",,,,red_spots_over_body
Dengue,"back_pain,headache,joint_pain,muscle_pain,pain_behind_the_eyes",,"chills,high_fever","nausea,vomiting",,skin_rash,,,"fatigue,loss_of_appetite,malaise",,,,
Dengue,"back_pain,headache,joint_pain,muscle_pain,pain_behind_the_eyes",,"chills,high_fever","nausea,vomiting",,skin_rash,,,"fatigue,loss_of_appetite,malaise",,,,red_spots_over_body
Dengue,"back_pain,headache,joint_pain,muscle_pain,pain_behind_the_eyes",,"chills,high_fever","nausea,vomiting",,,,,"fatigue,loss_of_appetite,malaise",,,,red_spots_over_body
Dengue,"back_pain,headache,joint_pain,muscle_pain,pain_behind_the_eyes",,high_fever,"nausea,vomiting",,skin_rash,,,"fatigue,loss_of_appetite,malaise",,,,red_spots_over_body
Dengue,"back_pain,headache,muscle_pain,pain_behind_the_eyes",,"chills,high_fever","nausea,vomiting",,skin_rash,,,"fatigue,loss_of_appetite,malaise",,,,red_spots_over_body
Dengue,"back_pain,headache,joint_pain,muscle_pain,pain_behind_the_eyes",,"chills,high_fever",nausea,,skin_rash,,,"fatigue,loss_of_appetite,malaise",,,,red_spots_over_body
Dengue,"back_pain,headache,joint_pain,muscle_pain,pain_behind_the_eyes",,"chills,high_fever","nausea,vomiting",,skin_rash,,,"loss_of_appetite,malaise",,,,red_spots_over_body
Dengue,"back_pain,headache,joint_pain,muscle_pain,pain_behind_the_eyes",,chills,"nausea,vomiting",,skin_rash,,,"fatigue,loss_of_appetite,malaise",,,,red_spots_over_body
Typhoid,"abdominal_pain,belly_pain",,"chills,high_fever","constipation,diarrhoea,nausea,vomiting",,,,,fatigue,,,,toxic_look_(typhos)
Typhoid,"abdominal_pain,belly_pain,headache",,"chills,high_fever","constipation,diarrhoea,vomiting",,,,,fatigue,,,,toxic_look_(typhos)
Typhoid,"abdominal_pain,belly_pain,headache",,"chills,high_fever","diarrhoea,nausea,vomiting",,,,,fatigue,,,,toxic_look_(typhos)
Typhoid,"belly_pain,headache",,"chills,high_fever","constipation,diarrhoea,nausea,vomiting",,,,,fatigue,,,,toxic_look_(typhos)
Typhoid,"abdominal_pain,belly_pain,headache",,"chills,high_fever","constipation,nausea,vomiting",,,,,fatigue,,,,toxic_look_(typhos)
Typhoid,"abdominal_pain,belly_pain,headache",,"chills,high_fever","constipation,diarrhoea,nausea,vomiting",,,,,fatigue,,,,
Typhoid,"abdominal_pain,headache",,"chills,high_fever","constipation,diarrhoea,nausea,vomiting",,,,,fatigue,,,,toxic_look_(typhos)
Typhoid,"abdominal_pain,belly_pain,headache",,"chills,high_fever","constipation,diarrhoea,nausea,vomiting",,,,,fatigue,,,,toxic_look_(typhos)
Typhoid,"abdominal_pain,belly_pain,headache",,"chills,high_fever","constipation,diarrhoea,nausea,vomiting",,,,,fatigue,,,,toxic_look_(typhos)
Typhoid,"abdominal_pain,belly_pain,headache",,"chills,high_fever","constipation,diarrhoea,nausea",,,,,fatigue,,,,toxic_look_(typhos)
hepatitis A,"abdominal_pain,joint_pain,muscle_pain",,mild_fever,"diarrhoea,nausea,vomiting",dark_urine,yellowish_skin,,yellowing_of_eyes,loss_of_appetite,,,,
hepatitis A,"abdominal_pain,joint_pain,muscle_pain",,mild_fever,"diarrhoea,nausea,vomiting",dark_urine,yellowish_skin,,yellowing_of_eyes,loss_of_appetite,,,,
hepatitis A,"abdominal_pain,muscle_pain",,mild_fever,"diarrhoea,nausea,vomiting",dark_urine,yellowish_skin,,yellowing_of_eyes,loss_of_appetite,,,,
hepatitis A,"abdominal_pain,joint_pain,muscle_pain",,mild_fever,"diarrhoea,nausea",dark_urine,yellowish_skin,,yellowing_of_eyes,loss_of_appetite,,,,
hepatitis A,"abdominal_pain,joint_pain,muscle_pain",,mild_fever,"diarrhoea,nausea,vomiting",dark_urine,,,yellowing_of_eyes,loss_of_appetite,,,,
hepatitis A,"abdominal_pain,joint_pain,muscle_pain",,mild_fever,"diarrhoea,nausea,vomiting",,yellowish_skin,,yellowing_of_eyes,loss_of_appetite,,,,
hepatitis A,"abdominal_pain,joint_pain,muscle_pain",,mild_fever,"diarrhoea,vomiting",dark_urine,yellowish_skin,,yellowing_of_eyes,loss_of_appetite,,,,
hepatitis A,"abdominal_pain,joint_pain,muscle_pain",,mild_fever,"diarrhoea,nausea,vomiting",dark_urine,yellowish_skin,,yellowing_of_eyes,,,,,
hepatitis A,"joint_pain,muscle_pain",,mild_fever,"diarrhoea,nausea,vomiting",dark_urine,yellowish_skin,,yellowing_of_eyes,loss_of_appetite,,,,
hepatitis A,"abdominal_pain,joint_pain,muscle_pain",,mild_fever,"nausea,vomiting",dark_urine,yellowish_skin,,yellowing_of_eyes,loss_of_appetite,,,,
Hepatitis B,abdominal_pain,,,,"dark_urine,yellow_urine","itching,yellowish_skin",,yellowing_of_eyes,"fatigue,lethargy,loss_of_appetite,malaise",,,,"receiving_blood_transfusion,receiving_unsterile_injections"
Hepatitis B,abdominal_pain,,,,"dark_urine,yellow_urine","itching,yellowish_skin",,yellowing_of_eyes,"fatigue,lethargy,loss_of_appetite,malaise",,,,"receiving_blood_transfusion,receiving_unsterile_injections"
Hepatitis B,abdominal_pain,,,,"dark_urine,yellow_urine",yellowish_skin,,yellowing_of_eyes,"fatigue,lethargy,loss_of_appetite,malaise",,,,"receiving_blood_transfusion,receiving_unsterile_injections"
Hepatitis B,abdominal_pain,,,,"dark_urine,yellow_urine","itching,yellowish_skin",,yellowing_of_eyes,"lethargy,loss_of_appetite,malaise",,,,"receiving_blood_transfusion,receiving_unsterile_injections"
Hepatitis B,abdominal_pain,,,,"dark_urine,yellow_urine","itching,yellowish_skin",,yellowing_of_eyes,"fatigue,loss_of_appetite,malaise",,,,"receiving_blood_transfusion,receiving_unsterile_injections"
Hepatitis B,abdominal_pain,,,,"dark_urine,yellow_urine",itching,,yellowing_of_eyes,"fatigue,lethargy,loss_of_appetite,malaise",,,,"receiving_blood_transfusion,receiving_unsterile_injections"
Hepatitis B,abdominal_pain,,,,yellow_urine,"itching,yellowish_skin",,yellowing_of_eyes,"fatigue,lethargy,loss_of_appetite,malaise",,,,"receiving_blood_transfusion,receiving_unsterile_injections"
Hepatitis B,abdominal_pain,,,,"dark_urine,yellow_urine","itching,yellowish_skin",,yellowing_of_eyes,"fatigue,lethargy,malaise",,,,"receiving_blood_transfusion,receiving_unsterile_injections"
Hepatitis B,,,,,"dark_urine,yellow_urine","itching,yellowish_skin",,yellowing_of_eyes,"fatigue,lethargy,loss_of_appetite,malaise",,,,"receiving_blood_transfusion,receiving_unsterile_injections"
Hepatitis B,abdominal_pain,,,,dark_urine,"itching,yellowish_skin",,yellowing_of_eyes,"fatigue,lethargy,loss_of_appetite,malaise",,,,"receiving_blood_transfusion,receiving_unsterile_injections"
Hepatitis C,,,,nausea,,yellowish_skin,,,"fatigue,loss_of_appetite",,,,family_history
Hepatitis C,,,,nausea,,yellowish_skin,,yellowing_of_eyes,"fatigue,loss_of_appetite",,,,family_history
Hepatitis C,,,,nausea,,yellowish_skin,,yellowing_of_eyes,loss_of_appetite,,,,family_history
Hepatitis C,,,,nausea,,,,yellowing_of_eyes,"fatigue,loss_of_appetite",,,,family_history
Hepatitis C,,,,,,yellowish_skin,,yellowing_of_eyes,"fatigue,loss_of_appetite",,,,family_history
Hepatitis C,,,,nausea,,yellowish_skin,,yellowing_of_eyes,fatigue,,,,family_history
Hepatitis C,,,,nausea,,yellowish_skin,,,"fatigue,loss_of_appetite",,,,family_history
Hepatitis C,,,,nausea,,yellowish_skin,,yellowing_of_eyes,"fatigue,loss_of_appetite",,,,
Hepatitis C,,,,nausea,,yellowish_skin,,yellowing_of_eyes,"fatigue,loss_of_appetite",,,,family_history
Hepatitis C,,,,nausea,,yellowish_skin,,yellowing_of_eyes,"fatigue,loss_of_appetite",,,,family_history
Hepatitis D,"abdominal_pain,joint_pain",,,"nausea,vomiting",dark_urine,yellowish_skin,,yellowing_of_eyes,"fatigue,loss_of_appetite",,,,
Hepatitis D,abdominal_pain,,,"nausea,vomiting",dark_urine,yellowish_skin,,yellowing_of_eyes,"fatigue,loss_of_appetite",,,,
Hepatitis D,"abdominal_pain,joint_pain",,,nausea,dark_urine,yellowish_skin,,yellowing_of_eyes,"fatigue,loss_of_appetite",,,,
Hepatitis D,"abdominal_pain,joint_pain",,,"nausea,vomiting",dark_urine,yellowish_skin,,yellowing_of_eyes,loss_of_appetite,,,,
Hepatitis D,"abdominal_pain,joint_pain",,,"nausea,vomiting",dark_urine,,,yellowing_of_eyes,"fatigue,loss_of_appetite",,,,
Hepatitis D,"abdominal_pain,joint_pain",,,"nausea,vomiting",,yellowish_skin,,yellowing_of_eyes,"fatigue,loss_of_appetite",,,,
Hepatitis D,"abdominal_pain,joint_pain",,,vomiting,dark_urine,yellowish_skin,,yellowing_of_eyes,"fatigue,loss_of_appetite",,,,
Hepatitis D,"abdominal_pain,joint_pain",,,"nausea,vomiting",dark_urine,yellowish_skin,,yellowing_of_eyes,fatigue,,,,
Hepatitis D,joint_pain,,,"nausea,vomiting",dark_urine,yellowish_skin,,yellowing_of_eyes,"fatigue,loss_of_appetite",,,,
Hepatitis D,"abdominal_pain,joint_pain",,,"nausea,vomiting",dark_urine,yellowish_skin,,,"fatigue,loss_of_appetite",,,,
Hepatitis E,"abdominal_pain,joint_pain",,high_fever,"nausea,stomach_bleeding,vomiting",dark_urine,yellowish_skin,coma,yellowing_of_eyes,"fatigue,loss_of_appetite",,,,
Hepatitis E,"abdominal_pain,joint_pain",,high_fever,"nausea,stomach_bleeding,vomiting",dark_urine,yellowish_skin,coma,yellowing_of_eyes,"fatigue,loss_of_appetite",,,,acute_liver_failure
Hepatitis E,"abdominal_pain,joint_pain",,high_fever,"nausea,stomach_bleeding,vomiting",dark_urine,yellowish_skin,coma,yellowing_of_eyes,"fatigue,loss_of_appetite",,,,acute_liver_failure
Hepatitis E,abdominal_pain,,high_fever,"nausea,stomach_bleeding,vomiting",dark_urine,yellowish_skin,coma,yellowing_of_eyes,"fatigue,loss_of_appetite",,,,acute_liver_failure
Hepatitis E,"abdominal_pain,joint_pain",,high_fever,"nausea,stomach_bleeding",dark_urine,yellowish_skin,coma,yellowing_of_eyes,"fatigue,loss_of_appetite",,,,acute_liver_failure
Hepatitis E,"abdominal_pain,joint_pain",,high_fever,"nausea,stomach_bleeding,vomiting",dark_urine,yellowish_skin,coma,yellowing_of_eyes,loss_of_appetite,,,,acute_liver_failure
Hepatitis E,"abdominal_pain,joint_pain",,,"nausea,stomach_bleeding,vomiting",dark_urine,yellowish_skin,coma,yellowing_of_eyes,"fatigue,loss_of_appetite",,,,acute_liver_failure
Hepatitis E,"abdominal_pain,joint_pain",,high_fever,"nausea,stomach_bleeding,vomiting",dark_urine,,coma,yellowing_of_eyes,"fatigue,loss_of_appetite",,,,acute_liver_failure
Hepatitis E,"abdominal_pain,joint_pain",,high_fever,"nausea,stomach_bleeding,vomiting",,yellowish_skin,coma,yellowing_of_eyes,"fatigue,loss_of_appetite",,,,acute_liver_failure
Hepatitis E,"abdominal_pain,joint_pain",,high_fever,"stomach_bleeding,vomiting",dark_urine,yellowish_skin,coma,yellowing_of_eyes,"fatigue,loss_of_appetite",,,,acute_liver_failure
Alcoholic hepatitis,abdominal_pain,,,"swelling_of_stomach,vomiting",,yellowish_skin,,,,,,,"distention_of_abdomen,fluid_overload,history_of_alcohol_consumption"
Alcoholic hepatitis,abdominal_pain,,,"swelling_of_stomach,vomiting",,yellowish_skin,,,,,,,"distention_of_abdomen,fluid_overload,history_of_alcohol_consumption"
Alcoholic hepatitis,abdominal_pain,,,swelling_of_stomach,,yellowish_skin,,,,,,,"distention_of_abdomen,fluid_overload,history_of_alcohol_consumption"
Alcoholic hepatitis,abdominal_pain,,,"swelling_of_stomach,vomiting",,,,,,,,,"distention_of_abdomen,fluid_overload,history_of_alcohol_consumption"
Alcoholic hepatitis,,,,"swelling_of_stomach,vomiting",,yellowish_skin,,,,,,,"distention_of_abdomen,fluid_overload,history_of_alcohol_consumption"
Alcoholic hepatitis,abdominal_pain,,,vomiting,,yellowish_skin,,,,,,,"distention_of_abdomen,fluid_overload,history_of_alcohol_consumption"
Alcoholic hepatitis,abdominal_pain,,,"swelling_of_stomach,vomiting",,yellowish_skin,,,,,,,"fluid_overload,history_of_alcohol_consumption"
Alcoholic hepatitis,abdominal_pain,,,"swelling_of_stomach,vomiting",,yellowish_skin,,,,,,,"distention_of_abdomen,fluid_overload"
Alcoholic hepatitis,abdominal_pain,,,"swelling_of_stomach,vomiting",,yellowish_skin,,,,,,,"distention_of_abdomen,history_of_alcohol_consumption"
Alcoholic hepatitis,abdominal_pain,,,"swelling_of_stomach,vomiting",,yellowish_skin,,,,,,,"distention_of_abdomen,fluid_overload,history_of_alcohol_consumption"
Tuberculosis,chest_pain,"blood_in_sputum,breathlessness,cough,phlegm","chills,high_fever,mild_fever,sweating",vomiting,,,,yellowing_of_eyes,"fatigue,loss_of_appetite,malaise",,,weight_loss,swelled_lymph_nodes
Tuberculosis,chest_pain,"blood_in_sputum,breathlessness,cough,phlegm","chills,high_fever,mild_fever,sweating",vomiting,,,,yellowing_of_eyes,"fatigue,loss_of_appetite,malaise",,,weight_loss,swelled_lymph_nodes
Tuberculosis,chest_pain,"blood_in_sputum,breathlessness,cough,phlegm","high_fever,mild_fever,sweating",vomiting,,,,yellowing_of_eyes,"fatigue,loss_of_appetite,malaise",,,weight_loss,swelled_lymph_nodes
Tuberculosis,chest_pain,"blood_in_sputum,breathlessness,cough,phlegm","chills,high_fever,mild_fever,sweating",,,,,yellowing_of_eyes,"fatigue,loss_of_appetite,malaise",,,weight_loss,swelled_lymph_nodes
Tuberculosis,chest_pain,"blood_in_sputum,breathlessness,cough,phlegm","chills,high_fever,mild_fever,sweating",vomiting,,,,yellowing_of_eyes,"loss_of_appetite,malaise",,,weight_loss,swelled_lymph_nodes
Tuberculosis,chest_pain,"blood_in_sputum,breathlessness,cough,phlegm","chills,high_fever,mild_fever,sweating",vomiting,,,,yellowing_of_eyes,"fatigue,loss_of_appetite,malaise",,,,swelled_lymph_nodes
Tuberculosis,chest_pain,"blood_in_sputum,breathlessness,phlegm","chills,high_fever,mild_fever,sweating",vomiting,,,,yellowing_of_eyes,"fatigue,loss_of_appetite,malaise",,,weight_loss,swelled_lymph_nodes
Tuberculosis,chest_pain,"blood_in_sputum,breathlessness,cough,phlegm","chills,mild_fever,sweating",vomiting,,,,yellowing_of_eyes,"fatigue,loss_of_appetite,malaise",,,weight_loss,swelled_lymph_nodes
Tuberculosis,chest_pain,"blood_in_sputum,cough,phlegm","chills,high_fever,mild_fever,sweating",vomiting,,,,yellowing_of_eyes,"fatigue,loss_of_appetite,malaise",,,weight_loss,swelled_lymph_nodes
Tuberculosis,chest_pain,"blood_in_sputum,breathlessness,cough,phlegm","chills,high_fever,mild_fever",vomiting,,,,yellowing_of_eyes,"fatigue,loss_of_appetite,malaise",,,weight_loss,swelled_lymph_nodes
Common Cold,"chest_pain,headache,muscle_pain","congestion,continuous_sneezing,cough,phlegm,runny_nose,throat_irritation","chills,high_fever",,,redness_of_eyes,,,"fatigue,malaise",,,,"loss_of_smell,sinus_pressure,swelled_lymph_nodes"
Common Cold,"chest_pain,headache,muscle_pain","congestion,continuous_sneezing,cough,phlegm,runny_nose,throat_irritation","chills,high_fever",,,redness_of_eyes,,,"fatigue,malaise",,,,"loss_of_smell,sinus_pressure,swelled_lymph_nodes"
Common Cold,"chest_pain,headache,muscle_pain","congestion,cough,phlegm,runny_nose,throat_irritation","chills,high_fever",,,redness_of_eyes,,,"fatigue,malaise",,,,"loss_of_smell,sinus_pressure,swelled_lymph_nodes"
Common Cold,"chest_pain,headache,muscle_pain","congestion,continuous_sneezing,cough,phlegm,runny_nose,throat_irritation",high_fever,,,redness_of_eyes,,,"fatigue,malaise",,,,"loss_of_smell,sinus_pressure,swelled_lymph_nodes"
Common Cold,"chest_pain,headache,muscle_pain","congestion,continuous_sneezing,cough,phlegm,runny_nose,throat_irritation","chills,high_fever",,,redness_of_eyes,,,malaise,,,,"loss_of_smell,sinus_pressure,swelled_lymph_nodes"
Common Cold,"chest_pain,headache,muscle_pain","congestion,continuous_sneezing,phlegm,runny_nose,throat_irritation","chills,high_fever",,,redness_of_eyes,,,"fatigue,malaise",,,,"loss_of_smell,sinus_pressure,swelled_lymph_nodes"
Common Cold,"chest_pain,headache,muscle_pain","congestion,continuous_sneezing,cough,phlegm,runny_nose,throat_irritation",chills,,,redness_of_eyes,,,"fatigue,malaise",,,,"loss_of_smell,sinus_pressure,swelled_lymph_nodes"
Common Cold,"chest_pain,muscle_pain","congestion,continuous_sneezing,cough,phlegm,runny_nose,throat_irritation","chills,high_fever",,,redness_of_eyes,,,"fatigue,malaise",,,,"loss_of_smell,sinus_pressure,swelled_lymph_nodes"
Common Cold,"chest_pain,headache,muscle_pain","congestion,continuous_sneezing,cough,phlegm,runny_nose,throat_irritation","chills,high_fever",,,redness_of_eyes,,,"fatigue,malaise",,,,"loss_of_smell,sinus_pressure"
Common Cold,"chest_pain,headache,muscle_pain","congestion,continuous_sneezing,cough,phlegm,runny_nose,throat_irritation","chills,high_fever",,,redness_of_eyes,,,fatigue,,,,"loss_of_smell,sinus_pressure,swelled_lymph_nodes"
Pneumonia,chest_pain,"breathlessness,cough,rusty_sputum","chills,high_fever,sweating",,,,,,"fatigue,malaise",,,,fast_heart_rate
Pneumonia,chest_pain,"breathlessness,cough,phlegm,rusty_sputum","chills,high_fever,sweating",,,,,,"fatigue,malaise",,,,fast_heart_rate
Pneumonia,chest_pain,"breathlessness,cough,phlegm,rusty_sputum","chills,high_fever,sweating",,,,,,"fatigue,malaise",,,,fast_heart_rate
Pneumonia,chest_pain,"breathlessness,cough,phlegm,rusty_sputum","high_fever,sweating",,,,,,"fatigue,malaise",,,,fast_heart_rate
Pneumonia,chest_pain,"breathlessness,cough,phlegm,rusty_sputum","chills,high_fever,sweating",,,,,,malaise,,,,fast_heart_rate
Pneumonia,chest_pain,"breathlessness,phlegm,rusty_sputum","chills,high_fever,sweating",,,,,,"fatigue,malaise",,,,fast_heart_rate
Pneumonia,chest_pain,"breathlessness,cough,phlegm,rusty_sputum","chills,sweating",,,,,,"fatigue,malaise",,,,fast_heart_rate
Pneumonia,chest_pain,"cough,phlegm,rusty_sputum","chills,high_fever,sweating",,,,,,"fatigue,malaise",,,,fast_heart_rate
Pneumonia,chest_pain,"breathlessness,cough,phlegm,rusty_sputum","chills,high_fever",,,,,,"fatigue,malaise",,,,fast_heart_rate
Pneumonia,chest_pain,"breathlessness,cough,phlegm,rusty_sputum","chills,high_fever,sweating",,,,,,fatigue,,,,fast_heart_rate
Dimorphic hemmorhoids(piles),"pain_during_bowel_movements,pain_in_anal_region",,,constipation,,,,,,,,,"bloody_stool,irritation_in_anus"
Dimorphic hemmorhoids(piles),"pain_during_bowel_movements,pain_in_anal_region",,,constipation,,,,,,,,,"bloody_stool,irritation_in_anus"
Dimorphic hemmorhoids(piles),"pain_during_bowel_movements,pain_in_anal_region",,,constipation,,,,,,,,,"bloody_stool,irritation_in_anus"
Dimorphic hemmorhoids(piles),"pain_during_bowel_movements,pain_in_anal_region",,,,,,,,,,,,"bloody_stool,irritation_in_anus"
Dimorphic hemmorhoids(piles),pain_in_anal_region,,,constipation,,,,,,,,,"bloody_stool,irritation_in_anus"
Dimorphic hemmorhoids(piles),pain_during_bowel_movements,,,constipation,,,,,,,,,"bloody_stool,irritation_in_anus"
Dimorphic hemmorhoids(piles),"pain_during_bowel_movements,pain_in_anal_region",,,constipation,,,,,,,,,irritation_in_anus
Dimorphic hemmorhoids(piles),"pain_during_bowel_movements,pain_in_anal_region",,,constipation,,,,,,,,,bloody_stool
Dimorphic hemmorhoids(piles),"pain_during_bowel_movements,pain_in_anal_region",,,constipation,,,,,,,,,"bloody_stool,irritation_in_anus"
Dimorphic hemmorhoids(piles),"pain_during_bowel_movements,pain_in_anal_region",,,constipation,,,,,,,,,"bloody_stool,irritation_in_anus"
Heart attack,chest_pain,breathlessness,sweating,vomiting,,,,,,,,,
Heart attack,chest_pain,breathlessness,sweating,vomiting,,,,,,,,,
Heart attack,chest_pain,breathlessness,sweating,,,,,,,,,,
Heart attack,chest_pain,,sweating,vomiting,,,,,,,,,
Heart attack,chest_pain,breathlessness,,vomiting,,,,,,,,,
Heart attack,,breathlessness,sweating,vomiting,,,,,,,,,
Heart attack,chest_pain,breathlessness,sweating,vomiting,,,,,,,,,
Heart attack,chest_pain,breathlessness,sweating,,,,,,,,,,
Heart attack,chest_pain,,sweating,vomiting,,,,,,,,,
Heart attack,chest_pain,breathlessness,,vomiting,,,,,,,,,
Varicose veins,cramps,,,,,,,,fatigue,,,obesity,"bruising,prominent_veins_on_calf,swollen_blood_vessels,swollen_legs"
Varicose veins,cramps,,,,,,,,fatigue,,,obesity,"bruising,prominent_veins_on_calf,swollen_blood_vessels,swollen_legs"
Varicose veins,cramps,,,,,,,,,,,obesity,"bruising,prominent_veins_on_calf,swollen_blood_vessels,swollen_legs"
Varicose veins,,,,,,,,,fatigue,,,obesity,"bruising,prominent_veins_on_calf,swollen_blood_vessels,swollen_legs"
Varicose veins,cramps,,,,,,,,fatigue,,,obesity,"prominent_veins_on_calf,swollen_blood_vessels,swollen_legs"
Varicose veins,cramps,,,,,,,,fatigue,,,,"bruising,prominent_veins_on_calf,swollen_blood_vessels,swollen_legs"
Varicose veins,cramps,,,,,,,,fatigue,,,obesity,"bruising,prominent_veins_on_calf,swollen_blood_vessels"
Varicose veins,cramps,,,,,,,,fatigue,,,obesity,"bruising,prominent_veins_on_calf,swollen_legs"
Varicose veins,cramps,,,,,,,,fatigue,,,obesity,"bruising,swollen_blood_vessels,swollen_legs"
Varicose veins,cramps,,,,,,,,fatigue,,,obesity,"bruising,prominent_veins_on_calf,swollen_legs"
Hypothyroidism,,,,,,,dizziness,puffy_face_and_eyes,"fatigue,lethargy","depression,irritability,mood_swings",,weight_gain,"abnormal_menstruation,brittle_nails,cold_hands_and_feets,enlarged_thyroid,swollen_extremeties"
Hypothyroidism,,,,,,,dizziness,puffy_face_and_eyes,"fatigue,lethargy","depression,irritability,mood_swings",,weight_gain,"abnormal_menstruation,brittle_nails,cold_hands_and_feets,enlarged_thyroid,swollen_extremeties"
Hypothyroidism,,,,,,,dizziness,puffy_face_and_eyes,lethargy,"depression,irritability,mood_swings",,weight_gain,"abnormal_menstruation,brittle_nails,cold_hands_and_feets,enlarged_thyroid,swollen_extremeties"
Hypothyroidism,,,,,,,dizziness,puffy_face_and_eyes,lethargy,"depression,irritability,mood_swings",,weight_gain,"abnormal_menstruation,brittle_nails,cold_hands_and_feets,enlarged_thyroid,swollen_extremeties"
Hypothyroidism,,,,,,,dizziness,puffy_face_and_eyes,"fatigue,lethargy","depression,irritability,mood_swings",,,"abnormal_menstruation,brittle_nails,cold_hands_and_feets,enlarged_thyroid,swollen_extremeties"
Hypothyroidism,,,,,,,dizziness,puffy_face_and_eyes,"fatigue,lethargy","depression,irritability,mood_swings",,weight_gain,"abnormal_menstruation,brittle_nails,enlarged_thyroid,swollen_extremeties"
Hypothyroidism,,,,,,,dizziness,puffy_face_and_eyes,"fatigue,lethargy","depression,irritability",,weight_gain,"abnormal_menstruation,brittle_nails,cold_hands_and_feets,enlarged_thyroid,swollen_extremeties"
Hypothyroidism,,,,,,,dizziness,puffy_face_and_eyes,fatigue,"depression,irritability,mood_swings",,weight_gain,"abnormal_menstruation,brittle_nails,cold_hands_and_feets,enlarged_thyroid,swollen_extremeties"
Hypothyroidism,,,,,,,,puffy_face_and_eyes,"fatigue,lethargy","depression,irritability,mood_swings",,weight_gain,"abnormal_menstruation,brittle_nails,cold_hands_and_feets,enlarged_thyroid,swollen_extremeties"
Hypothyroidism,,,,,,,dizziness,,"fatigue,lethargy","depression,irritability,mood_swings",,weight_gain,"abnormal_menstruation,brittle_nails,cold_hands_and_feets,enlarged_thyroid,swollen_extremeties"
Hyperthyroidism,,,sweating,diarrhoea,,,muscle_weakness,,"excessive_hunger,fatigue","irritability,mood_swings,restlessness",,weight_loss,"abnormal_menstruation,fast_heart_rate"
Hyperthyroidism,,,sweating,diarrhoea,,,muscle_weakness,,"excessive_hunger,fatigue","irritability,mood_swings,restlessness",,weight_loss,"abnormal_menstruation,fast_heart_rate"
Hyperthyroidism,,,sweating,diarrhoea,,,muscle_weakness,,excessive_hunger,"irritability,mood_swings,restlessness",,weight_loss,"abnormal_menstruation,fast_heart_rate"
Hyperthyroidism,,,sweating,diarrhoea,,,muscle_weakness,,"excessive_hunger,fatigue","irritability,restlessness",,weight_loss,"abnormal_menstruation,fast_heart_rate"
Hyperthyroidism,,,sweating,diarrhoea,,,muscle_weakness,,"excessive_hunger,fatigue","irritability,mood_swings,restlessness",,,"abnormal_menstruation,fast_heart_rate"
Hyperthyroidism,,,sweating,diarrhoea,,,muscle_weakness,,"excessive_hunger,fatigue","irritability,mood_swings",,weight_loss,"abnormal_menstruation,fast_heart_rate"
Hyperthyroidism,,,,diarrhoea,,,muscle_weakness,,"excessive_hunger,fatigue","irritability,mood_swings,restlessness",,weight_loss,"abnormal_menstruation,fast_heart_rate"
Hyperthyroidism,,,sweating,,,,muscle_weakness,,"excessive_hunger,fatigue","irritability,mood_swings,restlessness",,weight_loss,"abnormal_menstruation,fast_heart_rate"
Hyperthyroidism,,,sweating,diarrhoea,,,muscle_weakness,,"excessive_hunger,fatigue","irritability,mood_swings,restlessness",,weight_loss,abnormal_menstruation
Hyperthyroidism,,,sweating,diarrhoea,,,muscle_weakness,,fatigue,"irritability,mood_swings,restlessness",,weight_loss,"abnormal_menstruation,fast_heart_rate"
Hypoglycemia,headache,,sweating,"nausea,vomiting",,,slurred_speech,blurred_and_distorted_vision,"excessive_hunger,fatigue","anxiety,irritability",,,palpitations
Hypoglycemia,headache,,sweating,"nausea,vomiting",,,slurred_speech,blurred_and_distorted_vision,"excessive_hunger,fatigue","anxiety,irritability",,,"drying_and_tingling_lips,palpitations"
Hypoglycemia,headache,,sweating,"nausea,vomiting",,,slurred_speech,blurred_and_distorted_vision,"excessive_hunger,fatigue","anxiety,irritability",,,"drying_and_tingling_lips,palpitations"
Hypoglycemia,headache,,sweating,nausea,,,slurred_speech,blurred_and_distorted_vision,"excessive_hunger,fatigue","anxiety,irritability",,,"drying_and_tingling_lips,palpitations"
Hypoglycemia,headache,,sweating,"nausea,vomiting",,,slurred_speech,blurred_and_distorted_vision,excessive_hunger,"anxiety,irritability",,,"drying_and_tingling_lips,palpitations"
Hypoglycemia,headache,,sweating,"nausea,vomiting",,,slurred_speech,blurred_and_distorted_vision,"excessive_hunger,fatigue",irritability,,,"drying_and_tingling_lips,palpitations"
Hypoglycemia,headache,,,"nausea,vomiting",,,slurred_speech,blurred_and_distorted_vision,"excessive_hunger,fatigue","anxiety,irritability",,,"drying_and_tingling_lips,palpitations"
Hypoglycemia,,,sweating,"nausea,vomiting",,,slurred_speech,blurred_and_distorted_vision,"excessive_hunger,fatigue","anxiety,irritability",,,"drying_and_tingling_lips,palpitations"
Hypoglycemia,headache,,sweating,vomiting,,,slurred_speech,blurred_and_distorted_vision,"excessive_hunger,fatigue","anxiety,irritability",,,"drying_and_tingling_lips,palpitations"
Hypoglycemia,headache,,sweating,"nausea,vomiting",,,slurred_speech,,"excessive_hunger,fatigue","anxiety,irritability",,,"drying_and_tingling_lips,palpitations"
Osteoarthristis,"hip_joint_pain,joint_pain,knee_pain,neck_pain,painful_walking",,,,,,,,,,swelling_joints,,
Osteoarthristis,"hip_joint_pain,joint_pain,knee_pain,neck_pain,painful_walking",,,,,,,,,,swelling_joints,,
Osteoarthristis,"hip_joint_pain,knee_pain,neck_pain,painful_walking",,,,,,,,,,swelling_joints,,
Osteoarthristis,"hip_joint_pain,joint_pain,knee_pain,painful_walking",,,,,,,,,,swelling_joints,,
Osteoarthristis,"hip_joint_pain,joint_pain,neck_pain,painful_walking",,,,,,,,,,swelling_joints,,
Osteoarthristis,"joint_pain,knee_pain,neck_pain,painful_walking",,,,,,,,,,swelling_joints,,
Osteoarthristis,"hip_joint_pain,joint_pain,knee_pain,neck_pain,painful_walking",,,,,,,,,,,,
Osteoarthristis,"hip_joint_pain,joint_pain,knee_pain,neck_pain",,,,,,,,,,swelling_joints,,
Osteoarthristis,"hip_joint_pain,joint_pain,knee_pain,neck_pain,painful_walking",,,,,,,,,,swelling_joints,,
Osteoarthristis,"hip_joint_pain,joint_pain,knee_pain,neck_pain,painful_walking",,,,,,,,,,swelling_joints,,
Arthritis,painful_walking,,,,,,muscle_weakness,,,,"movement_stiffness,stiff_neck,swelling_joints",,
Arthritis,painful_walking,,,,,,muscle_weakness,,,,"movement_stiffness,stiff_neck,swelling_joints",,
Arthritis,painful_walking,,,,,,,,,,"movement_stiffness,stiff_neck,swelling_joints",,
Arthritis,painful_walking,,,,,,muscle_weakness,,,,"movement_stiffness,swelling_joints",,
Arthritis,painful_walking,,,,,,muscle_weakness,,,,"movement_stiffness,stiff_neck",,
Arthritis,painful_walking,,,,,,muscle_weakness,,,,"stiff_neck,swelling_joints",,
Arthritis,painful_walking,,,,,,muscle_weakness,,,,"movement_stiffness,stiff_neck,swelling_joints",,
Arthritis,,,,,,,muscle_weakness,,,,"movement_stiffness,stiff_neck,swelling_joints",,
Arthritis,painful_walking,,,,,,muscle_weakness,,,,"movement_stiffness,stiff_neck,swelling_joints",,
Arthritis,painful_walking,,,,,,muscle_weakness,,,,"movement_stiffness,stiff_neck,swelling_joints",,
(vertigo) Paroymsal  Positional Vertigo,headache,,,"nausea,vomiting",,,"loss_of_balance,unsteadiness",,,,spinning_movements,,
(vertigo) Paroymsal  Positional Vertigo,headache,,,"nausea,vomiting",,,"loss_of_balance,unsteadiness",,,,spinning_movements,,
(vertigo) Paroymsal  Positional Vertigo,headache,,,nausea,,,"loss_of_balance,unsteadiness",,,,spinning_movements,,
(vertigo) Paroymsal  Positional Vertigo,,,,"nausea,vomiting",,,"loss_of_balance,unsteadiness",,,,spinning_movements,,
(vertigo) Paroymsal  Positional Vertigo,headache,,,vomiting,,,"loss_of_balance,unsteadiness",,,,spinning_movements,,
(vertigo) Paroymsal  Positional Vertigo,headache,,,"nausea,vomiting",,,"loss_of_balance,unsteadiness",,,,,,
(vertigo) Paroymsal  Positional Vertigo,headache,,,"nausea,vomiting",,,unsteadiness,,,,spinning_movements,,
(vertigo) Paroymsal  Positional Vertigo,headache,,,"nausea,vomiting",,,loss_of_balance,,,,spinning_movements,,
(vertigo) Paroymsal  Positional Vertigo,headache,,,"nausea,vomiting",,,"loss_of_balance,unsteadiness",,,,spinning_movements,,
(vertigo) Paroymsal  Positional Vertigo,headache,,,"nausea,vomiting",,,"loss_of_balance,unsteadiness",,,,,,
Acne,,,,,,"blackheads,pus_filled_pimples,skin_rash",,,,,,,scurring
Acne,,,,,,"blackheads,pus_filled_pimples,skin_rash",,,,,,,scurring
Acne,,,,,,"blackheads,pus_filled_pimples",,,,,,,scurring
Acne,,,,,,"blackheads,skin_rash",,,,,,,scurring
Acne,,,,,,"pus_filled_pimples,skin_rash",,,,,,,scurring
Acne,,,,,,"blackheads,pus_filled_pimples,skin_rash",,,,,,,
Acne,,,,,,"blackheads,pus_filled_pimples,skin_rash",,,,,,,scurring
Acne,,,,,,"blackheads,pus_filled_pimples,skin_rash",,,,,,,
Acne,,,,,,"pus_filled_pimples,skin_rash",,,,,,,scurring
Acne,,,,,,"blackheads,skin_rash",,,,,,,scurring
Urinary tract infection,,,,,"bladder_discomfort,burning_micturition,continuous_feel_of_urine,foul_smell_of_urine",,,,,,,,
Urinary tract infection,,,,,"bladder_discomfort,burning_micturition,continuous_feel_of_urine,foul_smell_of_urine",,,,,,,,
Urinary tract infection,,,,,"bladder_discomfort,continuous_feel_of_urine,foul_smell_of_urine",,,,,,,,
Urinary tract infection,,,,,"burning_micturition,continuous_feel_of_urine,foul_smell_of_urine",,,,,,,,
Urinary tract infection,,,,,"bladder_discomfort,burning_micturition,continuous_feel_of_urine",,,,,,,,
Urinary tract infection,,,,,"bladder_discomfort,burning_micturition,foul_smell_of_urine",,,,,,,,
Urinary tract infection,,,,,"bladder_discomfort,burning_micturition,continuous_feel_of_urine,foul_smell_of_urine",,,,,,,,
Urinary tract infection,,,,,"bladder_discomfort,burning_micturition,continuous_feel_of_urine",,,,,,,,
Urinary tract infection,,,,,"bladder_discomfort,continuous_feel_of_urine,foul_smell_of_urine",,,,,,,,
Urinary tract infection,,,,,"bladder_discomfort,burning_micturition,continuous_feel_of_urine",,,,,,,,
Psoriasis,joint_pain,,,,,"skin_peeling,skin_rash",,,,,,,"inflammatory_nails,silver_like_dusting,small_dents_in_nails"
Psoriasis,joint_pain,,,,,"skin_peeling,skin_rash",,,,,,,"inflammatory_nails,silver_like_dusting,small_dents_in_nails"
Psoriasis,joint_pain,,,,,skin_peeling,,,,,,,"inflammatory_nails,silver_like_dusting,small_dents_in_nails"
Psoriasis,,,,,,"skin_peeling,skin_rash",,,,,,,"inflammatory_nails,silver_like_dusting,small_dents_in_nails"
Psoriasis,joint_pain,,,,,skin_rash,,,,,,,"inflammatory_nails,silver_like_dusting,small_dents_in_nails"
Psoriasis,joint_pain,,,,,"skin_peeling,skin_rash",,,,,,,"inflammatory_nails,small_dents_in_nails"
Psoriasis,joint_pain,,,,,"skin_peeling,skin_rash",,,,,,,"inflammatory_nails,silver_like_dusting"
Psoriasis,joint_pain,,,,,"skin_peeling,skin_rash",,,,,,,"silver_like_dusting,small_dents_in_nails"
Psoriasis,joint_pain,,,,,"skin_peeling,skin_rash",,,,,,,"inflammatory_nails,silver_like_dusting,small_dents_in_nails"
Psoriasis,joint_pain,,,,,"skin_peeling,skin_rash",,,,,,,"inflammatory_nails,silver_like_dusting,small_dents_in_nails"
Impetigo,red_sore_around_nose,,high_fever,,,"blister,skin_rash",,,,,,,yellow_crust_ooze
Impetigo,red_sore_around_nose,,high_fever,,,"blister,skin_rash",,,,,,,yellow_crust_ooze
Impetigo,red_sore_around_nose,,high_fever,,,blister,,,,,,,yellow_crust_ooze
Impetigo,red_sore_around_nose,,,,,"blister,skin_rash",,,,,,,yellow_crust_ooze
Impetigo,red_sore_around_nose,,,,,"blister,skin_rash",,,,,,,yellow_crust_ooze
Impetigo,red_sore_around_nose,,high_fever,,,skin_rash,,,,,,,yellow_crust_ooze
Impetigo,,,high_fever,,,"blister,skin_rash",,,,,,,yellow_crust_ooze
Impetigo,red_sore_around_nose,,high_fever,,,"blister,skin_rash",,,,,,,
Impetigo,red_sore_around_nose,,high_fever,,,"blister,skin_rash",,,,,,,yellow_crust_ooze
Impetigo,red_sore_around_nose,,,,,"blister,skin_rash",,,,,,,yellow_crust_ooze
Fungal infection,,,,,,"dischromic__patches,itching,nodal_skin_eruptions,skin_rash",,,,,,,
Fungal infection,,,,,,"dischromic__patches,nodal_skin_eruptions,skin_rash",,,,,,,
Fungal infection,,,,,,"dischromic__patches,itching,nodal_skin_eruptions",,,,,,,
Fungal infection,,,,,,"dischromic__patches,itching,skin_rash",,,,,,,
Fungal infection,,,,,,"itching,nodal_skin_eruptions,skin_rash",,,,,,,
Fungal infection,,,,,,"dischromic__patches,nodal_skin_eruptions,skin_rash",,,,,,,
Fungal infection,,,,,,"dischromic__patches,itching,nodal_skin_eruptions",,,,,,,
Fungal infection,,,,,,"dischromic__patches,itching,skin_rash",,,,,,,
Fungal infection,,,,,,"itching,nodal_skin_eruptions,skin_rash",,,,,,,
Fungal infection,,,,,,"dischromic__patches,itching,nodal_skin_eruptions,skin_rash",,,,,,,
Allergy,,continuous_sneezing,"chills,shivering",,,,,watering_from_eyes,,,,,
Allergy,,,"chills,shivering",,,,,watering_from_eyes,,,,,
Allergy,,continuous_sneezing,chills,,,,,watering_from_eyes,,,,,
Allergy,,continuous_sneezing,shivering,,,,,watering_from_eyes,,,,,
Allergy,,continuous_sneezing,"chills,shivering",,,,,,,,,,
Allergy,,,"chills,shivering",,,,,watering_from_eyes,,,,,
Allergy,,continuous_sneezing,chills,,,,,watering_from_eyes,,,,,
Allergy,,continuous_sneezing,shivering,,,,,watering_from_eyes,,,,,
Allergy,,continuous_sneezing,"chills,shivering",,,,,,,,,,
Allergy,,continuous_sneezing,"chills,shivering",,,,,watering_from_eyes,,,,,
GERD,"chest_pain,stomach_pain",cough,,"acidity,vomiting",,,,,,,,,ulcers_on_tongue
GERD,"chest_pain,stomach_pain",cough,,vomiting,,,,,,,,,ulcers_on_tongue
GERD,"chest_pain,stomach_pain",cough,,"acidity,vomiting",,,,,,,,,
GERD,"chest_pain,stomach_pain",cough,,acidity,,,,,,,,,ulcers_on_tongue
GERD,"chest_pain,stomach_pain",,,"acidity,vomiting",,,,,,,,,ulcers_on_tongue
GERD,stomach_pain,cough,,"acidity,vomiting",,,,,,,,,ulcers_on_tongue
GERD,chest_pain,cough,,"acidity,vomiting",,,,,,,,,ulcers_on_tongue
GERD,"chest_pain,stomach_pain",cough,,vomiting,,,,,,,,,ulcers_on_tongue
GERD,"chest_pain,stomach_pain",cough,,"acidity,vomiting",,,,,,,,,
GERD,"chest_pain,stomach_pain",cough,,acidity,,,,,,,,,ulcers_on_tongue
Chronic cholestasis,abdominal_pain,,,"nausea,vomiting",,"itching,yellowish_skin",,yellowing_of_eyes,loss_of_appetite,,,,
Chronic cholestasis,abdominal_pain,,,"nausea,vomiting",,yellowish_skin,,yellowing_of_eyes,loss_of_appetite,,,,
Chronic cholestasis,abdominal_pain,,,nausea,,"itching,yellowish_skin",,yellowing_of_eyes,loss_of_appetite,,,,
Chronic cholestasis,abdominal_pain,,,"nausea,vomiting",,itching,,yellowing_of_eyes,loss_of_appetite,,,,
Chronic cholestasis,abdominal_pain,,,vomiting,,"itching,yellowish_skin",,yellowing_of_eyes,loss_of_appetite,,,,
Chronic cholestasis,abdominal_pain,,,"nausea,vomiting",,"itching,yellowish_skin",,yellowing_of_eyes,,,,,
Chronic cholestasis,,,,"nausea,vomiting",,"itching,yellowish_skin",,yellowing_of_eyes,loss_of_appetite,,,,
Chronic cholestasis,abdominal_pain,,,"nausea,vomiting",,"itching,yellowish_skin",,,loss_of_appetite,,,,
Chronic cholestasis,abdominal_pain,,,"nausea,vomiting",,"itching,yellowish_skin",,yellowing_of_eyes,loss_of_appetite,,,,
Chronic cholestasis,abdominal_pain,,,"nausea,vomiting",,"itching,yellowish_skin",,yellowing_of_eyes,loss_of_appetite,,,,
Drug Reaction,stomach_pain,,,,"burning_micturition,spotting__urination","itching,skin_rash",,,,,,,
Drug Reaction,stomach_pain,,,,"burning_micturition,spotting__urination",itching,,,,,,,
Drug Reaction,,,,,"burning_micturition,spotting__urination","itching,skin_rash",,,,,,,
Drug Reaction,stomach_pain,,,,spotting__urination,"itching,skin_rash",,,,,,,
Drug Reaction,stomach_pain,,,,burning_micturition,"itching,skin_rash",,,,,,,
Drug Reaction,stomach_pain,,,,"burning_micturition,spotting__urination",skin_rash,,,,,,,
Drug Reaction,stomach_pain,,,,"burning_micturition,spotting__urination",itching,,,,,,,
Drug Reaction,,,,,"burning_micturition,spotting__urination","itching,skin_rash",,,,,,,
Drug Reaction,stomach_pain,,,,spotting__urination,"itching,skin_rash",,,,,,,
Drug Reaction,stomach_pain,,,,burning_micturition,"itching,skin_rash",,,,,,,
Peptic ulcer diseae,abdominal_pain,,,"passage_of_gases,vomiting",,internal_itching,,,loss_of_appetite,,,,
Peptic ulcer diseae,abdominal_pain,,,"indigestion,passage_of_gases,vomiting",,internal_itching,,,,,,,
Peptic ulcer diseae,abdominal_pain,,,"indigestion,passage_of_gases",,internal_itching,,,loss_of_appetite,,,,
Peptic ulcer diseae,abdominal_pain,,,"passage_of_gases,vomiting",,internal_itching,,,loss_of_appetite,,,,
Peptic ulcer diseae,abdominal_pain,,,"indigestion,passage_of_gases,vomiting",,internal_itching,,,,,,,
Peptic ulcer diseae,,,,"indigestion,passage_of_gases,vomiting",,internal_itching,,,loss_of_appetite,,,,
Peptic ulcer diseae,abdominal_pain,,,"indigestion,vomiting",,internal_itching,,,loss_of_appetite,,,,
Peptic ulcer diseae,abdominal_pain,,,"indigestion,passage_of_gases,vomiting",,,,,loss_of_appetite,,,,
Peptic ulcer diseae,abdominal_pain,,,"indigestion,passage_of_gases,vomiting",,internal_itching,,,loss_of_appetite,,,,
Peptic ulcer diseae,abdominal_pain,,,"indigestion,passage_of_gases,vomiting",,internal_itching,,,loss_of_appetite,,,,
AIDS,,patches_in_throat,high_fever,,,,,,,,muscle_wasting,,extra_marital_contacts
AIDS,,patches_in_throat,high_fever,,,,,,,,,,extra_marital_contacts
AIDS,,,high_fever,,,,,,,,muscle_wasting,,extra_marital_contacts
AIDS,,patches_in_throat,,,,,,,,,muscle_wasting,,extra_marital_contacts
AIDS,,patches_in_throat,high_fever,,,,,,,,muscle_wasting,,
AIDS,,patches_in_throat,high_fever,,,,,,,,muscle_wasting,,extra_marital_contacts
AIDS,,patches_in_throat,high_fever,,,,,,,,muscle_wasting,,extra_marital_contacts
AIDS,,patches_in_throat,high_fever,,,,,,,,,,extra_marital_contacts
AIDS,,,high_fever,,,,,,,,muscle_wasting,,extra_marital_contacts
AIDS,,patches_in_throat,high_fever,,,,,,,,muscle_wasting,,
Diabetes ,,,,,polyuria,,,blurred_and_distorted_vision,"excessive_hunger,fatigue,increased_appetite,lethargy",restlessness,,"obesity,weight_loss",irregular_sugar_level
Diabetes ,,,,,polyuria,,,blurred_and_distorted_vision,"excessive_hunger,fatigue,increased_appetite,lethargy",restlessness,,"obesity,weight_loss",irregular_sugar_level
Diabetes ,,,,,polyuria,,,blurred_and_distorted_vision,"excessive_hunger,increased_appetite,lethargy",restlessness,,"obesity,weight_loss",irregular_sugar_level
Diabetes ,,,,,polyuria,,,blurred_and_distorted_vision,"excessive_hunger,fatigue,increased_appetite,lethargy",restlessness,,obesity,irregular_sugar_level
Diabetes ,,,,,polyuria,,,blurred_and_distorted_vision,"excessive_hunger,fatigue,increased_appetite,lethargy",,,"obesity,weight_loss",irregular_sugar_level
Diabetes ,,,,,polyuria,,,blurred_and_distorted_vision,"excessive_hunger,fatigue,increased_appetite",restlessness,,"obesity,weight_loss",irregular_sugar_level
Diabetes ,,,,,polyuria,,,blurred_and_distorted_vision,"excessive_hunger,fatigue,increased_appetite,lethargy",restlessness,,"obesity,weight_loss",
Diabetes ,,,,,polyuria,,,,"excessive_hunger,fatigue,increased_appetite,lethargy",restlessness,,"obesity,weight_loss",irregular_sugar_level
Diabetes ,,,,,polyuria,,,blurred_and_distorted_vision,"excessive_hunger,fatigue,increased_appetite,lethargy",restlessness,,weight_loss,irregular_sugar_level
Diabetes ,,,,,polyuria,,,blurred_and_distorted_vision,"fatigue,increased_appetite,lethargy",restlessness,,"obesity,weight_loss",irregular_sugar_level
Gastroenteritis,,,,"diarrhoea,vomiting",,,,sunken_eyes,,,,,dehydration
Gastroenteritis,,,,"diarrhoea,vomiting",,,,sunken_eyes,,,,,dehydration
Gastroenteritis,,,,diarrhoea,,,,sunken_eyes,,,,,dehydration
Gastroenteritis,,,,"diarrhoea,vomiting",,,,,,,,,dehydration
Gastroenteritis,,,,"diarrhoea,vomiting",,,,sunken_eyes,,,,,
Gastroenteritis,,,,vomiting,,,,sunken_eyes,,,,,dehydration
Gastroenteritis,,,,"diarrhoea,vomiting",,,,sunken_eyes,,,,,dehydration
Gastroenteritis,,,,diarrhoea,,,,sunken_eyes,,,,,dehydration
Gastroenteritis,,,,"diarrhoea,vomiting",,,,,,,,,dehydration
Gastroenteritis,,,,"diarrhoea,vomiting",,,,sunken_eyes,,,,,
Bronchial Asthma,,"breathlessness,cough,mucoid_sputum",high_fever,,,,,,fatigue,,,,family_history
Bronchial Asthma,,"breathlessness,cough,mucoid_sputum",high_fever,,,,,,,,,,family_history
Bronchial Asthma,,"breathlessness,mucoid_sputum",high_fever,,,,,,fatigue,,,,family_history
Bronchial Asthma,,"breathlessness,cough,mucoid_sputum",,,,,,,fatigue,,,,family_history
Bronchial Asthma,,"cough,mucoid_sputum",high_fever,,,,,,fatigue,,,,family_history
Bronchial Asthma,,"breathlessness,cough,mucoid_sputum",high_fever,,,,,,fatigue,,,,
Bronchial Asthma,,"breathlessness,cough",high_fever,,,,,,fatigue,,,,family_history
Bronchial Asthma,,"breathlessness,cough,mucoid_sputum",high_fever,,,,,,fatigue,,,,family_history
Bronchial Asthma,,"breathlessness,cough,mucoid_sputum",high_fever,,,,,,,,,,family_history
Bronchial Asthma,,"breathlessness,mucoid_sputum",high_fever,,,,,,fatigue,,,,family_history
Hypertension ,"chest_pain,headache",,,,,,"dizziness,loss_of_balance",,,lack_of_concentration,,,
Hypertension ,chest_pain,,,,,,"dizziness,loss_of_balance",,,lack_of_concentration,,,
Hypertension ,headache,,,,,,"dizziness,loss_of_balance",,,lack_of_concentration,,,
Hypertension ,"chest_pain,headache",,,,,,loss_of_balance,,,lack_of_concentration,,,
Hypertension ,"chest_pain,headache",,,,,,dizziness,,,lack_of_concentration,,,
Hypertension ,"chest_pain,headache",,,,,,"dizziness,loss_of_balance",,,,,,
Hypertension ,"chest_pain,headache",,,,,,"dizziness,loss_of_balance",,,lack_of_concentration,,,
Hypertension ,chest_pain,,,,,,"dizziness,loss_of_balance",,,lack_of_concentration,,,
Hypertension ,headache,,,,,,"dizziness,loss_of_balance",,,lack_of_concentration,,,
Hypertension ,"chest_pain,headache",,,,,,loss_of_balance,,,lack_of_concentration,,,
Migraine,headache,,,"acidity,indigestion",,,,blurred_and_distorted_vision,excessive_hunger,"depression,irritability",stiff_neck,,visual_disturbances
Migraine,headache,,,indigestion,,,,blurred_and_distorted_vision,excessive_hunger,"depression,irritability",stiff_neck,,visual_disturbances
Migraine,headache,,,acidity,,,,blurred_and_distorted_vision,excessive_hunger,"depression,irritability",stiff_neck,,visual_disturbances
Migraine,,,,"acidity,indigestion",,,,blurred_and_distorted_vision,excessive_hunger,"depression,irritability",stiff_neck,,visual_disturbances
Migraine,headache,,,"acidity,indigestion",,,,,excessive_hunger,"depression,irritability",stiff_neck,,visual_disturbances
Migraine,headache,,,"acidity,indigestion",,,,blurred_and_distorted_vision,,"depression,irritability",stiff_neck,,visual_disturbances
Migraine,headache,,,"acidity,indigestion",,,,blurred_and_distorted_vision,excessive_hunger,"depression,irritability",,,visual_disturbances
Migraine,headache,,,"acidity,indigestion",,,,blurred_and_distorted_vision,excessive_hunger,irritability,stiff_neck,,visual_disturbances
Migraine,headache,,,"acidity,indigestion",,,,blurred_and_distorted_vision,excessive_hunger,depression,stiff_neck,,visual_disturbances
Migraine,headache,,,"acidity,indigestion",,,,blurred_and_distorted_vision,excessive_hunger,"depression,irritability",stiff_neck,,
Cervical spondylosis,"back_pain,neck_pain",,,,,,"dizziness,loss_of_balance,weakness_in_limbs",,,,,,
Cervical spondylosis,"back_pain,neck_pain",,,,,,"dizziness,loss_of_balance,weakness_in_limbs",,,,,,
Cervical spondylosis,neck_pain,,,,,,"dizziness,loss_of_balance,weakness_in_limbs",,,,,,
Cervical spondylosis,"back_pain,neck_pain",,,,,,"dizziness,loss_of_balance",,,,,,
Cervical spondylosis,back_pain,,,,,,"dizziness,loss_of_balance,weakness_in_limbs",,,,,,
Cervical spondylosis,"back_pain,neck_pain",,,,,,"loss_of_balance,weakness_in_limbs",,,,,,
Cervical spondylosis,"back_pain,neck_pain",,,,,,"dizziness,weakness_in_limbs",,,,,,
Cervical spondylosis,"back_pain,neck_pain",,,,,,"dizziness,loss_of_balance,weakness_in_limbs",,,,,,
Cervical spondylosis,neck_pain,,,,,,"dizziness,loss_of_balance,weakness_in_limbs",,,,,,
Cervical spondylosis,"back_pain,neck_pain",,,,,,"dizziness,loss_of_balance",,,,,,
Paralysis (brain hemorrhage),headache,,,vomiting,,,"altered_sensorium,weakness_of_one_body_side",,,,,,
Paralysis (brain hemorrhage),headache,,,vomiting,,,"altered_sensorium,weakness_of_one_body_side",,,,,,
Paralysis (brain hemorrhage),headache,,,,,,"altered_sensorium,weakness_of_one_body_side",,,,,,
Paralysis (brain hemorrhage),,,,vomiting,,,"altered_sensorium,weakness_of_one_body_side",,,,,,
Paralysis (brain hemorrhage),headache,,,vomiting,,,altered_sensorium,,,,,,
Paralysis (brain hemorrhage),headache,,,vomiting,,,weakness_of_one_body_side,,,,,,
Paralysis (brain hemorrhage),headache,,,vomiting,,,"altered_sensorium,weakness_of_one_body_side",,,,,,
Paralysis (brain hemorrhage),headache,,,,,,"altered_sensorium,weakness_of_one_body_side",,,,,,
Paralysis (brain hemorrhage),,,,vomiting,,,"altered_sensorium,weakness_of_one_body_side",,,,,,
Paralysis (brain hemorrhage),headache,,,vomiting,,,altered_sensorium,,,,,,
Jaundice,abdominal_pain,,high_fever,vomiting,dark_urine,"itching,yellowish_skin",,,fatigue,,,weight_loss,
Jaundice,abdominal_pain,,high_fever,vomiting,dark_urine,"itching,yellowish_skin",,,fatigue,,,weight_loss,
Jaundice,abdominal_pain,,high_fever,vomiting,dark_urine,yellowish_skin,,,fatigue,,,weight_loss,
Jaundice,abdominal_pain,,high_fever,,dark_urine,"itching,yellowish_skin",,,fatigue,,,weight_loss,
Jaundice,abdominal_pain,,high_fever,vomiting,dark_urine,"itching,yellowish_skin",,,,,,weight_loss,
Jaundice,abdominal_pain,,high_fever,vomiting,dark_urine,"itching,yellowish_skin",,,fatigue,,,,
Jaundice,abdominal_pain,,,vomiting,dark_urine,"itching,yellowish_skin",,,fatigue,,,weight_loss,
Jaundice,abdominal_pain,,high_fever,vomiting,dark_urine,itching,,,fatigue,,,weight_loss,
Jaundice,abdominal_pain,,high_fever,vomiting,,"itching,yellowish_skin",,,fatigue,,,weight_loss,
Jaundice,,,high_fever,vomiting,dark_urine,"itching,yellowish_skin",,,fatigue,,,weight_loss,
Malaria,"headache,muscle_pain",,"chills,high_fever,sweating","nausea,vomiting",,,,,,,,,
Malaria,"headache,muscle_pain",,"chills,high_fever,sweating","diarrhoea,nausea,vomiting",,,,,,,,,
Malaria,"headache,muscle_pain",,"chills,high_fever,sweating","diarrhoea,nausea,vomiting",,,,,,,,,
Malaria,"headache,muscle_pain",,"high_fever,sweating","diarrhoea,nausea,vomiting",,,,,,,,,
Malaria,"headache,muscle_pain",,"chills,high_fever,sweating","diarrhoea,nausea",,,,,,,,,
Malaria,"headache,muscle_pain",,"chills,sweating","diarrhoea,nausea,vomiting",,,,,,,,,
Malaria,"headache,muscle_pain",,"chills,high_fever","diarrhoea,nausea,vomiting",,,,,,,,,
Malaria,muscle_pain,,"chills,high_fever,sweating","diarrhoea,nausea,vomiting",,,,,,,,,
Malaria,"headache,muscle_pain",,"chills,high_fever,sweating","diarrhoea,vomiting",,,,,,,,,
Malaria,"headache,muscle_pain",,"chills,high_fever,sweating","nausea,vomiting",,,,,,,,,
Chicken pox,headache,,"high_fever,mild_fever",,,"itching,skin_rash",,,"fatigue,lethargy,loss_of_appetite,malaise",,,,"red_spots_over_body,swelled_lymph_nodes"
Chicken pox,headache,,"high_fever,mild_fever",,,skin_rash,,,"fatigue,lethargy,loss_of_appetite,malaise",,,,"red_spots_over_body,swelled_lymph_nodes"
Chicken pox,headache,,"high_fever,mild_fever",,,itching,,,"fatigue,lethargy,loss_of_appetite,malaise",,,,"red_spots_over_body,swelled_lymph_nodes"
Chicken pox,headache,,"high_fever,mild_fever",,,"itching,skin_rash",,,"lethargy,loss_of_appetite,malaise",,,,"red_spots_over_body,swelled_lymph_nodes"
Chicken pox,headache,,"high_fever,mild_fever",,,"itching,skin_rash",,,"fatigue,loss_of_appetite,malaise",,,,"red_spots_over_body,swelled_lymph_nodes"
Chicken pox,headache,,mild_fever,,,"itching,skin_rash",,,"fatigue,lethargy,loss_of_appetite,malaise",,,,"red_spots_over_body,swelled_lymph_nodes"
Chicken pox,,,"high_fever,mild_fever",,,"itching,skin_rash",,,"fatigue,lethargy,loss_of_appetite,malaise",,,,"red_spots_over_body,swelled_lymph_nodes"
Chicken pox,headache,,"high_fever,mild_fever",,,"itching,skin_rash",,,"fatigue,lethargy,malaise",,,,"red_spots_over_body,swelled_lymph_nodes"
Chicken pox,headache,,high_fever,,,"itching,skin_rash",,,"fatigue,lethargy,loss_of_appetite,malaise",,,,"red_spots_over_body,swelled_lymph_nodes"
Chicken pox,headache,,"high_fever,mild_fever",,,"itching,skin_rash",,,"fatigue,lethargy,loss_of_appetite,malaise",,,,red_spots_over_body
Dengue,"back_pain,headache,joint_pain,muscle_pain,pain_behind_the_eyes",,"chills,high_fever","nausea,vomiting",,skin_rash,,,"fatigue,loss_of_appetite",,,,red_spots_over_body
Dengue,"back_pain,headache,joint_pain,pain_behind_the_eyes",,"chills,high_fever","nausea,vomiting",,skin_rash,,,"fatigue,loss_of_appetite,malaise",,,,red_spots_over_body
Dengue,"back_pain,headache,joint_pain,muscle_pain,pain_behind_the_eyes",,"chills,high_fever","nausea,vomiting",,skin_rash,,,"fatigue,loss_of_appetite,malaise",,,,
Dengue,"back_pain,headache,joint_pain,muscle_pain,pain_behind_the_eyes",,"chills,high_fever","nausea,vomiting",,skin_rash,,,"fatigue,loss_of_appetite,malaise",,,,red_spots_over_body
Dengue,"back_pain,headache,joint_pain,muscle_pain,pain_behind_the_eyes",,"chills,high_fever","nausea,vomiting",,,,,"fatigue,loss_of_appetite,malaise",,,,red_spots_over_body
Dengue,"back_pain,headache,joint_pain,muscle_pain,pain_behind_the_eyes",,high_fever,"nausea,vomiting",,skin_rash,,,"fatigue,loss_of_appetite,malaise",,,,red_spots_over_body
Dengue,"back_pain,headache,muscle_pain,pain_behind_the_eyes",,"chills,high_fever","nausea,vomiting",,skin_rash,,,"fatigue,loss_of_appetite,malaise",,,,red_spots_over_body
Dengue,"back_pain,headache,joint_pain,muscle_pain,pain_behind_the_eyes",,"chills,high_fever",nausea,,skin_rash,,,"fatigue,loss_of_appetite,malaise",,,,red_spots_over_body
Dengue,"back_pain,headache,joint_pain,muscle_pain,pain_behind_the_eyes",,"chills,high_fever","nausea,vomiting",,skin_rash,,,"loss_of_appetite,malaise",,,,red_spots_over_body
Dengue,"back_pain,headache,joint_pain,muscle_pain,pain_behind_the_eyes",,chills,"nausea,vomiting",,skin_rash,,,"fatigue,loss_of_appetite,malaise",,,,red_spots_over_body
Typhoid,"abdominal_pain,belly_pain",,"chills,high_fever","constipation,diarrhoea,nausea,vomiting",,,,,fatigue,,,,toxic_look_(typhos)
Typhoid,"abdominal_pain,belly_pain,headache",,"chills,high_fever","constipation,diarrhoea,vomiting",,,,,fatigue,,,,toxic_look_(typhos)
Typhoid,"abdominal_pain,belly_pain,headache",,"chills,high_fever","diarrhoea,nausea,vomiting",,,,,fatigue,,,,toxic_look_(typhos)
Typhoid,"belly_pain,headache",,"chills,high_fever","constipation,diarrhoea,nausea,vomiting",,,,,fatigue,,,,toxic_look_(typhos)
Typhoid,"abdominal_pain,belly_pain,headache",,"chills,high_fever","constipation,nausea,vomiting",,,,,fatigue,,,,toxic_look_(typhos)
Typhoid,"abdominal_pain,belly_pain,headache",,"chills,high_fever","constipation,diarrhoea,nausea,vomiting",,,,,fatigue,,,,
Typhoid,"abdominal_pain,headache",,"chills,high_fever","constipation,diarrhoea,nausea,vomiting",,,,,fatigue,,,,toxic_look_(typhos)
Typhoid,"abdominal_pain,belly_pain,headache",,"chills,high_fever","constipation,diarrhoea,nausea,vomiting",,,,,fatigue,,,,toxic_look_(typhos)
Typhoid,"abdominal_pain,belly_pain,headache",,"chills,high_fever","constipation,diarrhoea,nausea,vomiting",,,,,fatigue,,,,toxic_look_(typhos)
Typhoid,"abdominal_pain,belly_pain,headache",,"chills,high_fever","constipation,diarrhoea,nausea",,,,,fatigue,,,,toxic_look_(typhos)
hepatitis A,"abdominal_pain,joint_pain,muscle_pain",,mild_fever,"diarrhoea,nausea,vomiting",dark_urine,yellowish_skin,,yellowing_of_eyes,loss_of_appetite,,,,
hepatitis A,"abdominal_pain,joint_pain,muscle_pain",,mild_fever,"diarrhoea,nausea,vomiting",dark_urine,yellowish_skin,,yellowing_of_eyes,loss_of_appetite,,,,
hepatitis A,"abdominal_pain,muscle_pain",,mild_fever,"diarrhoea,nausea,vomiting",dark_urine,yellowish_skin,,yellowing_of_eyes,loss_of_appetite,,,,
hepatitis A,"abdominal_pain,joint_pain,muscle_pain",,mild_fever,"diarrhoea,nausea",dark_urine,yellowish_skin,,yellowing_of_eyes,loss_of_appetite,,,,
hepatitis A,"abdominal_pain,joint_pain,muscle_pain",,mild_fever,"diarrhoea,nausea,vomiting",dark_urine,,,yellowing_of_eyes,loss_of_appetite,,,,
hepatitis A,"abdominal_pain,joint_pain,muscle_pain",,mild_fever,"diarrhoea,nausea,vomiting",,yellowish_skin,,yellowing_of_eyes,loss_of_appetite,,,,
hepatitis A,"abdominal_pain,joint_pain,muscle_pain",,mild_fever,"diarrhoea,vomiting",dark_urine,yellowish_skin,,yellowing_of_eyes,loss_of_appetite,,,,
hepatitis A,"abdominal_pain,joint_pain,muscle_pain",,mild_fever,"diarrhoea,nausea,vomiting",dark_urine,yellowish_skin,,yellowing_of_eyes,,,,,
hepatitis A,"joint_pain,muscle_pain",,mild_fever,"diarrhoea,nausea,vomiting",dark_urine,yellowish_skin,,yellowing_of_eyes,loss_of_appetite,,,,
hepatitis A,"abdominal_pain,joint_pain,muscle_pain",,mild_fever,"nausea,vomiting",dark_urine,yellowish_skin,,yellowing_of_eyes,loss_of_appetite,,,,
Hepatitis B,abdominal_pain,,,,"dark_urine,yellow_urine","itching,yellowish_skin",,yellowing_of_eyes,"fatigue,lethargy,loss_of_appetite,malaise",,,,"receiving_blood_transfusion,receiving_unsterile_injections"
Hepatitis B,abdominal_pain,,,,"dark_urine,yellow_urine","itching,yellowish_skin",,yellowing_of_eyes,"fatigue,lethargy,loss_of_appetite,malaise",,,,"receiving_blood_transfusion,receiving_unsterile_injections"
Hepatitis B,abdominal_pain,,,,"dark_urine,yellow_urine",yellowish_skin,,yellowing_of_eyes,"fatigue,lethargy,loss_of_appetite,malaise",,,,"receiving_blood_transfusion,receiving_unsterile_injections"
Hepatitis B,abdominal_pain,,,,"dark_urine,yellow_urine","itching,yellowish_skin",,yellowing_of_eyes,"lethargy,loss_of_appetite,malaise",,,,"receiving_blood_transfusion,receiving_unsterile_injections"
Hepatitis B,abdominal_pain,,,,"dark_urine,yellow_urine","itching,yellowish_skin",,yellowing_of_eyes,"fatigue,loss_of_appetite,malaise",,,,"receiving_blood_transfusion,receiving_unsterile_injections"
Hepatitis B,abdominal_pain,,,,"dark_urine,yellow_urine",itching,,yellowing_of_eyes,"fatigue,lethargy,loss_of_appetite,malaise",,,,"receiving_blood_transfusion,receiving_unsterile_injections"
Hepatitis B,abdominal_pain,,,,yellow_urine,"itching,yellowish_skin",,yellowing_of_eyes,"fatigue,lethargy,loss_of_appetite,malaise",,,,"receiving_blood_transfusion,receiving_unsterile_injections"
Hepatitis B,abdominal_pain,,,,"dark_urine,yellow_urine","itching,yellowish_skin",,yellowing_of_eyes,"fatigue,lethargy,malaise",,,,"receiving_blood_transfusion,receiving_unsterile_injections"
Hepatitis B,,,,,"dark_urine,yellow_urine","itching,yellowish_skin",,yellowing_of_eyes,"fatigue,lethargy,loss_of_appetite,malaise",,,,"receiving_blood_transfusion,receiving_unsterile_injections"
Hepatitis B,abdominal_pain,,,,dark_urine,"itching,yellowish_skin",,yellowing_of_eyes,"fatigue,lethargy,loss_of_appetite,malaise",,,,"receiving_blood_transfusion,receiving_unsterile_injections"
Hepatitis C,,,,nausea,,yellowish_skin,,,"fatigue,loss_of_appetite",,,,family_history
Hepatitis C,,,,nausea,,yellowish_skin,,yellowing_of_eyes,"fatigue,loss_of_appetite",,,,family_history
Hepatitis C,,,,nausea,,yellowish_skin,,yellowing_of_eyes,loss_of_appetite,,,,family_history
Hepatitis C,,,,nausea,,,,yellowing_of_eyes,"fatigue,loss_of_appetite",,,,family_history
Hepatitis C,,,,,,yellowish_skin,,yellowing_of_eyes,"fatigue,loss_of_appetite",,,,family_history
Hepatitis C,,,,nausea,,yellowish_skin,,yellowing_of_eyes,fatigue,,,,family_history
Hepatitis C,,,,nausea,,yellowish_skin,,,"fatigue,loss_of_appetite",,,,family_history
Hepatitis C,,,,nausea,,yellowish_skin,,yellowing_of_eyes,"fatigue,loss_of_appetite",,,,
Hepatitis C,,,,nausea,,yellowish_skin,,yellowing_of_eyes,"fatigue,loss_of_appetite",,,,family_history
Hepatitis C,,,,nausea,,yellowish_skin,,yellowing_of_eyes,"fatigue,loss_of_appetite",,,,family_history
Hepatitis D,"abdominal_pain,joint_pain",,,"nausea,vomiting",dark_urine,yellowish_skin,,yellowing_of_eyes,"fatigue,loss_of_appetite",,,,
Hepatitis D,abdominal_pain,,,"nausea,vomiting",dark_urine,yellowish_skin,,yellowing_of_eyes,"fatigue,loss_of_appetite",,,,
Hepatitis D,"abdominal_pain,joint_pain",,,nausea,dark_urine,yellowish_skin,,yellowing_of_eyes,"fatigue,loss_of_appetite",,,,
Hepatitis D,"abdominal_pain,joint_pain",,,"nausea,vomiting",dark_urine,yellowish_skin,,yellowing_of_eyes,loss_of_appetite,,,,
Hepatitis D,"abdominal_pain,joint_pain",,,"nausea,vomiting",dark_urine,,,yellowing_of_eyes,"fatigue,loss_of_appetite",,,,
Hepatitis D,"abdominal_pain,joint_pain",,,"nausea,vomiting",,yellowish_skin,,yellowing_of_eyes,"fatigue,loss_of_appetite",,,,
Hepatitis D,"abdominal_pain,joint_pain",,,vomiting,dark_urine,yellowish_skin,,yellowing_of_eyes,"fatigue,loss_of_appetite",,,,
Hepatitis D,"abdominal_pain,joint_pain",,,"nausea,vomiting",dark_urine,yellowish_skin,,yellowing_of_eyes,fatigue,,,,
Hepatitis D,joint_pain,,,"nausea,vomiting",dark_urine,yellowish_skin,,yellowing_of_eyes,"fatigue,loss_of_appetite",,,,
Hepatitis D,"abdominal_pain,joint_pain",,,"nausea,vomiting",dark_urine,yellowish_skin,,,"fatigue,loss_of_appetite",,,,
Hepatitis E,"abdominal_pain,joint_pain",,high_fever,"nausea,stomach_bleeding,vomiting",dark_urine,yellowish_skin,coma,yellowing_of_eyes,"fatigue,loss_of_appetite",,,,
Hepatitis E,"abdominal_pain,joint_pain",,high_fever,"nausea,stomach_bleeding,vomiting",dark_urine,yellowish_skin,coma,yellowing_of_eyes,"fatigue,loss_of_appetite",,,,acute_liver_failure
Hepatitis E,"abdominal_pain,joint_pain",,high_fever,"nausea,stomach_bleeding,vomiting",dark_urine,yellowish_skin,coma,yellowing_of_eyes,"fatigue,loss_of_appetite",,,,acute_liver_failure
Hepatitis E,abdominal_pain,,high_fever,"nausea,stomach_bleeding,vomiting",dark_urine,yellowish_skin,coma,yellowing_of_eyes,"fatigue,loss_of_appetite",,,,acute_liver_failure
Hepatitis E,"abdominal_pain,joint_pain",,high_fever,"nausea,stomach_bleeding",dark_urine,yellowish_skin,coma,yellowing_of_eyes,"fatigue,loss_of_appetite",,,,acute_liver_failure
Hepatitis E,"abdominal_pain,joint_pain",,high_fever,"nausea,stomach_bleeding,vomiting",dark_urine,yellowish_skin,coma,yellowing_of_eyes,loss_of_appetite,,,,acute_liver_failure
Hepatitis E,"abdominal_pain,joint_pain",,,"nausea,stomach_bleeding,vomiting",dark_urine,yellowish_skin,coma,yellowing_of_eyes,"fatigue,loss_of_appetite",,,,acute_liver_failure
Hepatitis E,"abdominal_pain,joint_pain",,high_fever,"nausea,stomach_bleeding,vomiting",dark_urine,,coma,yellowing_of_eyes,"fatigue,loss_of_appetite",,,,acute_liver_failure
Hepatitis E,"abdominal_pain,joint_pain",,high_fever,"nausea,stomach_bleeding,vomiting",,yellowish_skin,coma,yellowing_of_eyes,"fatigue,loss_of_appetite",,,,acute_liver_failure
Hepatitis E,"abdominal_pain,joint_pain",,high_fever,"stomach_bleeding,vomiting",dark_urine,yellowish_skin,coma,yellowing_of_eyes,"fatigue,loss_of_appetite",,,,acute_liver_failure
Alcoholic hepatitis,abdominal_pain,,,"swelling_of_stomach,vomiting",,yellowish_skin,,,,,,,"distention_of_abdomen,fluid_overload,history_of_alcohol_consumption"
Alcoholic hepatitis,abdominal_pain,,,"swelling_of_stomach,vomiting",,yellowish_skin,,,,,,,"distention_of_abdomen,fluid_overload,history_of_alcohol_consumption"
Alcoholic hepatitis,abdominal_pain,,,swelling_of_stomach,,yellowish_skin,,,,,,,"distention_of_abdomen,fluid_overload,history_of_alcohol_consumption"
Alcoholic hepatitis,abdominal_pain,,,"swelling_of_stomach,vomiting",,,,,,,,,"distention_of_abdomen,fluid_overload,history_of_alcohol_consumption"
Alcoholic hepatitis,,,,"swelling_of_stomach,vomiting",,yellowish_skin,,,,,,,"distention_of_abdomen,fluid_overload,history_of_alcohol_consumption"
Alcoholic hepatitis,abdominal_pain,,,vomiting,,yellowish_skin,,,,,,,"distention_of_abdomen,fluid_overload,history_of_alcohol_consumption"
Alcoholic hepatitis,abdominal_pain,,,"swelling_of_stomach,vomiting",,yellowish_skin,,,,,,,"fluid_overload,history_of_alcohol_consumption"
Alcoholic hepatitis,abdominal_pain,,,"swelling_of_stomach,vomiting",,yellowish_skin,,,,,,,"distention_of_abdomen,fluid_overload"
Alcoholic hepatitis,abdominal_pain,,,"swelling_of_stomach,vomiting",,yellowish_skin,,,,,,,"distention_of_abdomen,history_of_alcohol_consumption"
Alcoholic hepatitis,abdominal_pain,,,"swelling_of_stomach,vomiting",,yellowish_skin,,,,,,,"distention_of_abdomen,fluid_overload,history_of_alcohol_consumption"
Tuberculosis,chest_pain,"blood_in_sputum,breathlessness,cough,phlegm","chills,high_fever,mild_fever,sweating",vomiting,,,,yellowing_of_eyes,"fatigue,loss_of_appetite,malaise",,,weight_loss,swelled_lymph_nodes
Tuberculosis,chest_pain,"blood_in_sputum,breathlessness,cough,phlegm","chills,high_fever,mild_fever,sweating",vomiting,,,,yellowing_of_eyes,"fatigue,loss_of_appetite,malaise",,,weight_loss,swelled_lymph_nodes
Tuberculosis,chest_pain,"blood_in_sputum,breathlessness,cough,phlegm","high_fever,mild_fever,sweating",vomiting,,,,yellowing_of_eyes,"fatigue,loss_of_appetite,malaise",,,weight_loss,swelled_lymph_nodes
Tuberculosis,chest_pain,"blood_in_sputum,breathlessness,cough,phlegm","chills,high_fever,mild_fever,sweating",,,,,yellowing_of_eyes,"fatigue,loss_of_appetite,malaise",,,weight_loss,swelled_lymph_nodes
Tuberculosis,chest_pain,"blood_in_sputum,breathlessness,cough,phlegm","chills,high_fever,mild_fever,sweating",vomiting,,,,yellowing_of_eyes,"loss_of_appetite,malaise",,,weight_loss,swelled_lymph_nodes
Tuberculosis,chest_pain,"blood_in_sputum,breathlessness,cough,phlegm","chills,high_fever,mild_fever,sweating",vomiting,,,,yellowing_of_eyes,"fatigue,loss_of_appetite,malaise",,,,swelled_lymph_nodes
Tuberculosis,chest_pain,"blood_in_sputum,breathlessness,phlegm","chills,high_fever,mild_fever,sweating",vomiting,,,,yellowing_of_eyes,"fatigue,loss_of_appetite,malaise",,,weight_loss,swelled_lymph_nodes
Tuberculosis,chest_pain,"blood_in_sputum,breathlessness,cough,phlegm","chills,mild_fever,sweating",vomiting,,,,yellowing_of_eyes,"fatigue,loss_of_appetite,malaise",,,weight_loss,swelled_lymph_nodes
Tuberculosis,chest_pain,"blood_in_sputum,cough,phlegm","chills,high_fever,mild_fever,sweating",vomiting,,,,yellowing_of_eyes,"fatigue,loss_of_appetite,malaise",,,weight_loss,swelled_lymph_nodes
Tuberculosis,chest_pain,"blood_in_sputum,breathlessness,cough,phlegm","chills,high_fever,mild_fever",vomiting,,,,yellowing_of_eyes,"fatigue,loss_of_appetite,malaise",,,weight_loss,swelled_lymph_nodes
Common Cold,"chest_pain,headache,muscle_pain","congestion,continuous_sneezing,cough,phlegm,runny_nose,throat_irritation","chills,high_fever",,,redness_of_eyes,,,"fatigue,malaise",,,,"loss_of_smell,sinus_pressure,swelled_lymph_nodes"
Common Cold,"chest_pain,headache,muscle_pain","congestion,continuous_sneezing,cough,phlegm,runny_nose,throat_irritation","chills,high_fever",,,redness_of_eyes,,,"fatigue,malaise",,,,"loss_of_smell,sinus_pressure,swelled_lymph_nodes"
Common Cold,"chest_pain,headache,muscle_pain","congestion,cough,phlegm,runny_nose,throat_irritation","chills,high_fever",,,redness_of_eyes,,,"fatigue,malaise",,,,"loss_of_smell,sinus_pressure,swelled_lymph_nodes"
Common Cold,"chest_pain,headache,muscle_pain","congestion,continuous_sneezing,cough,phlegm,runny_nose,throat_irritation",high_fever,,,redness_of_eyes,,,"fatigue,malaise",,,,"loss_of_smell,sinus_pressure,swelled_lymph_nodes"
Common Cold,"chest_pain,headache,muscle_pain","congestion,continuous_sneezing,cough,phlegm,runny_nose,throat_irritation","chills,high_fever",,,redness_of_eyes,,,malaise,,,,"loss_of_smell,sinus_pressure,swelled_lymph_nodes"
Common Cold,"chest_pain,headache,muscle_pain","congestion,continuous_sneezing,phlegm,runny_nose,throat_irritation","chills,high_fever",,,redness_of_eyes,,,"fatigue,malaise",,,,"loss_of_smell,sinus_pressure,swelled_lymph_nodes"
Common Cold,"chest_pain,headache,muscle_pain","congestion,continuous_sneezing,cough,phlegm,runny_nose,throat_irritation",chills,,,redness_of_eyes,,,"fatigue,malaise",,,,"loss_of_smell,sinus_pressure,swelled_lymph_nodes"
Common Cold,"chest_pain,muscle_pain","congestion,continuous_sneezing,cough,phlegm,runny_nose,throat_irritation","chills,high_fever",,,redness_of_eyes,,,"fatigue,malaise",,,,"loss_of_smell,sinus_pressure,swelled_lymph_nodes"
Common Cold,"chest_pain,headache,muscle_pain","congestion,continuous_sneezing,cough,phlegm,runny_nose,throat_irritation","chills,high_fever",,,redness_of_eyes,,,"fatigue,malaise",,,,"loss_of_smell,sinus_pressure"
Common Cold,"chest_pain,headache,muscle_pain","congestion,continuous_sneezing,cough,phlegm,runny_nose,throat_irritation","chills,high_fever",,,redness_of_eyes,,,fatigue,,,,"loss_of_smell,sinus_pressure,swelled_lymph_nodes"
Pneumonia,chest_pain,"breathlessness,cough,rusty_sputum","chills,high_fever,sweating",,,,,,"fatigue,malaise",,,,fast_heart_rate
Pneumonia,chest_pain,"breathlessness,cough,phlegm,rusty_sputum","chills,high_fever,sweating",,,,,,"fatigue,malaise",,,,fast_heart_rate
Pneumonia,chest_pain,"breathlessness,cough,phlegm,rusty_sputum","chills,high_fever,sweating",,,,,,"fatigue,malaise",,,,fast_heart_rate
Pneumonia,chest_pain,"breathlessness,cough,phlegm,rusty_sputum","high_fever,sweating",,,,,,"fatigue,malaise",,,,fast_heart_rate
Pneumonia,chest_pain,"breathlessness,cough,phlegm,rusty_sputum","chills,high_fever,sweating",,,,,,malaise,,,,fast_heart_rate
Pneumonia,chest_pain,"breathlessness,phlegm,rusty_sputum","chills,high_fever,sweating",,,,,,"fatigue,malaise",,,,fast_heart_rate
Pneumonia,chest_pain,"breathlessness,cough,phlegm,rusty_sputum","chills,sweating",,,,,,"fatigue,malaise",,,,fast_heart_rate
Pneumonia,chest_pain,"cough,phlegm,rusty_sputum","chills,high_fever,sweating",,,,,,"fatigue,malaise",,,,fast_heart_rate
Pneumonia,chest_pain,"breathlessness,cough,phlegm,rusty_sputum","chills,high_fever",,,,,,"fatigue,malaise",,,,fast_heart_rate
Pneumonia,chest_pain,"breathlessness,cough,phlegm,rusty_sputum","chills,high_fever,sweating",,,,,,fatigue,,,,fast_heart_rate
Dimorphic hemmorhoids(piles),"pain_during_bowel_movements,pain_in_anal_region",,,constipation,,,,,,,,,"bloody_stool,irritation_in_anus"
Dimorphic hemmorhoids(piles),"pain_during_bowel_movements,pain_in_anal_region",,,constipation,,,,,,,,,"bloody_stool,irritation_in_anus"
Dimorphic hemmorhoids(piles),"pain_during_bowel_movements,pain_in_anal_region",,,constipation,,,,,,,,,"bloody_stool,irritation_in_anus"
Dimorphic hemmorhoids(piles),"pain_during_bowel_movements,pain_in_anal_region",,,,,,,,,,,,"bloody_stool,irritation_in_anus"
Dimorphic hemmorhoids(piles),pain_in_anal_region,,,constipation,,,,,,,,,"bloody_stool,irritation_in_anus"
Dimorphic hemmorhoids(piles),pain_during_bowel_movements,,,constipation,,,,,,,,,"bloody_stool,irritation_in_anus"
Dimorphic hemmorhoids(piles),"pain_during_bowel_movements,pain_in_anal_region",,,constipation,,,,,,,,,irritation_in_anus
Dimorphic hemmorhoids(piles),"pain_during_bowel_movements,pain_in_anal_region",,,constipation,,,,,,,,,bloody_stool
Dimorphic hemmorhoids(piles),"pain_during_bowel_movements,pain_in_anal_region",,,constipation,,,,,,,,,"bloody_stool,irritation_in_anus"
Dimorphic hemmorhoids(piles),"pain_during_bowel_movements,pain_in_anal_region",,,constipation,,,,,,,,,"bloody_stool,irritation_in_anus"
Heart attack,chest_pain,breathlessness,sweating,vomiting,,,,,,,,,
Heart attack,chest_pain,breathlessness,sweating,vomiting,,,,,,,,,
Heart attack,chest_pain,breathlessness,sweating,,,,,,,,,,
Heart attack,chest_pain,,sweating,vomiting,,,,,,,,,
Heart attack,chest_pain,breathlessness,,vomiting,,,,,,,,,
Heart attack,,breathlessness,sweating,vomiting,,,,,,,,,
Heart attack,chest_pain,breathlessness,sweating,vomiting,,,,,,,,,
Heart attack,chest_pain,breathlessness,sweating,,,,,,,,,,
Heart attack,chest_pain,,sweating,vomiting,,,,,,,,,
Heart attack,chest_pain,breathlessness,,vomiting,,,,,,,,,
Varicose veins,cramps,,,,,,,,fatigue,,,obesity,"bruising,prominent_veins_on_calf,swollen_blood_vessels,swollen_legs"
Varicose veins,cramps,,,,,,,,fatigue,,,obesity,"bruising,prominent_veins_on_calf,swollen_blood_vessels,swollen_legs"
Varicose veins,cramps,,,,,,,,,,,obesity,"bruising,prominent_veins_on_calf,swollen_blood_vessels,swollen_legs"
Varicose veins,,,,,,,,,fatigue,,,obesity,"bruising,prominent_veins_on_calf,swollen_blood_vessels,swollen_legs"
Varicose veins,cramps,,,,,,,,fatigue,,,obesity,"prominent_veins_on_calf,swollen_blood_vessels,swollen_legs"
Varicose veins,cramps,,,,,,,,fatigue,,,,"bruising,prominent_veins_on_calf,swollen_blood_vessels,swollen_legs"
Varicose veins,cramps,,,,,,,,fatigue,,,obesity,"bruising,prominent_veins_on_calf,swollen_blood_vessels"
Varicose veins,cramps,,,,,,,,fatigue,,,obesity,"bruising,prominent_veins_on_calf,swollen_legs"
Varicose veins,cramps,,,,,,,,fatigue,,,obesity,"bruising,swollen_blood_vessels,swollen_legs"
Varicose veins,cramps,,,,,,,,fatigue,,,obesity,"bruising,prominent_veins_on_calf,swollen_legs"
Hypothyroidism,,,,,,,dizziness,puffy_face_and_eyes,"fatigue,lethargy","depression,irritability,mood_swings",,weight_gain,"abnormal_menstruation,brittle_nails,cold_hands_and_feets,enlarged_thyroid,swollen_extremeties"
Hypothyroidism,,,,,,,dizziness,puffy_face_and_eyes,"fatigue,lethargy","depression,irritability,mood_swings",,weight_gain,"abnormal_menstruation,brittle_nails,cold_hands_and_feets,enlarged_thyroid,swollen_extremeties"
Hypothyroidism,,,,,,,dizziness,puffy_face_and_eyes,lethargy,"depression,irritability,mood_swings",,weight_gain,"abnormal_menstruation,brittle_nails,cold_hands_and_feets,enlarged_thyroid,swollen_extremeties"
Hypothyroidism,,,,,,,dizziness,puffy_face_and_eyes,lethargy,"depression,irritability,mood_swings",,weight_gain,"abnormal_menstruation,brittle_nails,cold_hands_and_feets,enlarged_thyroid,swollen_extremeties"
Hypothyroidism,,,,,,,dizziness,puffy_face_and_eyes,"fatigue,lethargy","depression,irritability,mood_swings",,,"abnormal_menstruation,brittle_nails,cold_hands_and_feets,enlarged_thyroid,swollen_extremeties"
Hypothyroidism,,,,,,,dizziness,puffy_face_and_eyes,"fatigue,lethargy","depression,irritability,mood_swings",,weight_gain,"abnormal_menstruation,brittle_nails,enlarged_thyroid,swollen_extremeties"
Hypothyroidism,,,,,,,dizziness,puffy_face_and_eyes,"fatigue,lethargy","depression,irritability",,weight_gain,"abnormal_menstruation,brittle_nails,cold_hands_and_feets,enlarged_thyroid,swollen_extremeties"
Hypothyroidism,,,,,,,dizziness,puffy_face_and_eyes,fatigue,"depression,irritability,mood_swings",,weight_gain,"abnormal_menstruation,brittle_nails,cold_hands_and_feets,enlarged_thyroid,swollen_extremeties"
Hypothyroidism,,,,,,,,puffy_face_and_eyes,"fatigue,lethargy","depression,irritability,mood_swings",,weight_gain,"abnormal_menstruation,brittle_nails,cold_hands_and_feets,enlarged_thyroid,swollen_extremeties"
Hypothyroidism,,,,,,,dizziness,,"fatigue,lethargy","depression,irritability,mood_swings",,weight_gain,"abnormal_menstruation,brittle_nails,cold_hands_and_feets,enlarged_thyroid,swollen_extremeties"
Hyperthyroidism,,,sweating,diarrhoea,,,muscle_weakness,,"excessive_hunger,fatigue","irritability,mood_swings,restlessness",,weight_loss,"abnormal_menstruation,fast_heart_rate"
Hyperthyroidism,,,sweating,diarrhoea,,,muscle_weakness,,"excessive_hunger,fatigue","irritability,mood_swings,restlessness",,weight_loss,"abnormal_menstruation,fast_heart_rate"
Hyperthyroidism,,,sweating,diarrhoea,,,muscle_weakness,,excessive_hunger,"irritability,mood_swings,restlessness",,weight_loss,"abnormal_menstruation,fast_heart_rate"
Hyperthyroidism,,,sweating,diarrhoea,,,muscle_weakness,,"excessive_hunger,fatigue","irritability,restlessness",,weight_loss,"abnormal_menstruation,fast_heart_rate"
Hyperthyroidism,,,sweating,diarrhoea,,,muscle_weakness,,"excessive_hunger,fatigue","irritability,mood_swings,restlessness",,,"abnormal_menstruation,fast_heart_rate"
Hyperthyroidism,,,sweating,diarrhoea,,,muscle_weakness,,"excessive_hunger,fatigue","irritability,mood_swings",,weight_loss,"abnormal_menstruation,fast_heart_rate"
Hyperthyroidism,,,,diarrhoea,,,muscle_weakness,,"excessive_hunger,fatigue","irritability,mood_swings,restlessness",,weight_loss,"abnormal_menstruation,fast_heart_rate"
Hyperthyroidism,,,sweating,,,,muscle_weakness,,"excessive_hunger,fatigue","irritability,mood_swings,restlessness",,weight_loss,"abnormal_menstruation,fast_heart_rate"
Hyperthyroidism,,,sweating,diarrhoea,,,muscle_weakness,,"excessive_hunger,fatigue","irritability,mood_swings,restlessness",,weight_loss,abnormal_menstruation
Hyperthyroidism,,,sweating,diarrhoea,,,muscle_weakness,,fatigue,"irritability,mood_swings,restlessness",,weight_loss,"abnormal_menstruation,fast_heart_rate"
Hypoglycemia,headache,,sweating,"nausea,vomiting",,,slurred_speech,blurred_and_distorted_vision,"excessive_hunger,fatigue","anxiety,irritability",,,palpitations
Hypoglycemia,headache,,sweating,"nausea,vomiting",,,slurred_speech,blurred_and_distorted_vision,"excessive_hunger,fatigue","anxiety,irritability",,,"drying_and_tingling_lips,palpitations"
Hypoglycemia,headache,,sweating,"nausea,vomiting",,,slurred_speech,blurred_and_distorted_vision,"excessive_hunger,fatigue","anxiety,irritability",,,"drying_and_tingling_lips,palpitations"
Hypoglycemia,headache,,sweating,nausea,,,slurred_speech,blurred_and_distorted_vision,"excessive_hunger,fatigue","anxiety,irritability",,,"drying_and_tingling_lips,palpitations"
Hypoglycemia,headache,,sweating,"nausea,vomiting",,,slurred_speech,blurred_and_distorted_vision,excessive_hunger,"anxiety,irritability",,,"drying_and_tingling_lips,palpitations"
Hypoglycemia,headache,,sweating,"nausea,vomiting",,,slurred_speech,blurred_and_distorted_vision,"excessive_hunger,fatigue",irritability,,,"drying_and_tingling_lips,palpitations"
Hypoglycemia,headache,,,"nausea,vomiting",,,slurred_speech,blurred_and_distorted_vision,"excessive_hunger,fatigue","anxiety,irritability",,,"drying_and_tingling_lips,palpitations"
Hypoglycemia,,,sweating,"nausea,vomiting",,,slurred_speech,blurred_and_distorted_vision,"excessive_hunger,fatigue","anxiety,irritability",,,"drying_and_tingling_lips,palpitations"
Hypoglycemia,headache,,sweating,vomiting,,,slurred_speech,blurred_and_distorted_vision,"excessive_hunger,fatigue","anxiety,irritability",,,"drying_and_tingling_lips,palpitations"
Hypoglycemia,headache,,sweating,"nausea,vomiting",,,slurred_speech,,"excessive_hunger,fatigue","anxiety,irritability",,,"drying_and_tingling_lips,palpitations"
Osteoarthristis,"hip_joint_pain,joint_pain,knee_pain,neck_pain,painful_walking",,,,,,,,,,swelling_joints,,
Osteoarthristis,"hip_joint_pain,joint_pain,knee_pain,neck_pain,painful_walking",,,,,,,,,,swelling_joints,,
Osteoarthristis,"hip_joint_pain,knee_pain,neck_pain,painful_walking",,,,,,,,,,swelling_joints,,
Osteoarthristis,"hip_joint_pain,joint_pain,knee_pain,painful_walking",,,,,,,,,,swelling_joints,,
Osteoarthristis,"hip_joint_pain,joint_pain,neck_pain,painful_walking",,,,,,,,,,swelling_joints,,
Osteoarthristis,"joint_pain,knee_pain,neck_pain,painful_walking",,,,,,,,,,swelling_joints,,
Osteoarthristis,"hip_joint_pain,joint_pain,knee_pain,neck_pain,painful_walking",,,,,,,,,,,,
Osteoarthristis,"hip_joint_pain,joint_pain,knee_pain,neck_pain",,,,,,,,,,swelling_joints,,
Osteoarthristis,"hip_joint_pain,joint_pain,knee_pain,neck_pain,painful_walking",,,,,,,,,,swelling_joints,,
Osteoarthristis,"hip_joint_pain,joint_pain,knee_pain,neck_pain,painful_walking",,,,,,,,,,swelling_joints,,
Arthritis,painful_walking,,,,,,muscle_weakness,,,,"movement_stiffness,stiff_neck,swelling_joints",,
Arthritis,painful_walking,,,,,,muscle_weakness,,,,"movement_stiffness,stiff_neck,swelling_joints",,
Arthritis,painful_walking,,,,,,,,,,"movement_stiffness,stiff_neck,swelling_joints",,
Arthritis,painful_walking,,,,,,muscle_weakness,,,,"movement_stiffness,swelling_joints",,
Arthritis,painful_walking,,,,,,muscle_weakness,,,,"movement_stiffness,stiff_neck",,
Arthritis,painful_walking,,,,,,muscle_weakness,,,,"stiff_neck,swelling_joints",,
Arthritis,painful_walking,,,,,,muscle_weakness,,,,"movement_stiffness,stiff_neck,swelling_joints",,
Arthritis,,,,,,,muscle_weakness,,,,"movement_stiffness,stiff_neck,swelling_joints",,
Arthritis,painful_walking,,,,,,muscle_weakness,,,,"movement_stiffness,stiff_neck,swelling_joints",,
Arthritis,painful_walking,,,,,,muscle_weakness,,,,"movement_stiffness,stiff_neck,swelling_joints",,
(vertigo) Paroymsal  Positional Vertigo,headache,,,"nausea,vomiting",,,"loss_of_balance,unsteadiness",,,,spinning_movements,,
(vertigo) Paroymsal  Positional Vertigo,headache,,,"nausea,vomiting",,,"loss_of_balance,unsteadiness",,,,spinning_movements,,
(vertigo) Paroymsal  Positional Vertigo,headache,,,nausea,,,"loss_of_balance,unsteadiness",,,,spinning_movements,,
(vertigo) Paroymsal  Positional Vertigo,,,,"nausea,vomiting",,,"loss_of_balance,unsteadiness",,,,spinning_movements,,
(vertigo) Paroymsal  Positional Vertigo,headache,,,vomiting,,,"loss_of_balance,unsteadiness",,,,spinning_movements,,
(vertigo) Paroymsal  Positional Vertigo,headache,,,"nausea,vomiting",,,"loss_of_balance,unsteadiness",,,,,,
(vertigo) Paroymsal  Positional Vertigo,headache,,,"nausea,vomiting",,,unsteadiness,,,,spinning_movements,,
(vertigo) Paroymsal  Positional Vertigo,headache,,,"nausea,vomiting",,,loss_of_balance,,,,spinning_movements,,
(vertigo) Paroymsal  Positional Vertigo,headache,,,"nausea,vomiting",,,"loss_of_balance,unsteadiness",,,,spinning_movements,,
(vertigo) Paroymsal  Positional Vertigo,headache,,,"nausea,vomiting",,,"loss_of_balance,unsteadiness",,,,,,
Acne,,,,,,"blackheads,pus_filled_pimples,skin_rash",,,,,,,scurring
Acne,,,,,,"blackheads,pus_filled_pimples,skin_rash",,,,,,,scurring
Acne,,,,,,"blackheads,pus_filled_pimples",,,,,,,scurring
Acne,,,,,,"blackheads,skin_rash",,,,,,,scurring
Acne,,,,,,"pus_filled_pimples,skin_rash",,,,,,,scurring
Acne,,,,,,"blackheads,pus_filled_pimples,skin_rash",,,,,,,
Acne,,,,,,"blackheads,pus_filled_pimples,skin_rash",,,,,,,scurring
Acne,,,,,,"blackheads,pus_filled_pimples,skin_rash",,,,,,,
Acne,,,,,,"pus_filled_pimples,skin_rash",,,,,,,scurring
Acne,,,,,,"blackheads,skin_rash",,,,,,,scurring
Urinary tract infection,,,,,"bladder_discomfort,burning_micturition,continuous_feel_of_urine,foul_smell_of_urine",,,,,,,,
Urinary tract infection,,,,,"bladder_discomfort,burning_micturition,continuous_feel_of_urine,foul_smell_of_urine",,,,,,,,
Urinary tract infection,,,,,"bladder_discomfort,continuous_feel_of_urine,foul_smell_of_urine",,,,,,,,
Urinary tract infection,,,,,"burning_micturition,continuous_feel_of_urine,foul_smell_of_urine",,,,,,,,
Urinary tract infection,,,,,"bladder_discomfort,burning_micturition,continuous_feel_of_urine",,,,,,,,
Urinary tract infection,,,,,"bladder_discomfort,burning_micturition,foul_smell_of_urine",,,,,,,,
Urinary tract infection,,,,,"bladder_discomfort,burning_micturition,continuous_feel_of_urine,foul_smell_of_urine",,,,,,,,
Urinary tract infection,,,,,"bladder_discomfort,burning_micturition,continuous_feel_of_urine",,,,,,,,
Urinary tract infection,,,,,"bladder_discomfort,continuous_feel_of_urine,foul_smell_of_urine",,,,,,,,
Urinary tract infection,,,,,"bladder_discomfort,burning_micturition,continuous_feel_of_urine",,,,,,,,
Psoriasis,joint_pain,,,,,"skin_peeling,skin_rash",,,,,,,"inflammatory_nails,silver_like_dusting,small_dents_in_nails"
Psoriasis,joint_pain,,,,,"skin_peeling,skin_rash",,,,,,,"inflammatory_nails,silver_like_dusting,small_dents_in_nails"
Psoriasis,joint_pain,,,,,skin_peeling,,,,,,,"inflammatory_nails,silver_like_dusting,small_dents_in_nails"
Psoriasis,,,,,,"skin_peeling,skin_rash",,,,,,,"inflammatory_nails,silver_like_dusting,small_dents_in_nails"
Psoriasis,joint_pain,,,,,skin_rash,,,,,,,"inflammatory_nails,silver_like_dusting,small_dents_in_nails"
Psoriasis,joint_pain,,,,,"skin_peeling,skin_rash",,,,,,,"inflammatory_nails,small_dents_in_nails"
Psoriasis,joint_pain,,,,,"skin_peeling,skin_rash",,,,,,,"inflammatory_nails,silver_like_dusting"
Psoriasis,joint_pain,,,,,"skin_peeling,skin_rash",,,,,,,"silver_like_dusting,small_dents_in_nails"
Psoriasis,joint_pain,,,,,"skin_peeling,skin_rash",,,,,,,"inflammatory_nails,silver_like_dusting,small_dents_in_nails"
Psoriasis,joint_pain,,,,,"skin_peeling,skin_rash",,,,,,,"inflammatory_nails,silver_like_dusting,small_dents_in_nails"
Impetigo,red_sore_around_nose,,high_fever,,,"blister,skin_rash",,,,,,,yellow_crust_ooze
Impetigo,red_sore_around_nose,,high_fever,,,"blister,skin_rash",,,,,,,yellow_crust_ooze
Impetigo,red_sore_around_nose,,high_fever,,,blister,,,,,,,yellow_crust_ooze
Impetigo,red_sore_around_nose,,,,,"blister,skin_rash",,,,,,,yellow_crust_ooze
Impetigo,red_sore_around_nose,,,,,"blister,skin_rash",,,,,,,yellow_crust_ooze
Impetigo,red_sore_around_nose,,high_fever,,,skin_rash,,,,,,,yellow_crust_ooze
Impetigo,,,high_fever,,,"blister,skin_rash",,,,,,,yellow_crust_ooze
Impetigo,red_sore_around_nose,,high_fever,,,"blister,skin_rash",,,,,,,
Impetigo,red_sore_around_nose,,high_fever,,,"blister,skin_rash",,,,,,,yellow_crust_ooze
Impetigo,red_sore_around_nose,,,,,"blister,skin_rash",,,,,,,yellow_crust_ooze
Fungal infection,,,,,,"dischromic__patches,itching,nodal_skin_eruptions,skin_rash",,,,,,,
Fungal infection,,,,,,"dischromic__patches,nodal_skin_eruptions,skin_rash",,,,,,,
Fungal infection,,,,,,"dischromic__patches,itching,nodal_skin_eruptions",,,,,,,
Fungal infection,,,,,,"dischromic__patches,itching,skin_rash",,,,,,,
Fungal infection,,,,,,"itching,nodal_skin_eruptions,skin_rash",,,,,,,
Fungal infection,,,,,,"dischromic__patches,nodal_skin_eruptions,skin_rash",,,,,,,
Fungal infection,,,,,,"dischromic__patches,itching,nodal_skin_eruptions",,,,,,,
Fungal infection,,,,,,"dischromic__patches,itching,skin_rash",,,,,,,
Fungal infection,,,,,,"itching,nodal_skin_eruptions,skin_rash",,,,,,,
Fungal infection,,,,,,"dischromic__patches,itching,nodal_skin_eruptions,skin_rash",,,,,,,
Allergy,,continuous_sneezing,"chills,shivering",,,,,watering_from_eyes,,,,,
Allergy,,,"chills,shivering",,,,,watering_from_eyes,,,,,
Allergy,,continuous_sneezing,chills,,,,,watering_from_eyes,,,,,
Allergy,,continuous_sneezing,shivering,,,,,watering_from_eyes,,,,,
Allergy,,continuous_sneezing,"chills,shivering",,,,,,,,,,
Allergy,,,"chills,shivering",,,,,watering_from_eyes,,,,,
Allergy,,continuous_sneezing,chills,,,,,watering_from_eyes,,,,,
Allergy,,continuous_sneezing,shivering,,,,,watering_from_eyes,,,,,
Allergy,,continuous_sneezing,"chills,shivering",,,,,,,,,,
Allergy,,continuous_sneezing,"chills,shivering",,,,,watering_from_eyes,,,,,
GERD,"chest_pain,stomach_pain",cough,,"acidity,vomiting",,,,,,,,,ulcers_on_tongue
GERD,"chest_pain,stomach_pain",cough,,vomiting,,,,,,,,,ulcers_on_tongue
GERD,"chest_pain,stomach_pain",cough,,"acidity,vomiting",,,,,,,,,
GERD,"chest_pain,stomach_pain",cough,,acidity,,,,,,,,,ulcers_on_tongue
GERD,"chest_pain,stomach_pain",,,"acidity,vomiting",,,,,,,,,ulcers_on_tongue
GERD,stomach_pain,cough,,"acidity,vomiting",,,,,,,,,ulcers_on_tongue
GERD,chest_pain,cough,,"acidity,vomiting",,,,,,,,,ulcers_on_tongue
GERD,"chest_pain,stomach_pain",cough,,vomiting,,,,,,,,,ulcers_on_tongue
GERD,"chest_pain,stomach_pain",cough,,"acidity,vomiting",,,,,,,,,
GERD,"chest_pain,stomach_pain",cough,,acidity,,,,,,,,,ulcers_on_tongue
Chronic cholestasis,abdominal_pain,,,"nausea,vomiting",,"itching,yellowish_skin",,yellowing_of_eyes,loss_of_appetite,,,,
Chronic cholestasis,abdominal_pain,,,"nausea,vomiting",,yellowish_skin,,yellowing_of_eyes,loss_of_appetite,,,,
Chronic cholestasis,abdominal_pain,,,nausea,,"itching,yellowish_skin",,yellowing_of_eyes,loss_of_appetite,,,,
Chronic cholestasis,abdominal_pain,,,"nausea,vomiting",,itching,,yellowing_of_eyes,loss_of_appetite,,,,
Chronic cholestasis,abdominal_pain,,,vomiting,,"itching,yellowish_skin",,yellowing_of_eyes,loss_of_appetite,,,,
Chronic cholestasis,abdominal_pain,,,"nausea,vomiting",,"itching,yellowish_skin",,yellowing_of_eyes,,,,,
Chronic cholestasis,,,,"nausea,vomiting",,"itching,yellowish_skin",,yellowing_of_eyes,loss_of_appetite,,,,
Chronic cholestasis,abdominal_pain,,,"nausea,vomiting",,"itching,yellowish_skin",,,loss_of_appetite,,,,
Chronic cholestasis,abdominal_pain,,,"nausea,vomiting",,"itching,yellowish_skin",,yellowing_of_eyes,loss_of_appetite,,,,
Chronic cholestasis,abdominal_pain,,,"nausea,vomiting",,"itching,yellowish_skin",,yellowing_of_eyes,loss_of_appetite,,,,
Drug Reaction,stomach_pain,,,,"burning_micturition,spotting__urination","itching,skin_rash",,,,,,,
Drug Reaction,stomach_pain,,,,"burning_micturition,spotting__urination",itching,,,,,,,
Drug Reaction,,,,,"burning_micturition,spotting__urination","itching,skin_rash",,,,,,,
Drug Reaction,stomach_pain,,,,spotting__urination,"itching,skin_rash",,,,,,,
Drug Reaction,stomach_pain,,,,burning_micturition,"itching,skin_rash",,,,,,,
Drug Reaction,stomach_pain,,,,"burning_micturition,spotting__urination",skin_rash,,,,,,,
Drug Reaction,stomach_pain,,,,"burning_micturition,spotting__urination",itching,,,,,,,
Drug Reaction,,,,,"burning_micturition,spotting__urination","itching,skin_rash",,,,,,,
Drug Reaction,stomach_pain,,,,spotting__urination,"itching,skin_rash",,,,,,,
Drug Reaction,stomach_pain,,,,burning_micturition,"itching,skin_rash",,,,,,,
Peptic ulcer diseae,abdominal_pain,,,"passage_of_gases,vomiting",,internal_itching,,,loss_of_appetite,,,,
Peptic ulcer diseae,abdominal_pain,,,"indigestion,passage_of_gases,vomiting",,internal_itching,,,,,,,
Peptic ulcer diseae,abdominal_pain,,,"indigestion,passage_of_gases",,internal_itching,,,loss_of_appetite,,,,
Peptic ulcer diseae,abdominal_pain,,,"passage_of_gases,vomiting",,internal_itching,,,loss_of_appetite,,,,
Peptic ulcer diseae,abdominal_pain,,,"indigestion,passage_of_gases,vomiting",,internal_itching,,,,,,,
Peptic ulcer diseae,,,,"indigestion,passage_of_gases,vomiting",,internal_itching,,,loss_of_appetite,,,,
Peptic ulcer diseae,abdominal_pain,,,"indigestion,vomiting",,internal_itching,,,loss_of_appetite,,,,
Peptic ulcer diseae,abdominal_pain,,,"indigestion,passage_of_gases,vomiting",,,,,loss_of_appetite,,,,
Peptic ulcer diseae,abdominal_pain,,,"indigestion,passage_of_gases,vomiting",,internal_itching,,,loss_of_appetite,,,,
Peptic ulcer diseae,abdominal_pain,,,"indigestion,passage_of_gases,vomiting",,internal_itching,,,loss_of_appetite,,,,
AIDS,,patches_in_throat,high_fever,,,,,,,,muscle_wasting,,extra_marital_contacts
AIDS,,patches_in_throat,high_fever,,,,,,,,,,extra_marital_contacts
AIDS,,,high_fever,,,,,,,,muscle_wasting,,extra_marital_contacts
AIDS,,patches_in_throat,,,,,,,,,muscle_wasting,,extra_marital_contacts
AIDS,,patches_in_throat,high_fever,,,,,,,,muscle_wasting,,
AIDS,,patches_in_throat,high_fever,,,,,,,,muscle_wasting,,extra_marital_contacts
AIDS,,patches_in_throat,high_fever,,,,,,,,muscle_wasting,,extra_marital_contacts
AIDS,,patches_in_throat,high_fever,,,,,,,,,,extra_marital_contacts
AIDS,,,high_fever,,,,,,,,muscle_wasting,,extra_marital_contacts
AIDS,,patches_in_throat,high_fever,,,,,,,,muscle_wasting,,
Diabetes ,,,,,polyuria,,,blurred_and_distorted_vision,"excessive_hunger,fatigue,increased_appetite,lethargy",restlessness,,"obesity,weight_loss",irregular_sugar_level
Diabetes ,,,,,polyuria,,,blurred_and_distorted_vision,"excessive_hunger,fatigue,increased_appetite,lethargy",restlessness,,"obesity,weight_loss",irregular_sugar_level
Diabetes ,,,,,polyuria,,,blurred_and_distorted_vision,"excessive_hunger,increased_appetite,lethargy",restlessness,,"obesity,weight_loss",irregular_sugar_level
Diabetes ,,,,,polyuria,,,blurred_and_distorted_vision,"excessive_hunger,fatigue,increased_appetite,lethargy",restlessness,,obesity,irregular_sugar_level
Diabetes ,,,,,polyuria,,,blurred_and_distorted_vision,"excessive_hunger,fatigue,increased_appetite,lethargy",,,"obesity,weight_loss",irregular_sugar_level
Diabetes ,,,,,polyuria,,,blurred_and_distorted_vision,"excessive_hunger,fatigue,increased_appetite",restlessness,,"obesity,weight_loss",irregular_sugar_level
Diabetes ,,,,,polyuria,,,blurred_and_distorted_vision,"excessive_hunger,fatigue,increased_appetite,lethargy",restlessness,,"obesity,weight_loss",
Diabetes ,,,,,polyuria,,,,"excessive_hunger,fatigue,increased_appetite,lethargy",restlessness,,"obesity,weight_loss",irregular_sugar_level
Diabetes ,,,,,polyuria,,,blurred_and_distorted_vision,"excessive_hunger,fatigue,increased_appetite,lethargy",restlessness,,weight_loss,irregular_sugar_level
Diabetes ,,,,,polyuria,,,blurred_and_distorted_vision,"fatigue,increased_appetite,lethargy",restlessness,,"obesity,weight_loss",irregular_sugar_level
Gastroenteritis,,,,"diarrhoea,vomiting",,,,sunken_eyes,,,,,dehydration
Gastroenteritis,,,,"diarrhoea,vomiting",,,,sunken_eyes,,,,,dehydration
Gastroenteritis,,,,diarrhoea,,,,sunken_eyes,,,,,dehydration
Gastroenteritis,,,,"diarrhoea,vomiting",,,,,,,,,dehydration
Gastroenteritis,,,,"diarrhoea,vomiting",,,,sunken_eyes,,,,,
Gastroenteritis,,,,vomiting,,,,sunken_eyes,,,,,dehydration
Gastroenteritis,,,,"diarrhoea,vomiting",,,,sunken_eyes,,,,,dehydration
Gastroenteritis,,,,diarrhoea,,,,sunken_eyes,,,,,dehydration
Gastroenteritis,,,,"diarrhoea,vomiting",,,,,,,,,dehydration
Gastroenteritis,,,,"diarrhoea,vomiting",,,,sunken_eyes,,,,,
Bronchial Asthma,,"breathlessness,cough,mucoid_sputum",high_fever,,,,,,fatigue,,,,family_history
Bronchial Asthma,,"breathlessness,cough,mucoid_sputum",high_fever,,,,,,,,,,family_history
Bronchial Asthma,,"breathlessness,mucoid_sputum",high_fever,,,,,,fatigue,,,,family_history
Bronchial Asthma,,"breathlessness,cough,mucoid_sputum",,,,,,,fatigue,,,,family_history
Bronchial Asthma,,"cough,mucoid_sputum",high_fever,,,,,,fatigue,,,,family_history
Bronchial Asthma,,"breathlessness,cough,mucoid_sputum",high_fever,,,,,,fatigue,,,,
Bronchial Asthma,,"breathlessness,cough",high_fever,,,,,,fatigue,,,,family_history
Bronchial Asthma,,"breathlessness,cough,mucoid_sputum",high_fever,,,,,,fatigue,,,,family_history
Bronchial Asthma,,"breathlessness,cough,mucoid_sputum",high_fever,,,,,,,,,,family_history
Bronchial Asthma,,"breathlessness,mucoid_sputum",high_fever,,,,,,fatigue,,,,family_history
Hypertension ,"chest_pain,headache",,,,,,"dizziness,loss_of_balance",,,lack_of_concentration,,,
Hypertension ,chest_pain,,,,,,"dizziness,loss_of_balance",,,lack_of_concentration,,,
Hypertension ,headache,,,,,,"dizziness,loss_of_balance",,,lack_of_concentration,,,
Hypertension ,"chest_pain,headache",,,,,,loss_of_balance,,,lack_of_concentration,,,
Hypertension ,"chest_pain,headache",,,,,,dizziness,,,lack_of_concentration,,,
Hypertension ,"chest_pain,headache",,,,,,"dizziness,loss_of_balance",,,,,,
Hypertension ,"chest_pain,headache",,,,,,"dizziness,loss_of_balance",,,lack_of_concentration,,,
Hypertension ,chest_pain,,,,,,"dizziness,loss_of_balance",,,lack_of_concentration,,,
Hypertension ,headache,,,,,,"dizziness,loss_of_balance",,,lack_of_concentration,,,
Hypertension ,"chest_pain,headache",,,,,,loss_of_balance,,,lack_of_concentration,,,
Migraine,headache,,,"acidity,indigestion",,,,blurred_and_distorted_vision,excessive_hunger,"depression,irritability",stiff_neck,,visual_disturbances
Migraine,headache,,,indigestion,,,,blurred_and_distorted_vision,excessive_hunger,"depression,irritability",stiff_neck,,visual_disturbances
Migraine,headache,,,acidity,,,,blurred_and_distorted_vision,excessive_hunger,"depression,irritability",stiff_neck,,visual_disturbances
Migraine,,,,"acidity,indigestion",,,,blurred_and_distorted_vision,excessive_hunger,"depression,irritability",stiff_neck,,visual_disturbances
Migraine,headache,,,"acidity,indigestion",,,,,excessive_hunger,"depression,irritability",stiff_neck,,visual_disturbances
Migraine,headache,,,"acidity,indigestion",,,,blurred_and_distorted_vision,,"depression,irritability",stiff_neck,,visual_disturbances
Migraine,headache,,,"acidity,indigestion",,,,blurred_and_distorted_vision,excessive_hunger,"depression,irritability",,,visual_disturbances
Migraine,headache,,,"acidity,indigestion",,,,blurred_and_distorted_vision,excessive_hunger,irritability,stiff_neck,,visual_disturbances
Migraine,headache,,,"acidity,indigestion",,,,blurred_and_distorted_vision,excessive_hunger,depression,stiff_neck,,visual_disturbances
Migraine,headache,,,"acidity,indigestion",,,,blurred_and_distorted_vision,excessive_hunger,"depression,irritability",stiff_neck,,
Cervical spondylosis,"back_pain,neck_pain",,,,,,"dizziness,loss_of_balance,weakness_in_limbs",,,,,,
Cervical spondylosis,"back_pain,neck_pain",,,,,,"dizziness,loss_of_balance,weakness_in_limbs",,,,,,
Cervical spondylosis,neck_pain,,,,,,"dizziness,loss_of_balance,weakness_in_limbs",,,,,,
Cervical spondylosis,"back_pain,neck_pain",,,,,,"dizziness,loss_of_balance",,,,,,
Cervical spondylosis,back_pain,,,,,,"dizziness,loss_of_balance,weakness_in_limbs",,,,,,
Cervical spondylosis,"back_pain,neck_pain",,,,,,"loss_of_balance,weakness_in_limbs",,,,,,
Cervical spondylosis,"back_pain,neck_pain",,,,,,"dizziness,weakness_in_limbs",,,,,,
Cervical spondylosis,"back_pain,neck_pain",,,,,,"dizziness,loss_of_balance,weakness_in_limbs",,,,,,
Cervical spondylosis,neck_pain,,,,,,"dizziness,loss_of_balance,weakness_in_limbs",,,,,,
Cervical spondylosis,"back_pain,neck_pain",,,,,,"dizziness,loss_of_balance",,,,,,
Paralysis (brain hemorrhage),headache,,,vomiting,,,"altered_sensorium,weakness_of_one_body_side",,,,,,
Paralysis (brain hemorrhage),headache,,,vomiting,,,"altered_sensorium,weakness_of_one_body_side",,,,,,
Paralysis (brain hemorrhage),headache,,,,,,"altered_sensorium,weakness_of_one_body_side",,,,,,
Paralysis (brain hemorrhage),,,,vomiting,,,"altered_sensorium,weakness_of_one_body_side",,,,,,
Paralysis (brain hemorrhage),headache,,,vomiting,,,altered_sensorium,,,,,,
Paralysis (brain hemorrhage),headache,,,vomiting,,,weakness_of_one_body_side,,,,,,
Paralysis (brain hemorrhage),headache,,,vomiting,,,"altered_sensorium,weakness_of_one_body_side",,,,,,
Paralysis (brain hemorrhage),headache,,,,,,"altered_sensorium,weakness_of_one_body_side",,,,,,
Paralysis (brain hemorrhage),,,,vomiting,,,"altered_sensorium,weakness_of_one_body_side",,,,,,
Paralysis (brain hemorrhage),headache,,,vomiting,,,altered_sensorium,,,,,,
Jaundice,abdominal_pain,,high_fever,vomiting,dark_urine,"itching,yellowish_skin",,,fatigue,,,weight_loss,
Jaundice,abdominal_pain,,high_fever,vomiting,dark_urine,"itching,yellowish_skin",,,fatigue,,,weight_loss,
Jaundice,abdominal_pain,,high_fever,vomiting,dark_urine,yellowish_skin,,,fatigue,,,weight_loss,
Jaundice,abdominal_pain,,high_fever,,dark_urine,"itching,yellowish_skin",,,fatigue,,,weight_loss,
Jaundice,abdominal_pain,,high_fever,vomiting,dark_urine,"itching,yellowish_skin",,,,,,weight_loss,
Jaundice,abdominal_pain,,high_fever,vomiting,dark_urine,"itching,yellowish_skin",,,fatigue,,,,
Jaundice,abdominal_pain,,,vomiting,dark_urine,"itching,yellowish_skin",,,fatigue,,,weight_loss,
Jaundice,abdominal_pain,,high_fever,vomiting,dark_urine,itching,,,fatigue,,,weight_loss,
Jaundice,abdominal_pain,,high_fever,vomiting,,"itching,yellowish_skin",,,fatigue,,,weight_loss,
Jaundice,,,high_fever,vomiting,dark_urine,"itching,yellowish_skin",,,fatigue,,,weight_loss,
Malaria,"headache,muscle_pain",,"chills,high_fever,sweating","nausea,vomiting",,,,,,,,,
Malaria,"headache,muscle_pain",,"chills,high_fever,sweating","diarrhoea,nausea,vomiting",,,,,,,,,
Malaria,"headache,muscle_pain",,"chills,high_fever,sweating","diarrhoea,nausea,vomiting",,,,,,,,,
Malaria,"headache,muscle_pain",,"high_fever,sweating","diarrhoea,nausea,vomiting",,,,,,,,,
Malaria,"headache,muscle_pain",,"chills,high_fever,sweating","diarrhoea,nausea",,,,,,,,,
Malaria,"headache,muscle_pain",,"chills,sweating","diarrhoea,nausea,vomiting",,,,,,,,,
Malaria,"headache,muscle_pain",,"chills,high_fever","diarrhoea,nausea,vomiting",,,,,,,,,
Malaria,muscle_pain,,"chills,high_fever,sweating","diarrhoea,nausea,vomiting",,,,,,,,,
Malaria,"headache,muscle_pain",,"chills,high_fever,sweating","diarrhoea,vomiting",,,,,,,,,
Malaria,"headache,muscle_pain",,"chills,high_fever,sweating","nausea,vomiting",,,,,,,,,
Chicken pox,headache,,"high_fever,mild_fever",,,"itching,skin_rash",,,"fatigue,lethargy,loss_of_appetite,malaise",,,,"red_spots_over_body,swelled_lymph_nodes"
Chicken pox,headache,,"high_fever,mild_fever",,,skin_rash,,,"fatigue,lethargy,loss_of_appetite,malaise",,,,"red_spots_over_body,swelled_lymph_nodes"
Chicken pox,headache,,"high_fever,mild_fever",,,itching,,,"fatigue,lethargy,loss_of_appetite,malaise",,,,"red_spots_over_body,swelled_lymph_nodes"
Chicken pox,headache,,"high_fever,mild_fever",,,"itching,skin_rash",,,"lethargy,loss_of_appetite,malaise",,,,"red_spots_over_body,swelled_lymph_nodes"
Chicken pox,headache,,"high_fever,mild_fever",,,"itching,skin_rash",,,"fatigue,loss_of_appetite,malaise",,,,"red_spots_over_body,swelled_lymph_nodes"
Chicken pox,headache,,mild_fever,,,"itching,skin_rash",,,"fatigue,lethargy,loss_of_appetite,malaise",,,,"red_spots_over_body,swelled_lymph_nodes"
Chicken pox,,,"high_fever,mild_fever",,,"itching,skin_rash",,,"fatigue,lethargy,loss_of_appetite,malaise",,,,"red_spots_over_body,swelled_lymph_nodes"
Chicken pox,headache,,"high_fever,mild_fever",,,"itching,skin_rash",,,"fatigue,lethargy,malaise",,,,"red_spots_over_body,swelled_lymph_nodes"
Chicken pox,headache,,high_fever,,,"itching,skin_rash",,,"fatigue,lethargy,loss_of_appetite,malaise",,,,"red_spots_over_body,swelled_lymph_nodes"
Chicken pox,headache,,"high_fever,mild_fever",,,"itching,skin_rash",,,"fatigue,lethargy,loss_of_appetite,malaise",,,,red_spots_over_body
Dengue,"back_pain,headache,joint_pain,muscle_pain,pain_behind_the_eyes",,"chills,high_fever","nausea,vomiting",,skin_rash,,,"fatigue,loss_of_appetite",,,,red_spots_over_body
Dengue,"back_pain,headache,joint_pain,pain_behind_the_eyes",,"chills,high_fever","nausea,vomiting",,skin_rash,,,"fatigue,loss_of_appetite,malaise",,,,red_spots_over_body
Dengue,"back_pain,headache,joint_pain,muscle_pain,pain_behind_the_eyes",,"chills,high_fever","nausea,vomiting",,skin_rash,,,"fatigue,loss_of_appetite,malaise",,,,
Dengue,"back_pain,headache,joint_pain,muscle_pain,pain_behind_the_eyes",,"chills,high_fever","nausea,vomiting",,skin_rash,,,"fatigue,loss_of_appetite,malaise",,,,red_spots_over_body
Dengue,"back_pain,headache,joint_pain,muscle_pain,pain_behind_the_eyes",,"chills,high_fever","nausea,vomiting",,,,,"fatigue,loss_of_appetite,malaise",,,,red_spots_over_body
Dengue,"back_pain,headache,joint_pain,muscle_pain,pain_behind_the_eyes",,high_fever,"nausea,vomiting",,skin_rash,,,"fatigue,loss_of_appetite,malaise",,,,red_spots_over_body
Dengue,"back_pain,headache,muscle_pain,pain_behind_the_eyes",,"chills,high_fever","nausea,vomiting",,skin_rash,,,"fatigue,loss_of_appetite,malaise",,,,red_spots_over_body
Dengue,"back_pain,headache,joint_pain,muscle_pain,pain_behind_the_eyes",,"chills,high_fever",nausea,,skin_rash,,,"fatigue,loss_of_appetite,malaise",,,,red_spots_over_body
Dengue,"back_pain,headache,joint_pain,muscle_pain,pain_behind_the_eyes",,"chills,high_fever","nausea,vomiting",,skin_rash,,,"loss_of_appetite,malaise",,,,red_spots_over_body
Dengue,"back_pain,headache,joint_pain,muscle_pain,pain_behind_the_eyes",,chills,"nausea,vomiting",,skin_rash,,,"fatigue,loss_of_appetite,malaise",,,,red_spots_over_body
Typhoid,"abdominal_pain,belly_pain",,"chills,high_fever","constipation,diarrhoea,nausea,vomiting",,,,,fatigue,,,,toxic_look_(typhos)
Typhoid,"abdominal_pain,belly_pain,headache",,"chills,high_fever","constipation,diarrhoea,vomiting",,,,,fatigue,,,,toxic_look_(typhos)
Typhoid,"abdominal_pain,belly_pain,headache",,"chills,high_fever","diarrhoea,nausea,vomiting",,,,,fatigue,,,,toxic_look_(typhos)
Typhoid,"belly_pain,headache",,"chills,high_fever","constipation,diarrhoea,nausea,vomiting",,,,,fatigue,,,,toxic_look_(typhos)
Typhoid,"abdominal_pain,belly_pain,headache",,"chills,high_fever","constipation,nausea,vomiting",,,,,fatigue,,,,toxic_look_(typhos)
Typhoid,"abdominal_pain,belly_pain,headache",,"chills,high_fever","constipation,diarrhoea,nausea,vomiting",,,,,fatigue,,,,
Typhoid,"abdominal_pain,headache",,"chills,high_fever","constipation,diarrhoea,nausea,vomiting",,,,,fatigue,,,,toxic_look_(typhos)
Typhoid,"abdominal_pain,belly_pain,headache",,"chills,high_fever","constipation,diarrhoea,nausea,vomiting",,,,,fatigue,,,,toxic_look_(typhos)
Typhoid,"abdominal_pain,belly_pain,headache",,"chills,high_fever","constipation,diarrhoea,nausea,vomiting",,,,,fatigue,,,,toxic_look_(typhos)
Typhoid,"abdominal_pain,belly_pain,headache",,"chills,high_fever","constipation,diarrhoea,nausea",,,,,fatigue,,,,toxic_look_(typhos)
hepatitis A,"abdominal_pain,joint_pain,muscle_pain",,mild_fever,"diarrhoea,nausea,vomiting",dark_urine,yellowish_skin,,yellowing_of_eyes,loss_of_appetite,,,,
hepatitis A,"abdominal_pain,joint_pain,muscle_pain",,mild_fever,"diarrhoea,nausea,vomiting",dark_urine,yellowish_skin,,yellowing_of_eyes,loss_of_appetite,,,,
hepatitis A,"abdominal_pain,muscle_pain",,mild_fever,"diarrhoea,nausea,vomiting",dark_urine,yellowish_skin,,yellowing_of_eyes,loss_of_appetite,,,,
hepatitis A,"abdominal_pain,joint_pain,muscle_pain",,mild_fever,"diarrhoea,nausea",dark_urine,yellowish_skin,,yellowing_of_eyes,loss_of_appetite,,,,
hepatitis A,"abdominal_pain,joint_pain,muscle_pain",,mild_fever,"diarrhoea,nausea,vomiting",dark_urine,,,yellowing_of_eyes,loss_of_appetite,,,,
hepatitis A,"abdominal_pain,joint_pain,muscle_pain",,mild_fever,"diarrhoea,nausea,vomiting",,yellowish_skin,,yellowing_of_eyes,loss_of_appetite,,,,
hepatitis A,"abdominal_pain,joint_pain,muscle_pain",,mild_fever,"diarrhoea,vomiting",dark_urine,yellowish_skin,,yellowing_of_eyes,loss_of_appetite,,,,
hepatitis A,"abdominal_pain,joint_pain,muscle_pain",,mild_fever,"diarrhoea,nausea,vomiting",dark_urine,yellowish_skin,,yellowing_of_eyes,,,,,
hepatitis A,"joint_pain,muscle_pain",,mild_fever,"diarrhoea,nausea,vomiting",dark_urine,yellowish_skin,,yellowing_of_eyes,loss_of_appetite,,,,
hepatitis A,"abdominal_pain,joint_pain,muscle_pain",,mild_fever,"nausea,vomiting",dark_urine,yellowish_skin,,yellowing_of_eyes,loss_of_appetite,,,,
Hepatitis B,abdominal_pain,,,,"dark_urine,yellow_urine","itching,yellowish_skin",,yellowing_of_eyes,"fatigue,lethargy,loss_of_appetite,malaise",,,,"receiving_blood_transfusion,receiving_unsterile_injections"
Hepatitis B,abdominal_pain,,,,"dark_urine,yellow_urine","itching,yellowish_skin",,yellowing_of_eyes,"fatigue,lethargy,loss_of_appetite,malaise",,,,"receiving_blood_transfusion,receiving_unsterile_injections"
Hepatitis B,abdominal_pain,,,,"dark_urine,yellow_urine",yellowish_skin,,yellowing_of_eyes,"fatigue,lethargy,loss_of_appetite,malaise",,,,"receiving_blood_transfusion,receiving_unsterile_injections"
Hepatitis B,abdominal_pain,,,,"dark_urine,yellow_urine","itching,yellowish_skin",,yellowing_of_eyes,"lethargy,loss_of_appetite,malaise",,,,"receiving_blood_transfusion,receiving_unsterile_injections"
Hepatitis B,abdominal_pain,,,,"dark_urine,yellow_urine","itching,yellowish_skin",,yellowing_of_eyes,"fatigue,loss_of_appetite,malaise",,,,"receiving_blood_transfusion,receiving_unsterile_injections"
Hepatitis B,abdominal_pain,,,,"dark_urine,yellow_urine",itching,,yellowing_of_eyes,"fatigue,lethargy,loss_of_appetite,malaise",,,,"receiving_blood_transfusion,receiving_unsterile_injections"
Hepatitis B,abdominal_pain,,,,yellow_urine,"itching,yellowish_skin",,yellowing_of_eyes,"fatigue,lethargy,loss_of_appetite,malaise",,,,"receiving_blood_transfusion,receiving_unsterile_injections"
Hepatitis B,abdominal_pain,,,,"dark_urine,yellow_urine","itching,yellowish_skin",,yellowing_of_eyes,"fatigue,lethargy,malaise",,,,"receiving_blood_transfusion,receiving_unsterile_injections"
Hepatitis B,,,,,"dark_urine,yellow_urine","itching,yellowish_skin",,yellowing_of_eyes,"fatigue,lethargy,loss_of_appetite,malaise",,,,"receiving_blood_transfusion,receiving_unsterile_injections"
Hepatitis B,abdominal_pain,,,,dark_urine,"itching,yellowish_skin",,yellowing_of_eyes,"fatigue,lethargy,loss_of_appetite,malaise",,,,"receiving_blood_transfusion,receiving_unsterile_injections"
Hepatitis C,,,,nausea,,yellowish_skin,,,"fatigue,loss_of_appetite",,,,family_history
Hepatitis C,,,,nausea,,yellowish_skin,,yellowing_of_eyes,"fatigue,loss_of_appetite",,,,family_history
Hepatitis C,,,,nausea,,yellowish_skin,,yellowing_of_eyes,loss_of_appetite,,,,family_history
Hepatitis C,,,,nausea,,,,yellowing_of_eyes,"fatigue,loss_of_appetite",,,,family_history
Hepatitis C,,,,,,yellowish_skin,,yellowing_of_eyes,"fatigue,loss_of_appetite",,,,family_history
Hepatitis C,,,,nausea,,yellowish_skin,,yellowing_of_eyes,fatigue,,,,family_history
Hepatitis C,,,,nausea,,yellowish_skin,,,"fatigue,loss_of_appetite",,,,family_history
Hepatitis C,,,,nausea,,yellowish_skin,,yellowing_of_eyes,"fatigue,loss_of_appetite",,,,
Hepatitis C,,,,nausea,,yellowish_skin,,yellowing_of_eyes,"fatigue,loss_of_appetite",,,,family_history
Hepatitis C,,,,nausea,,yellowish_skin,,yellowing_of_eyes,"fatigue,loss_of_appetite",,,,family_history
Hepatitis D,"abdominal_pain,joint_pain",,,"nausea,vomiting",dark_urine,yellowish_skin,,yellowing_of_eyes,"fatigue,loss_of_appetite",,,,
Hepatitis D,abdominal_pain,,,"nausea,vomiting",dark_urine,yellowish_skin,,yellowing_of_eyes,"fatigue,loss_of_appetite",,,,
Hepatitis D,"abdominal_pain,joint_pain",,,nausea,dark_urine,yellowish_skin,,yellowing_of_eyes,"fatigue,loss_of_appetite",,,,
Hepatitis D,"abdominal_pain,joint_pain",,,"nausea,vomiting",dark_urine,yellowish_skin,,yellowing_of_eyes,loss_of_appetite,,,,
Hepatitis D,"abdominal_pain,joint_pain",,,"nausea,vomiting",dark_urine,,,yellowing_of_eyes,"fatigue,loss_of_appetite",,,,
Hepatitis D,"abdominal_pain,joint_pain",,,"nausea,vomiting",,yellowish_skin,,yellowing_of_eyes,"fatigue,loss_of_appetite",,,,
Hepatitis D,"abdominal_pain,joint_pain",,,vomiting,dark_urine,yellowish_skin,,yellowing_of_eyes,"fatigue,loss_of_appetite",,,,
Hepatitis D,"abdominal_pain,joint_pain",,,"nausea,vomiting",dark_urine,yellowish_skin,,yellowing_of_eyes,fatigue,,,,
Hepatitis D,joint_pain,,,"nausea,vomiting",dark_urine,yellowish_skin,,yellowing_of_eyes,"fatigue,loss_of_appetite",,,,
Hepatitis D,"abdominal_pain,joint_pain",,,"nausea,vomiting",dark_urine,yellowish_skin,,,"fatigue,loss_of_appetite",,,,
Hepatitis E,"abdominal_pain,joint_pain",,high_fever,"nausea,stomach_bleeding,vomiting",dark_urine,yellowish_skin,coma,yellowing_of_eyes,"fatigue,loss_of_appetite",,,,
Hepatitis E,"abdominal_pain,joint_pain",,high_fever,"nausea,stomach_bleeding,vomiting",dark_urine,yellowish_skin,coma,yellowing_of_eyes,"fatigue,loss_of_appetite",,,,acute_liver_failure
Hepatitis E,"abdominal_pain,joint_pain",,high_fever,"nausea,stomach_bleeding,vomiting",dark_urine,yellowish_skin,coma,yellowing_of_eyes,"fatigue,loss_of_appetite",,,,acute_liver_failure
Hepatitis E,abdominal_pain,,high_fever,"nausea,stomach_bleeding,vomiting",dark_urine,yellowish_skin,coma,yellowing_of_eyes,"fatigue,loss_of_appetite",,,,acute_liver_failure
Hepatitis E,"abdominal_pain,joint_pain",,high_fever,"nausea,stomach_bleeding",dark_urine,yellowish_skin,coma,yellowing_of_eyes,"fatigue,loss_of_appetite",,,,acute_liver_failure
Hepatitis E,"abdominal_pain,joint_pain",,high_fever,"nausea,stomach_bleeding,vomiting",dark_urine,yellowish_skin,coma,yellowing_of_eyes,loss_of_appetite,,,,acute_liver_failure
Hepatitis E,"abdominal_pain,joint_pain",,,"nausea,stomach_bleeding,vomiting",dark_urine,yellowish_skin,coma,yellowing_of_eyes,"fatigue,loss_of_appetite",,,,acute_liver_failure
Hepatitis E,"abdominal_pain,joint_pain",,high_fever,"nausea,stomach_bleeding,vomiting",dark_urine,,coma,yellowing_of_eyes,"fatigue,loss_of_appetite",,,,acute_liver_failure
Hepatitis E,"abdominal_pain,joint_pain",,high_fever,"nausea,stomach_bleeding,vomiting",,yellowish_skin,coma,yellowing_of_eyes,"fatigue,loss_of_appetite",,,,acute_liver_failure
Hepatitis E,"abdominal_pain,joint_pain",,high_fever,"stomach_bleeding,vomiting",dark_urine,yellowish_skin,coma,yellowing_of_eyes,"fatigue,loss_of_appetite",,,,acute_liver_failure
Alcoholic hepatitis,abdominal_pain,,,"swelling_of_stomach,vomiting",,yellowish_skin,,,,,,,"distention_of_abdomen,fluid_overload,history_of_alcohol_consumption"
Alcoholic hepatitis,abdominal_pain,,,"swelling_of_stomach,vomiting",,yellowish_skin,,,,,,,"distention_of_abdomen,fluid_overload,history_of_alcohol_consumption"
Alcoholic hepatitis,abdominal_pain,,,swelling_of_stomach,,yellowish_skin,,,,,,,"distention_of_abdomen,fluid_overload,history_of_alcohol_consumption"
Alcoholic hepatitis,abdominal_pain,,,"swelling_of_stomach,vomiting",,,,,,,,,"distention_of_abdomen,fluid_overload,history_of_alcohol_consumption"
Alcoholic hepatitis,,,,"swelling_of_stomach,vomiting",,yellowish_skin,,,,,,,"distention_of_abdomen,fluid_overload,history_of_alcohol_consumption"
Alcoholic hepatitis,abdominal_pain,,,vomiting,,yellowish_skin,,,,,,,"distention_of_abdomen,fluid_overload,history_of_alcohol_consumption"
Alcoholic hepatitis,abdominal_pain,,,"swelling_of_stomach,vomiting",,yellowish_skin,,,,,,,"fluid_overload,history_of_alcohol_consumption"
Alcoholic hepatitis,abdominal_pain,,,"swelling_of_stomach,vomiting",,yellowish_skin,,,,,,,"distention_of_abdomen,fluid_overload"
Alcoholic hepatitis,abdominal_pain,,,"swelling_of_stomach,vomiting",,yellowish_skin,,,,,,,"distention_of_abdomen,history_of_alcohol_consumption"
Alcoholic hepatitis,abdominal_pain,,,"swelling_of_stomach,vomiting",,yellowish_skin,,,,,,,"distention_of_abdomen,fluid_overload,history_of_alcohol_consumption"
Tuberculosis,chest_pain,"blood_in_sputum,breathlessness,cough,phlegm","chills,high_fever,mild_fever,sweating",vomiting,,,,yellowing_of_eyes,"fatigue,loss_of_appetite,malaise",,,weight_loss,swelled_lymph_nodes
Tuberculosis,chest_pain,"blood_in_sputum,breathlessness,cough,phlegm","chills,high_fever,mild_fever,sweating",vomiting,,,,yellowing_of_eyes,"fatigue,loss_of_appetite,malaise",,,weight_loss,swelled_lymph_nodes
Tuberculosis,chest_pain,"blood_in_sputum,breathlessness,cough,phlegm","high_fever,mild_fever,sweating",vomiting,,,,yellowing_of_eyes,"fatigue,loss_of_appetite,malaise",,,weight_loss,swelled_lymph_nodes
Tuberculosis,chest_pain,"blood_in_sputum,breathlessness,cough,phlegm","chills,high_fever,mild_fever,sweating",,,,,yellowing_of_eyes,"fatigue,loss_of_appetite,malaise",,,weight_loss,swelled_lymph_nodes
Tuberculosis,chest_pain,"blood_in_sputum,breathlessness,cough,phlegm","chills,high_fever,mild_fever,sweating",vomiting,,,,yellowing_of_eyes,"loss_of_appetite,malaise",,,weight_loss,swelled_lymph_nodes
Tuberculosis,chest_pain,"blood_in_sputum,breathlessness,cough,phlegm","chills,high_fever,mild_fever,sweating",vomiting,,,,yellowing_of_eyes,"fatigue,loss_of_appetite,malaise",,,,swelled_lymph_nodes
Tuberculosis,chest_pain,"blood_in_sputum,breathlessness,phlegm","chills,high_fever,mild_fever,sweating",vomiting,,,,yellowing_of_eyes,"fatigue,loss_of_appetite,malaise",,,weight_loss,swelled_lymph_nodes
Tuberculosis,chest_pain,"blood_in_sputum,breathlessness,cough,phlegm","chills,mild_fever,sweating",vomiting,,,,yellowing_of_eyes,"fatigue,loss_of_appetite,malaise",,,weight_loss,swelled_lymph_nodes
Tuberculosis,chest_pain,"blood_in_sputum,cough,phlegm","chills,high_fever,mild_fever,sweating",vomiting,,,,yellowing_of_eyes,"fatigue,loss_of_appetite,malaise",,,weight_loss,swelled_lymph_nodes
Tuberculosis,chest_pain,"blood_in_sputum,breathlessness,cough,phlegm","chills,high_fever,mild_fever",vomiting,,,,yellowing_of_eyes,"fatigue,loss_of_appetite,malaise",,,weight_loss,swelled_lymph_nodes
Common Cold,"chest_pain,headache,muscle_pain","congestion,continuous_sneezing,cough,phlegm,runny_nose,throat_irritation","chills,high_fever",,,redness_of_eyes,,,"fatigue,malaise",,,,"loss_of_smell,sinus_pressure,swelled_lymph_nodes"
Common Cold,"chest_pain,headache,muscle_pain","congestion,continuous_sneezing,cough,phlegm,runny_nose,throat_irritation","chills,high_fever",,,redness_of_eyes,,,"fatigue,malaise",,,,"loss_of_smell,sinus_pressure,swelled_lymph_nodes"
Common Cold,"chest_pain,headache,muscle_pain","congestion,cough,phlegm,runny_nose,throat_irritation","chills,high_fever",,,redness_of_eyes,,,"fatigue,malaise",,,,"loss_of_smell,sinus_pressure,swelled_lymph_nodes"
Common Cold,"chest_pain,headache,muscle_pain","congestion,continuous_sneezing,cough,phlegm,runny_nose,throat_irritation",high_fever,,,redness_of_eyes,,,"fatigue,malaise",,,,"loss_of_smell,sinus_pressure,swelled_lymph_nodes"
Common Cold,"chest_pain,headache,muscle_pain","congestion,continuous_sneezing,cough,phlegm,runny_nose,throat_irritation","chills,high_fever",,,redness_of_eyes,,,malaise,,,,"loss_of_smell,sinus_pressure,swelled_lymph_nodes"
Common Cold,"chest_pain,headache,muscle_pain","congestion,continuous_sneezing,phlegm,runny_nose,throat_irritation","chills,high_fever",,,redness_of_eyes,,,"fatigue,malaise",,,,"loss_of_smell,sinus_pressure,swelled_lymph_nodes"
Common Cold,"chest_pain,headache,muscle_pain","congestion,continuous_sneezing,cough,phlegm,runny_nose,throat_irritation",chills,,,redness_of_eyes,,,"fatigue,malaise",,,,"loss_of_smell,sinus_pressure,swelled_lymph_nodes"
Common Cold,"chest_pain,muscle_pain","congestion,continuous_sneezing,cough,phlegm,runny_nose,throat_irritation","chills,high_fever",,,redness_of_eyes,,,"fatigue,malaise",,,,"loss_of_smell,sinus_pressure,swelled_lymph_nodes"
Common Cold,"chest_pain,headache,muscle_pain","congestion,continuous_sneezing,cough,phlegm,runny_nose,throat_irritation","chills,high_fever",,,redness_of_eyes,,,"fatigue,malaise",,,,"loss_of_smell,sinus_pressure"
Common Cold,"chest_pain,headache,muscle_pain","congestion,continuous_sneezing,cough,phlegm,runny_nose,throat_irritation","chills,high_fever",,,redness_of_eyes,,,fatigue,,,,"loss_of_smell,sinus_pressure,swelled_lymph_nodes"
Pneumonia,chest_pain,"breathlessness,cough,rusty_sputum","chills,high_fever,sweating",,,,,,"fatigue,malaise",,,,fast_heart_rate
Pneumonia,chest_pain,"breathlessness,cough,phlegm,rusty_sputum","chills,high_fever,sweating",,,,,,"fatigue,malaise",,,,fast_heart_rate
Pneumonia,chest_pain,"breathlessness,cough,phlegm,rusty_sputum","chills,high_fever,sweating",,,,,,"fatigue,malaise",,,,fast_heart_rate
Pneumonia,chest_pain,"breathlessness,cough,phlegm,rusty_sputum","high_fever,sweating",,,,,,"fatigue,malaise",,,,fast_heart_rate
Pneumonia,chest_pain,"breathlessness,cough,phlegm,rusty_sputum","chills,high_fever,sweating",,,,,,malaise,,,,fast_heart_rate
Pneumonia,chest_pain,"breathlessness,phlegm,rusty_sputum","chills,high_fever,sweating",,,,,,"fatigue,malaise",,,,fast_heart_rate
Pneumonia,chest_pain,"breathlessness,cough,phlegm,rusty_sputum","chills,sweating",,,,,,"fatigue,malaise",,,,fast_heart_rate
Pneumonia,chest_pain,"cough,phlegm,rusty_sputum","chills,high_fever,sweating",,,,,,"fatigue,malaise",,,,fast_heart_rate
Pneumonia,chest_pain,"breathlessness,cough,phlegm,rusty_sputum","chills,high_fever",,,,,,"fatigue,malaise",,,,fast_heart_rate
Pneumonia,chest_pain,"breathlessness,cough,phlegm,rusty_sputum","chills,high_fever,sweating",,,,,,fatigue,,,,fast_heart_rate
Dimorphic hemmorhoids(piles),"pain_during_bowel_movements,pain_in_anal_region",,,constipation,,,,,,,,,"bloody_stool,irritation_in_anus"
Dimorphic hemmorhoids(piles),"pain_during_bowel_movements,pain_in_anal_region",,,constipation,,,,,,,,,"bloody_stool,irritation_in_anus"
Dimorphic hemmorhoids(piles),"pain_during_bowel_movements,pain_in_anal_region",,,constipation,,,,,,,,,"bloody_stool,irritation_in_anus"
Dimorphic hemmorhoids(piles),"pain_during_bowel_movements,pain_in_anal_region",,,,,,,,,,,,"bloody_stool,irritation_in_anus"
Dimorphic hemmorhoids(piles),pain_in_anal_region,,,constipation,,,,,,,,,"bloody_stool,irritation_in_anus"
Dimorphic hemmorhoids(piles),pain_during_bowel_movements,,,constipation,,,,,,,,,"bloody_stool,irritation_in_anus"
Dimorphic hemmorhoids(piles),"pain_during_bowel_movements,pain_in_anal_region",,,constipation,,,,,,,,,irritation_in_anus
Dimorphic hemmorhoids(piles),"pain_during_bowel_movements,pain_in_anal_region",,,constipation,,,,,,,,,bloody_stool
Dimorphic hemmorhoids(piles),"pain_during_bowel_movements,pain_in_anal_region",,,constipation,,,,,,,,,"bloody_stool,irritation_in_anus"
Dimorphic hemmorhoids(piles),"pain_during_bowel_movements,pain_in_anal_region",,,constipation,,,,,,,,,"bloody_stool,irritation_in_anus"
Heart attack,chest_pain,breathlessness,sweating,vomiting,,,,,,,,,
Heart attack,chest_pain,breathlessness,sweating,vomiting,,,,,,,,,
Heart attack,chest_pain,breathlessness,sweating,,,,,,,,,,
Heart attack,chest_pain,,sweating,vomiting,,,,,,,,,
Heart attack,chest_pain,breathlessness,,vomiting,,,,,,,,,
Heart attack,,breathlessness,sweating,vomiting,,,,,,,,,
Heart attack,chest_pain,breathlessness,sweating,vomiting,,,,,,,,,
Heart attack,chest_pain,breathlessness,sweating,,,,,,,,,,
Heart attack,chest_pain,,sweating,vomiting,,,,,,,,,
Heart attack,chest_pain,breathlessness,,vomiting,,,,,,,,,
Varicose veins,cramps,,,,,,,,fatigue,,,obesity,"bruising,prominent_veins_on_calf,swollen_blood_vessels,swollen_legs"
Varicose veins,cramps,,,,,,,,fatigue,,,obesity,"bruising,prominent_veins_on_calf,swollen_blood_vessels,swollen_legs"
Varicose veins,cramps,,,,,,,,,,,obesity,"bruising,prominent_veins_on_calf,swollen_blood_vessels,swollen_legs"
Varicose veins,,,,,,,,,fatigue,,,obesity,"bruising,prominent_veins_on_calf,swollen_blood_vessels,swollen_legs"
Varicose veins,cramps,,,,,,,,fatigue,,,obesity,"prominent_veins_on_calf,swollen_blood_vessels,swollen_legs"
Varicose veins,cramps,,,,,,,,fatigue,,,,"bruising,prominent_veins_on_calf,swollen_blood_vessels,swollen_legs"
Varicose veins,cramps,,,,,,,,fatigue,,,obesity,"bruising,prominent_veins_on_calf,swollen_blood_vessels"
Varicose veins,cramps,,,,,,,,fatigue,,,obesity,"bruising,prominent_veins_on_calf,swollen_legs"
Varicose veins,cramps,,,,,,,,fatigue,,,obesity,"bruising,swollen_blood_vessels,swollen_legs"
Varicose veins,cramps,,,,,,,,fatigue,,,obesity,"bruising,prominent_veins_on_calf,swollen_legs"
Hypothyroidism,,,,,,,dizziness,puffy_face_and_eyes,"fatigue,lethargy","depression,irritability,mood_swings",,weight_gain,"abnormal_menstruation,brittle_nails,cold_hands_and_feets,enlarged_thyroid,swollen_extremeties"
Hypothyroidism,,,,,,,dizziness,puffy_face_and_eyes,"fatigue,lethargy","depression,irritability,mood_swings",,weight_gain,"abnormal_menstruation,brittle_nails,cold_hands_and_feets,enlarged_thyroid,swollen_extremeties"
Hypothyroidism,,,,,,,dizziness,puffy_face_and_eyes,lethargy,"depression,irritability,mood_swings",,weight_gain,"abnormal_menstruation,brittle_nails,cold_hands_and_feets,enlarged_thyroid,swollen_extremeties"
Hypothyroidism,,,,,,,dizziness,puffy_face_and_eyes,lethargy,"depression,irritability,mood_swings",,weight_gain,"abnormal_menstruation,brittle_nails,cold_hands_and_feets,enlarged_thyroid,swollen_extremeties"
Hypothyroidism,,,,,,,dizziness,puffy_face_and_eyes,"fatigue,lethargy","depression,irritability,mood_swings",,,"abnormal_menstruation,brittle_nails,cold_hands_and_feets,enlarged_thyroid,swollen_extremeties"
Hypothyroidism,,,,,,,dizziness,puffy_face_and_eyes,"fatigue,lethargy","depression,irritability,mood_swings",,weight_gain,"abnormal_menstruation,brittle_nails,enlarged_thyroid,swollen_extremeties"
Hypothyroidism,,,,,,,dizziness,puffy_face_and_eyes,"fatigue,lethargy","depression,irritability",,weight_gain,"abnormal_menstruation,brittle_nails,cold_hands_and_feets,enlarged_thyroid,swollen_extremeties"
Hypothyroidism,,,,,,,dizziness,puffy_face_and_eyes,fatigue,"depression,irritability,mood_swings",,weight_gain,"abnormal_menstruation,brittle_nails,cold_hands_and_feets,enlarged_thyroid,swollen_extremeties"
Hypothyroidism,,,,,,,,puffy_face_and_eyes,"fatigue,lethargy","depression,irritability,mood_swings",,weight_gain,"abnormal_menstruation,brittle_nails,cold_hands_and_feets,enlarged_thyroid,swollen_extremeties"
Hypothyroidism,,,,,,,dizziness,,"fatigue,lethargy","depression,irritability,mood_swings",,weight_gain,"abnormal_menstruation,brittle_nails,cold_hands_and_feets,enlarged_thyroid,swollen_extremeties"
Hyperthyroidism,,,sweating,diarrhoea,,,muscle_weakness,,"excessive_hunger,fatigue","irritability,mood_swings,restlessness",,weight_loss,"abnormal_menstruation,fast_heart_rate"
Hyperthyroidism,,,sweating,diarrhoea,,,muscle_weakness,,"excessive_hunger,fatigue","irritability,mood_swings,restlessness",,weight_loss,"abnormal_menstruation,fast_heart_rate"
Hyperthyroidism,,,sweating,diarrhoea,,,muscle_weakness,,excessive_hunger,"irritability,mood_swings,restlessness",,weight_loss,"abnormal_menstruation,fast_heart_rate"
Hyperthyroidism,,,sweating,diarrhoea,,,muscle_weakness,,"excessive_hunger,fatigue","irritability,restlessness",,weight_loss,"abnormal_menstruation,fast_heart_rate"
Hyperthyroidism,,,sweating,diarrhoea,,,muscle_weakness,,"excessive_hunger,fatigue","irritability,mood_swings,restlessness",,,"abnormal_menstruation,fast_heart_rate"
Hyperthyroidism,,,sweating,diarrhoea,,,muscle_weakness,,"excessive_hunger,fatigue","irritability,mood_swings",,weight_loss,"abnormal_menstruation,fast_heart_rate"
Hyperthyroidism,,,,diarrhoea,,,muscle_weakness,,"excessive_hunger,fatigue","irritability,mood_swings,restlessness",,weight_loss,"abnormal_menstruation,fast_heart_rate"
Hyperthyroidism,,,sweating,,,,muscle_weakness,,"excessive_hunger,fatigue","irritability,mood_swings,restlessness",,weight_loss,"abnormal_menstruation,fast_heart_rate"
Hyperthyroidism,,,sweating,diarrhoea,,,muscle_weakness,,"excessive_hunger,fatigue","irritability,mood_swings,restlessness",,weight_loss,abnormal_menstruation
Hyperthyroidism,,,sweating,diarrhoea,,,muscle_weakness,,fatigue,"irritability,mood_swings,restlessness",,weight_loss,"abnormal_menstruation,fast_heart_rate"
Hypoglycemia,headache,,sweating,"nausea,vomiting",,,slurred_speech,blurred_and_distorted_vision,"excessive_hunger,fatigue","anxiety,irritability",,,palpitations
Hypoglycemia,headache,,sweating,"nausea,vomiting",,,slurred_speech,blurred_and_distorted_vision,"excessive_hunger,fatigue","anxiety,irritability",,,"drying_and_tingling_lips,palpitations"
Hypoglycemia,headache,,sweating,"nausea,vomiting",,,slurred_speech,blurred_and_distorted_vision,"excessive_hunger,fatigue","anxiety,irritability",,,"drying_and_tingling_lips,palpitations"
Hypoglycemia,headache,,sweating,nausea,,,slurred_speech,blurred_and_distorted_vision,"excessive_hunger,fatigue","anxiety,irritability",,,"drying_and_tingling_lips,palpitations"
Hypoglycemia,headache,,sweating,"nausea,vomiting",,,slurred_speech,blurred_and_distorted_vision,excessive_hunger,"anxiety,irritability",,,"drying_and_tingling_lips,palpitations"
Hypoglycemia,headache,,sweating,"nausea,vomiting",,,slurred_speech,blurred_and_distorted_vision,"excessive_hunger,fatigue",irritability,,,"drying_and_tingling_lips,palpitations"
Hypoglycemia,headache,,,"nausea,vomiting",,,slurred_speech,blurred_and_distorted_vision,"excessive_hunger,fatigue","anxiety,irritability",,,"drying_and_tingling_lips,palpitations"
Hypoglycemia,,,sweating,"nausea,vomiting",,,slurred_speech,blurred_and_distorted_vision,"excessive_hunger,fatigue","anxiety,irritability",,,"drying_and_tingling_lips,palpitations"
Hypoglycemia,headache,,sweating,vomiting,,,slurred_speech,blurred_and_distorted_vision,"excessive_hunger,fatigue","anxiety,irritability",,,"drying_and_tingling_lips,palpitations"
Hypoglycemia,headache,,sweating,"nausea,vomiting",,,slurred_speech,,"excessive_hunger,fatigue","anxiety,irritability",,,"drying_and_tingling_lips,palpitations"
Osteoarthristis,"hip_joint_pain,joint_pain,knee_pain,neck_pain,painful_walking",,,,,,,,,,swelling_joints,,
Osteoarthristis,"hip_joint_pain,joint_pain,knee_pain,neck_pain,painful_walking",,,,,,,,,,swelling_joints,,
Osteoarthristis,"hip_joint_pain,knee_pain,neck_pain,painful_walking",,,,,,,,,,swelling_joints,,
Osteoarthristis,"hip_joint_pain,joint_pain,knee_pain,painful_walking",,,,,,,,,,swelling_joints,,
Osteoarthristis,"hip_joint_pain,joint_pain,neck_pain,painful_walking",,,,,,,,,,swelling_joints,,
Osteoarthristis,"joint_pain,knee_pain,neck_pain,painful_walking",,,,,,,,,,swelling_joints,,
Osteoarthristis,"hip_joint_pain,joint_pain,knee_pain,neck_pain,painful_walking",,,,,,,,,,,,
Osteoarthristis,"hip_joint_pain,joint_pain,knee_pain,neck_pain",,,,,,,,,,swelling_joints,,
Osteoarthristis,"hip_joint_pain,joint_pain,knee_pain,neck_pain,painful_walking",,,,,,,,,,swelling_joints,,
Osteoarthristis,"hip_joint_pain,joint_pain,knee_pain,neck_pain,painful_walking",,,,,,,,,,swelling_joints,,
Arthritis,painful_walking,,,,,,muscle_weakness,,,,"movement_stiffness,stiff_neck,swelling_joints",,
Arthritis,painful_walking,,,,,,muscle_weakness,,,,"movement_stiffness,stiff_neck,swelling_joints",,
Arthritis,painful_walking,,,,,,,,,,"movement_stiffness,stiff_neck,swelling_joints",,
Arthritis,painful_walking,,,,,,muscle_weakness,,,,"movement_stiffness,swelling_joints",,
Arthritis,painful_walking,,,,,,muscle_weakness,,,,"movement_stiffness,stiff_neck",,
Arthritis,painful_walking,,,,,,muscle_weakness,,,,"stiff_neck,swelling_joints",,
Arthritis,painful_walking,,,,,,muscle_weakness,,,,"movement_stiffness,stiff_neck,swelling_joints",,
Arthritis,,,,,,,muscle_weakness,,,,"movement_stiffness,stiff_neck,swelling_joints",,
Arthritis,painful_walking,,,,,,muscle_weakness,,,,"movement_stiffness,stiff_neck,swelling_joints",,
Arthritis,painful_walking,,,,,,muscle_weakness,,,,"movement_stiffness,stiff_neck,swelling_joints",,
(vertigo) Paroymsal  Positional Vertigo,headache,,,"nausea,vomiting",,,"loss_of_balance,unsteadiness",,,,spinning_movements,,
(vertigo) Paroymsal  Positional Vertigo,headache,,,"nausea,vomiting",,,"loss_of_balance,unsteadiness",,,,spinning_movements,,
(vertigo) Paroymsal  Positional Vertigo,headache,,,nausea,,,"loss_of_balance,unsteadiness",,,,spinning_movements,,
(vertigo) Paroymsal  Positional Vertigo,,,,"nausea,vomiting",,,"loss_of_balance,unsteadiness",,,,spinning_movements,,
(vertigo) Paroymsal  Positional Vertigo,headache,,,vomiting,,,"loss_of_balance,unsteadiness",,,,spinning_movements,,
(vertigo) Paroymsal  Positional Vertigo,headache,,,"nausea,vomiting",,,"loss_of_balance,unsteadiness",,,,,,
(vertigo) Paroymsal  Positional Vertigo,headache,,,"nausea,vomiting",,,unsteadiness,,,,spinning_movements,,
(vertigo) Paroymsal  Positional Vertigo,headache,,,"nausea,vomiting",,,loss_of_balance,,,,spinning_movements,,
(vertigo) Paroymsal  Positional Vertigo,headache,,,"nausea,vomiting",,,"loss_of_balance,unsteadiness",,,,spinning_movements,,
(vertigo) Paroymsal  Positional Vertigo,headache,,,"nausea,vomiting",,,"loss_of_balance,unsteadiness",,,,,,
Acne,,,,,,"blackheads,pus_filled_pimples,skin_rash",,,,,,,scurring
Acne,,,,,,"blackheads,pus_filled_pimples,skin_rash",,,,,,,scurring
Acne,,,,,,"blackheads,pus_filled_pimples",,,,,,,scurring
Acne,,,,,,"blackheads,skin_rash",,,,,,,scurring
Acne,,,,,,"pus_filled_pimples,skin_rash",,,,,,,scurring
Acne,,,,,,"blackheads,pus_filled_pimples,skin_rash",,,,,,,
Acne,,,,,,"blackheads,pus_filled_pimples,skin_rash",,,,,,,scurring
Acne,,,,,,"blackheads,pus_filled_pimples,skin_rash",,,,,,,
Acne,,,,,,"pus_filled_pimples,skin_rash",,,,,,,scurring
Acne,,,,,,"blackheads,skin_rash",,,,,,,scurring
Urinary tract infection,,,,,"bladder_discomfort,burning_micturition,continuous_feel_of_urine,foul_smell_of_urine",,,,,,,,
Urinary tract infection,,,,,"bladder_discomfort,burning_micturition,continuous_feel_of_urine,foul_smell_of_urine",,,,,,,,
Urinary tract infection,,,,,"bladder_discomfort,continuous_feel_of_urine,foul_smell_of_urine",,,,,,,,
Urinary tract infection,,,,,"burning_micturition,continuous_feel_of_urine,foul_smell_of_urine",,,,,,,,
Urinary tract infection,,,,,"bladder_discomfort,burning_micturition,continuous_feel_of_urine",,,,,,,,
Urinary tract infection,,,,,"bladder_discomfort,burning_micturition,foul_smell_of_urine",,,,,,,,
Urinary tract infection,,,,,"bladder_discomfort,burning_micturition,continuous_feel_of_urine,foul_smell_of_urine",,,,,,,,
Urinary tract infection,,,,,"bladder_discomfort,burning_micturition,continuous_feel_of_urine",,,,,,,,
Urinary tract infection,,,,,"bladder_discomfort,continuous_feel_of_urine,foul_smell_of_urine",,,,,,,,
Urinary tract infection,,,,,"bladder_discomfort,burning_micturition,continuous_feel_of_urine",,,,,,,,
Psoriasis,joint_pain,,,,,"skin_peeling,skin_rash",,,,,,,"inflammatory_nails,silver_like_dusting,small_dents_in_nails"
Psoriasis,joint_pain,,,,,"skin_peeling,skin_rash",,,,,,,"inflammatory_nails,silver_like_dusting,small_dents_in_nails"
Psoriasis,joint_pain,,,,,skin_peeling,,,,,,,"inflammatory_nails,silver_like_dusting,small_dents_in_nails"
Psoriasis,,,,,,"skin_peeling,skin_rash",,,,,,,"inflammatory_nails,silver_like_dusting,small_dents_in_nails"
Psoriasis,joint_pain,,,,,skin_rash,,,,,,,"inflammatory_nails,silver_like_dusting,small_dents_in_nails"
Psoriasis,joint_pain,,,,,"skin_peeling,skin_rash",,,,,,,"inflammatory_nails,small_dents_in_nails"
Psoriasis,joint_pain,,,,,"skin_peeling,skin_rash",,,,,,,"inflammatory_nails,silver_like_dusting"
Psoriasis,joint_pain,,,,,"skin_peeling,skin_rash",,,,,,,"silver_like_dusting,small_dents_in_nails"
Psoriasis,joint_pain,,,,,"skin_peeling,skin_rash",,,,,,,"inflammatory_nails,silver_like_dusting,small_dents_in_nails"
Psoriasis,joint_pain,,,,,"skin_peeling,skin_rash",,,,,,,"inflammatory_nails,silver_like_dusting,small_dents_in_nails"
Impetigo,red_sore_around_nose,,high_fever,,,"blister,skin_rash",,,,,,,yellow_crust_ooze
Impetigo,red_sore_around_nose,,high_fever,,,"blister,skin_rash",,,,,,,yellow_crust_ooze
Impetigo,red_sore_around_nose,,high_fever,,,blister,,,,,,,yellow_crust_ooze
Impetigo,red_sore_around_nose,,,,,"blister,skin_rash",,,,,,,yellow_crust_ooze
Impetigo,red_sore_around_nose,,,,,"blister,skin_rash",,,,,,,yellow_crust_ooze
Impetigo,red_sore_around_nose,,high_fever,,,skin_rash,,,,,,,yellow_crust_ooze
Impetigo,,,high_fever,,,"blister,skin_rash",,,,,,,yellow_crust_ooze
Impetigo,red_sore_around_nose,,high_fever,,,"blister,skin_rash",,,,,,,
Impetigo,red_sore_around_nose,,high_fever,,,"blister,skin_rash",,,,,,,yellow_crust_ooze
Impetigo,red_sore_around_nose,,,,,"blister,skin_rash",,,,,,,yellow_crust_ooze
Fungal infection,,,,,,"dischromic__patches,itching,nodal_skin_eruptions,skin_rash",,,,,,,
Allergy,,continuous_sneezing,"chills,shivering",,,,,watering_from_eyes,,,,,
GERD,"chest_pain,stomach_pain",cough,,"acidity,vomiting",,,,,,,,,ulcers_on_tongue
Chronic cholestasis,abdominal_pain,,,"nausea,vomiting",,"itching,yellowish_skin",,yellowing_of_eyes,loss_of_appetite,,,,
Drug Reaction,stomach_pain,,,,"burning_micturition,spotting__urination","itching,skin_rash",,,,,,,
Peptic ulcer diseae,abdominal_pain,,,"indigestion,passage_of_gases,vomiting",,internal_itching,,,loss_of_appetite,,,,
AIDS,,patches_in_throat,high_fever,,,,,,,,muscle_wasting,,extra_marital_contacts
Diabetes ,,,,,polyuria,,,blurred_and_distorted_vision,"excessive_hunger,fatigue,increased_appetite,lethargy",restlessness,,"obesity,weight_loss",irregular_sugar_level
Gastroenteritis,,,,"diarrhoea,vomiting",,,,sunken_eyes,,,,,dehydration
Bronchial Asthma,,"breathlessness,cough,mucoid_sputum",high_fever,,,,,,fatigue,,,,family_history
Hypertension ,"chest_pain,headache",,,,,,"dizziness,loss_of_balance",,,lack_of_concentration,,,
Migraine,headache,,,"acidity,indigestion",,,,blurred_and_distorted_vision,excessive_hunger,"depression,irritability",stiff_neck,,visual_disturbances
Cervical spondylosis,"back_pain,neck_pain",,,,,,"dizziness,loss_of_balance,weakness_in_limbs",,,,,,
Paralysis (brain hemorrhage),headache,,,vomiting,,,"altered_sensorium,weakness_of_one_body_side",,,,,,
Jaundice,abdominal_pain,,high_fever,vomiting,dark_urine,"itching,yellowish_skin",,,fatigue,,,weight_loss,
Malaria,"headache,muscle_pain",,"chills,high_fever,sweating","diarrhoea,nausea,vomiting",,,,,,,,,
Chicken pox,headache,,"high_fever,mild_fever",,,"itching,skin_rash",,,"fatigue,lethargy,loss_of_appetite,malaise",,,,"red_spots_over_body,swelled_lymph_nodes"
Dengue,"back_pain,headache,joint_pain,muscle_pain,pain_behind_the_eyes",,"chills,high_fever","nausea,vomiting",,skin_rash,,,"fatigue,loss_of_appetite,malaise",,,,red_spots_over_body
Typhoid,"abdominal_pain,belly_pain,headache",,"chills,high_fever","constipation,diarrhoea,nausea,vomiting",,,,,fatigue,,,,toxic_look_(typhos)
hepatitis A,"abdominal_pain,joint_pain,muscle_pain",,mild_fever,"diarrhoea,nausea,vomiting",dark_urine,yellowish_skin,,yellowing_of_eyes,loss_of_appetite,,,,
Hepatitis B,abdominal_pain,,,,"dark_urine,yellow_urine","itching,yellowish_skin",,yellowing_of_eyes,"fatigue,lethargy,loss_of_appetite,malaise",,,,"receiving_blood_transfusion,receiving_unsterile_injections"
Hepatitis C,,,,nausea,,yellowish_skin,,yellowing_of_eyes,"fatigue,loss_of_appetite",,,,family_history
Hepatitis D,"abdominal_pain,joint_pain",,,"nausea,vomiting",dark_urine,yellowish_skin,,yellowing_of_eyes,"fatigue,loss_of_appetite",,,,
Hepatitis E,"abdominal_pain,joint_pain",,high_fever,"nausea,stomach_bleeding,vomiting",dark_urine,yellowish_skin,coma,yellowing_of_eyes,"fatigue,loss_of_appetite",,,,acute_liver_failure
Alcoholic hepatitis,abdominal_pain,,,"swelling_of_stomach,vomiting",,yellowish_skin,,,,,,,"distention_of_abdomen,fluid_overload,history_of_alcohol_consumption"
Tuberculosis,chest_pain,"blood_in_sputum,breathlessness,cough,phlegm","chills,high_fever,mild_fever,sweating",vomiting,,,,yellowing_of_eyes,"fatigue,loss_of_appetite,malaise",,,weight_loss,swelled_lymph_nodes
Common Cold,"chest_pain,headache,muscle_pain","congestion,continuous_sneezing,cough,phlegm,runny_nose,throat_irritation","chills,high_fever",,,redness_of_eyes,,,"fatigue,malaise",,,,"loss_of_smell,sinus_pressure,swelled_lymph_nodes"
Pneumonia,chest_pain,"breathlessness,cough,phlegm,rusty_sputum","chills,high_fever,sweating",,,,,,"fatigue,malaise",,,,fast_heart_rate
Dimorphic hemmorhoids(piles),"pain_during_bowel_movements,pain_in_anal_region",,,constipation,,,,,,,,,"bloody_stool,irritation_in_anus"
Heart attack,chest_pain,breathlessness,sweating,vomiting,,,,,,,,,
Varicose veins,cramps,,,,,,,,fatigue,,,obesity,"bruising,prominent_veins_on_calf,swollen_blood_vessels,swollen_legs"
Hypothyroidism,,,,,,,dizziness,puffy_face_and_eyes,"fatigue,lethargy","depression,irritability,mood_swings",,weight_gain,"abnormal_menstruation,brittle_nails,cold_hands_and_feets,enlarged_thyroid,swollen_extremeties"
Hyperthyroidism,,,sweating,diarrhoea,,,muscle_weakness,,"excessive_hunger,fatigue","irritability,mood_swings,restlessness",,weight_loss,"abnormal_menstruation,fast_heart_rate"
Hypoglycemia,headache,,sweating,"nausea,vomiting",,,slurred_speech,blurred_and_distorted_vision,"excessive_hunger,fatigue","anxiety,irritability",,,"drying_and_tingling_lips,palpitations"
Osteoarthristis,"hip_joint_pain,joint_pain,knee_pain,neck_pain,painful_walking",,,,,,,,,,swelling_joints,,
Arthritis,painful_walking,,,,,,muscle_weakness,,,,"movement_stiffness,stiff_neck,swelling_joints",,
(vertigo) Paroymsal  Positional Vertigo,headache,,,"nausea,vomiting",,,"loss_of_balance,unsteadiness",,,,spinning_movements,,
Acne,,,,,,"blackheads,pus_filled_pimples,skin_rash",,,,,,,scurring
Urinary tract infection,,,,,"bladder_discomfort,burning_micturition,continuous_feel_of_urine,foul_smell_of_urine",,,,,,,,
Psoriasis,joint_pain,,,,,"skin_peeling,skin_rash",,,,,,,"inflammatory_nails,silver_like_dusting,small_dents_in_nails"
Impetigo,red_sore_around_nose,,high_fever,,,"blister,skin_rash",,,,,,,yellow_crust_ooze
Fungal infection,,,,,,"dischromic__patches,itching,nodal_skin_eruptions,skin_rash",,,,,,,
Allergy,,continuous_sneezing,"chills,shivering",,,,,watering_from_eyes,,,,,
GERD,"chest_pain,stomach_pain",cough,,"acidity,vomiting",,,,,,,,,ulcers_on_tongue
Chronic cholestasis,abdominal_pain,,,"nausea,vomiting",,"itching,yellowish_skin",,yellowing_of_eyes,loss_of_appetite,,,,
Drug Reaction,stomach_pain,,,,"burning_micturition,spotting__urination","itching,skin_rash",,,,,,,
Peptic ulcer diseae,abdominal_pain,,,"indigestion,passage_of_gases,vomiting",,internal_itching,,,loss_of_appetite,,,,
AIDS,,patches_in_throat,high_fever,,,,,,,,muscle_wasting,,extra_marital_contacts
Diabetes ,,,,,polyuria,,,blurred_and_distorted_vision,"excessive_hunger,fatigue,increased_appetite,lethargy",restlessness,,"obesity,weight_loss",irregular_sugar_level
Gastroenteritis,,,,"diarrhoea,vomiting",,,,sunken_eyes,,,,,dehydration
Bronchial Asthma,,"breathlessness,cough,mucoid_sputum",high_fever,,,,,,fatigue,,,,family_history
Hypertension ,"chest_pain,headache",,,,,,"dizziness,loss_of_balance",,,lack_of_concentration,,,
Migraine,headache,,,"acidity,indigestion",,,,blurred_and_distorted_vision,excessive_hunger,"depression,irritability",stiff_neck,,visual_disturbances
Cervical spondylosis,"back_pain,neck_pain",,,,,,"dizziness,loss_of_balance,weakness_in_limbs",,,,,,
Paralysis (brain hemorrhage),headache,,,vomiting,,,"altered_sensorium,weakness_of_one_body_side",,,,,,
Jaundice,abdominal_pain,,high_fever,vomiting,dark_urine,"itching,yellowish_skin",,,fatigue,,,weight_loss,
Malaria,"headache,muscle_pain",,"chills,high_fever,sweating","diarrhoea,nausea,vomiting",,,,,,,,,
Chicken pox,headache,,"high_fever,mild_fever",,,"itching,skin_rash",,,"fatigue,lethargy,loss_of_appetite,malaise",,,,"red_spots_over_body,swelled_lymph_nodes"
Dengue,"back_pain,headache,joint_pain,muscle_pain,pain_behind_the_eyes",,"chills,high_fever","nausea,vomiting",,skin_rash,,,"fatigue,loss_of_appetite,malaise",,,,red_spots_over_body
Typhoid,"abdominal_pain,belly_pain,headache",,"chills,high_fever","constipation,diarrhoea,nausea,vomiting",,,,,fatigue,,,,toxic_look_(typhos)
hepatitis A,"abdominal_pain,joint_pain,muscle_pain",,mild_fever,"diarrhoea,nausea,vomiting",dark_urine,yellowish_skin,,yellowing_of_eyes,loss_of_appetite,,,,
Hepatitis B,abdominal_pain,,,,"dark_urine,yellow_urine","itching,yellowish_skin",,yellowing_of_eyes,"fatigue,lethargy,loss_of_appetite,malaise",,,,"receiving_blood_transfusion,receiving_unsterile_injections"
Hepatitis C,,,,nausea,,yellowish_skin,,yellowing_of_eyes,"fatigue,loss_of_appetite",,,,family_history
Hepatitis D,"abdominal_pain,joint_pain",,,"nausea,vomiting",dark_urine,yellowish_skin,,yellowing_of_eyes,"fatigue,loss_of_appetite",,,,
Hepatitis E,"abdominal_pain,joint_pain",,high_fever,"nausea,stomach_bleeding,vomiting",dark_urine,yellowish_skin,coma,yellowing_of_eyes,"fatigue,loss_of_appetite",,,,acute_liver_failure
Alcoholic hepatitis,abdominal_pain,,,"swelling_of_stomach,vomiting",,yellowish_skin,,,,,,,"distention_of_abdomen,fluid_overload,history_of_alcohol_consumption"
Tuberculosis,chest_pain,"blood_in_sputum,breathlessness,cough,phlegm","chills,high_fever,mild_fever,sweating",vomiting,,,,yellowing_of_eyes,"fatigue,loss_of_appetite,malaise",,,weight_loss,swelled_lymph_nodes
Common Cold,"chest_pain,headache,muscle_pain","congestion,continuous_sneezing,cough,phlegm,runny_nose,throat_irritation","chills,high_fever",,,redness_of_eyes,,,"fatigue,malaise",,,,"loss_of_smell,sinus_pressure,swelled_lymph_nodes"
Pneumonia,chest_pain,"breathlessness,cough,phlegm,rusty_sputum","chills,high_fever,sweating",,,,,,"fatigue,malaise",,,,fast_heart_rate
Dimorphic hemmorhoids(piles),"pain_during_bowel_movements,pain_in_anal_region",,,constipation,,,,,,,,,"bloody_stool,irritation_in_anus"
Heart attack,chest_pain,breathlessness,sweating,vomiting,,,,,,,,,
Varicose veins,cramps,,,,,,,,fatigue,,,obesity,"bruising,prominent_veins_on_calf,swollen_blood_vessels,swollen_legs"
Hypothyroidism,,,,,,,dizziness,puffy_face_and_eyes,"fatigue,lethargy","depression,irritability,mood_swings",,weight_gain,"abnormal_menstruation,brittle_nails,cold_hands_and_feets,enlarged_thyroid,swollen_extremeties"
Hyperthyroidism,,,sweating,diarrhoea,,,muscle_weakness,,"excessive_hunger,fatigue","irritability,mood_swings,restlessness",,weight_loss,"abnormal_menstruation,fast_heart_rate"
Hypoglycemia,headache,,sweating,"nausea,vomiting",,,slurred_speech,blurred_and_distorted_vision,"excessive_hunger,fatigue","anxiety,irritability",,,"drying_and_tingling_lips,palpitations"
Osteoarthristis,"hip_joint_pain,joint_pain,knee_pain,neck_pain,painful_walking",,,,,,,,,,swelling_joints,,
Arthritis,painful_walking,,,,,,muscle_weakness,,,,"movement_stiffness,stiff_neck,swelling_joints",,
(vertigo) Paroymsal  Positional Vertigo,headache,,,"nausea,vomiting",,,"loss_of_balance,unsteadiness",,,,spinning_movements,,
Acne,,,,,,"blackheads,pus_filled_pimples,skin_rash",,,,,,,scurring
Urinary tract infection,,,,,"bladder_discomfort,burning_micturition,continuous_feel_of_urine,foul_smell_of_urine",,,,,,,,
Psoriasis,joint_pain,,,,,"skin_peeling,skin_rash",,,,,,,"inflammatory_nails,silver_like_dusting,small_dents_in_nails"
Impetigo,red_sore_around_nose,,high_fever,,,"blister,skin_rash",,,,,,,yellow_crust_ooze
Fungal infection,,,,,,"dischromic__patches,itching,nodal_skin_eruptions,skin_rash",,,,,,,
Allergy,,continuous_sneezing,"chills,shivering",,,,,watering_from_eyes,,,,,
GERD,"chest_pain,stomach_pain",cough,,"acidity,vomiting",,,,,,,,,ulcers_on_tongue
Chronic cholestasis,abdominal_pain,,,"nausea,vomiting",,"itching,yellowish_skin",,yellowing_of_eyes,loss_of_appetite,,,,
Drug Reaction,stomach_pain,,,,"burning_micturition,spotting__urination","itching,skin_rash",,,,,,,
Peptic ulcer diseae,abdominal_pain,,,"indigestion,passage_of_gases,vomiting",,internal_itching,,,loss_of_appetite,,,,
AIDS,,patches_in_throat,high_fever,,,,,,,,muscle_wasting,,extra_marital_contacts
Diabetes ,,,,,polyuria,,,blurred_and_distorted_vision,"excessive_hunger,fatigue,increased_appetite,lethargy",restlessness,,"obesity,weight_loss",irregular_sugar_level
Gastroenteritis,,,,"diarrhoea,vomiting",,,,sunken_eyes,,,,,dehydration
Bronchial Asthma,,"breathlessness,cough,mucoid_sputum",high_fever,,,,,,fatigue,,,,family_history
Hypertension ,"chest_pain,headache",,,,,,"dizziness,loss_of_balance",,,lack_of_concentration,,,
Migraine,headache,,,"acidity,indigestion",,,,blurred_and_distorted_vision,excessive_hunger,"depression,irritability",stiff_neck,,visual_disturbances
Cervical spondylosis,"back_pain,neck_pain",,,,,,"dizziness,loss_of_balance,weakness_in_limbs",,,,,,
Paralysis (brain hemorrhage),headache,,,vomiting,,,"altered_sensorium,weakness_of_one_body_side",,,,,,
Jaundice,abdominal_pain,,high_fever,vomiting,dark_urine,"itching,yellowish_skin",,,fatigue,,,weight_loss,
Malaria,"headache,muscle_pain",,"chills,high_fever,sweating","diarrhoea,nausea,vomiting",,,,,,,,,
Chicken pox,headache,,"high_fever,mild_fever",,,"itching,skin_rash",,,"fatigue,lethargy,loss_of_appetite,malaise",,,,"red_spots_over_body,swelled_lymph_nodes"
Dengue,"back_pain,headache,joint_pain,muscle_pain,pain_behind_the_eyes",,"chills,high_fever","nausea,vomiting",,skin_rash,,,"fatigue,loss_of_appetite,malaise",,,,red_spots_over_body
Typhoid,"abdominal_pain,belly_pain,headache",,"chills,high_fever","constipation,diarrhoea,nausea,vomiting",,,,,fatigue,,,,toxic_look_(typhos)
hepatitis A,"abdominal_pain,joint_pain,muscle_pain",,mild_fever,"diarrhoea,nausea,vomiting",dark_urine,yellowish_skin,,yellowing_of_eyes,loss_of_appetite,,,,
Hepatitis B,abdominal_pain,,,,"dark_urine,yellow_urine","itching,yellowish_skin",,yellowing_of_eyes,"fatigue,lethargy,loss_of_appetite,malaise",,,,"receiving_blood_transfusion,receiving_unsterile_injections"
Hepatitis C,,,,nausea,,yellowish_skin,,yellowing_of_eyes,"fatigue,loss_of_appetite",,,,family_history
Hepatitis D,"abdominal_pain,joint_pain",,,"nausea,vomiting",dark_urine,yellowish_skin,,yellowing_of_eyes,"fatigue,loss_of_appetite",,,,
Hepatitis E,"abdominal_pain,joint_pain",,high_fever,"nausea,stomach_bleeding,vomiting",dark_urine,yellowish_skin,coma,yellowing_of_eyes,"fatigue,loss_of_appetite",,,,acute_liver_failure
Alcoholic hepatitis,abdominal_pain,,,"swelling_of_stomach,vomiting",,yellowish_skin,,,,,,,"distention_of_abdomen,fluid_overload,history_of_alcohol_consumption"
Tuberculosis,chest_pain,"blood_in_sputum,breathlessness,cough,phlegm","chills,high_fever,mild_fever,sweating",vomiting,,,,yellowing_of_eyes,"fatigue,loss_of_appetite,malaise",,,weight_loss,swelled_lymph_nodes
Common Cold,"chest_pain,headache,muscle_pain","congestion,continuous_sneezing,cough,phlegm,runny_nose,throat_irritation","chills,high_fever",,,redness_of_eyes,,,"fatigue,malaise",,,,"loss_of_smell,sinus_pressure,swelled_lymph_nodes"
Pneumonia,chest_pain,"breathlessness,cough,phlegm,rusty_sputum","chills,high_fever,sweating",,,,,,"fatigue,malaise",,,,fast_heart_rate
Dimorphic hemmorhoids(piles),"pain_during_bowel_movements,pain_in_anal_region",,,constipation,,,,,,,,,"bloody_stool,irritation_in_anus"
Heart attack,chest_pain,breathlessness,sweating,vomiting,,,,,,,,,
Varicose veins,cramps,,,,,,,,fatigue,,,obesity,"bruising,prominent_veins_on_calf,swollen_blood_vessels,swollen_legs"
Hypothyroidism,,,,,,,dizziness,puffy_face_and_eyes,"fatigue,lethargy","depression,irritability,mood_swings",,weight_gain,"abnormal_menstruation,brittle_nails,cold_hands_and_feets,enlarged_thyroid,swollen_extremeties"
Hyperthyroidism,,,sweating,diarrhoea,,,muscle_weakness,,"excessive_hunger,fatigue","irritability,mood_swings,restlessness",,weight_loss,"abnormal_menstruation,fast_heart_rate"
Hypoglycemia,headache,,sweating,"nausea,vomiting",,,slurred_speech,blurred_and_distorted_vision,"excessive_hunger,fatigue","anxiety,irritability",,,"drying_and_tingling_lips,palpitations"
Osteoarthristis,"hip_joint_pain,joint_pain,knee_pain,neck_pain,painful_walking",,,,,,,,,,swelling_joints,,
Arthritis,painful_walking,,,,,,muscle_weakness,,,,"movement_stiffness,stiff_neck,swelling_joints",,
(vertigo) Paroymsal  Positional Vertigo,headache,,,"nausea,vomiting",,,"loss_of_balance,unsteadiness",,,,spinning_movements,,
Acne,,,,,,"blackheads,pus_filled_pimples,skin_rash",,,,,,,scurring
Urinary tract infection,,,,,"bladder_discomfort,burning_micturition,continuous_feel_of_urine,foul_smell_of_urine",,,,,,,,
Psoriasis,joint_pain,,,,,"skin_peeling,skin_rash",,,,,,,"inflammatory_nails,silver_like_dusting,small_dents_in_nails"
Impetigo,red_sore_around_nose,,high_fever,,,"blister,skin_rash",,,,,,,yellow_crust_ooze
Fungal infection,,,,,,"dischromic__patches,itching,nodal_skin_eruptions,skin_rash",,,,,,,
Allergy,,continuous_sneezing,"chills,shivering",,,,,watering_from_eyes,,,,,
GERD,"chest_pain,stomach_pain",cough,,"acidity,vomiting",,,,,,,,,ulcers_on_tongue
Chronic cholestasis,abdominal_pain,,,"nausea,vomiting",,"itching,yellowish_skin",,yellowing_of_eyes,loss_of_appetite,,,,
Drug Reaction,stomach_pain,,,,"burning_micturition,spotting__urination","itching,skin_rash",,,,,,,
Peptic ulcer diseae,abdominal_pain,,,"indigestion,passage_of_gases,vomiting",,internal_itching,,,loss_of_appetite,,,,
AIDS,,patches_in_throat,high_fever,,,,,,,,muscle_wasting,,extra_marital_contacts
Diabetes ,,,,,polyuria,,,blurred_and_distorted_vision,"excessive_hunger,fatigue,increased_appetite,lethargy",restlessness,,"obesity,weight_loss",irregular_sugar_level
Gastroenteritis,,,,"diarrhoea,vomiting",,,,sunken_eyes,,,,,dehydration
Bronchial Asthma,,"breathlessness,cough,mucoid_sputum",high_fever,,,,,,fatigue,,,,family_history
Hypertension ,"chest_pain,headache",,,,,,"dizziness,loss_of_balance",,,lack_of_concentration,,,
Migraine,headache,,,"acidity,indigestion",,,,blurred_and_distorted_vision,excessive_hunger,"depression,irritability",stiff_neck,,visual_disturbances
Cervical spondylosis,"back_pain,neck_pain",,,,,,"dizziness,loss_of_balance,weakness_in_limbs",,,,,,
Paralysis (brain hemorrhage),headache,,,vomiting,,,"altered_sensorium,weakness_of_one_body_side",,,,,,
Jaundice,abdominal_pain,,high_fever,vomiting,dark_urine,"itching,yellowish_skin",,,fatigue,,,weight_loss,
Malaria,"headache,muscle_pain",,"chills,high_fever,sweating","diarrhoea,nausea,vomiting",,,,,,,,,
Chicken pox,headache,,"high_fever,mild_fever",,,"itching,skin_rash",,,"fatigue,lethargy,loss_of_appetite,malaise",,,,"red_spots_over_body,swelled_lymph_nodes"
Dengue,"back_pain,headache,joint_pain,muscle_pain,pain_behind_the_eyes",,"chills,high_fever","nausea,vomiting",,skin_rash,,,"fatigue,loss_of_appetite,malaise",,,,red_spots_over_body
Typhoid,"abdominal_pain,belly_pain,headache",,"chills,high_fever","constipation,diarrhoea,nausea,vomiting",,,,,fatigue,,,,toxic_look_(typhos)
hepatitis A,"abdominal_pain,joint_pain,muscle_pain",,mild_fever,"diarrhoea,nausea,vomiting",dark_urine,yellowish_skin,,yellowing_of_eyes,loss_of_appetite,,,,
Hepatitis B,abdominal_pain,,,,"dark_urine,yellow_urine","itching,yellowish_skin",,yellowing_of_eyes,"fatigue,lethargy,loss_of_appetite,malaise",,,,"receiving_blood_transfusion,receiving_unsterile_injections"
Hepatitis C,,,,nausea,,yellowish_skin,,yellowing_of_eyes,"fatigue,loss_of_appetite",,,,family_history
Hepatitis D,"abdominal_pain,joint_pain",,,"nausea,vomiting",dark_urine,yellowish_skin,,yellowing_of_eyes,"fatigue,loss_of_appetite",,,,
Hepatitis E,"abdominal_pain,joint_pain",,high_fever,"nausea,stomach_bleeding,vomiting",dark_urine,yellowish_skin,coma,yellowing_of_eyes,"fatigue,loss_of_appetite",,,,acute_liver_failure
Alcoholic hepatitis,abdominal_pain,,,"swelling_of_stomach,vomiting",,yellowish_skin,,,,,,,"distention_of_abdomen,fluid_overload,history_of_alcohol_consumption"
Tuberculosis,chest_pain,"blood_in_sputum,breathlessness,cough,phlegm","chills,high_fever,mild_fever,sweating",vomiting,,,,yellowing_of_eyes,"fatigue,loss_of_appetite,malaise",,,weight_loss,swelled_lymph_nodes
Common Cold,"chest_pain,headache,muscle_pain","congestion,continuous_sneezing,cough,phlegm,runny_nose,throat_irritation","chills,high_fever",,,redness_of_eyes,,,"fatigue,malaise",,,,"loss_of_smell,sinus_pressure,swelled_lymph_nodes"
Pneumonia,chest_pain,"breathlessness,cough,phlegm,rusty_sputum","chills,high_fever,sweating",,,,,,"fatigue,malaise",,,,fast_heart_rate
Dimorphic hemmorhoids(piles),"pain_during_bowel_movements,pain_in_anal_region",,,constipation,,,,,,,,,"bloody_stool,irritation_in_anus"
Heart attack,chest_pain,breathlessness,sweating,vomiting,,,,,,,,,
Varicose veins,cramps,,,,,,,,fatigue,,,obesity,"bruising,prominent_veins_on_calf,swollen_blood_vessels,swollen_legs"
Hypothyroidism,,,,,,,dizziness,puffy_face_and_eyes,"fatigue,lethargy","depression,irritability,mood_swings",,weight_gain,"abnormal_menstruation,brittle_nails,cold_hands_and_feets,enlarged_thyroid,swollen_extremeties"
Hyperthyroidism,,,sweating,diarrhoea,,,muscle_weakness,,"excessive_hunger,fatigue","irritability,mood_swings,restlessness",,weight_loss,"abnormal_menstruation,fast_heart_rate"
Hypoglycemia,headache,,sweating,"nausea,vomiting",,,slurred_speech,blurred_and_distorted_vision,"excessive_hunger,fatigue","anxiety,irritability",,,"drying_and_tingling_lips,palpitations"
Osteoarthristis,"hip_joint_pain,joint_pain,knee_pain,neck_pain,painful_walking",,,,,,,,,,swelling_joints,,
Arthritis,painful_walking,,,,,,muscle_weakness,,,,"movement_stiffness,stiff_neck,swelling_joints",,
(vertigo) Paroymsal  Positional Vertigo,headache,,,"nausea,vomiting",,,"loss_of_balance,unsteadiness",,,,spinning_movements,,
Acne,,,,,,"blackheads,pus_filled_pimples,skin_rash",,,,,,,scurring
Urinary tract infection,,,,,"bladder_discomfort,burning_micturition,continuous_feel_of_urine,foul_smell_of_urine",,,,,,,,
Psoriasis,joint_pain,,,,,"skin_peeling,skin_rash",,,,,,,"inflammatory_nails,silver_like_dusting,small_dents_in_nails"
Impetigo,red_sore_around_nose,,high_fever,,,"blister,skin_rash",,,,,,,yellow_crust_ooze
Fungal infection,,,,,,"dischromic__patches,itching,nodal_skin_eruptions,skin_rash",,,,,,,
Allergy,,continuous_sneezing,"chills,shivering",,,,,watering_from_eyes,,,,,
GERD,"chest_pain,stomach_pain",cough,,"acidity,vomiting",,,,,,,,,ulcers_on_tongue
Chronic cholestasis,abdominal_pain,,,"nausea,vomiting",,"itching,yellowish_skin",,yellowing_of_eyes,loss_of_appetite,,,,
Drug Reaction,stomach_pain,,,,"burning_micturition,spotting__urination","itching,skin_rash",,,,,,,
Peptic ulcer diseae,abdominal_pain,,,"indigestion,passage_of_gases,vomiting",,internal_itching,,,loss_of_appetite,,,,
AIDS,,patches_in_throat,high_fever,,,,,,,,muscle_wasting,,extra_marital_contacts
Diabetes ,,,,,polyuria,,,blurred_and_distorted_vision,"excessive_hunger,fatigue,increased_appetite,lethargy",restlessness,,"obesity,weight_loss",irregular_sugar_level
Gastroenteritis,,,,"diarrhoea,vomiting",,,,sunken_eyes,,,,,dehydration
Bronchial Asthma,,"breathlessness,cough,mucoid_sputum",high_fever,,,,,,fatigue,,,,family_history
Hypertension ,"chest_pain,headache",,,,,,"dizziness,loss_of_balance",,,lack_of_concentration,,,
Migraine,headache,,,"acidity,indigestion",,,,blurred_and_distorted_vision,excessive_hunger,"depression,irritability",stiff_neck,,visual_disturbances
Cervical spondylosis,"back_pain,neck_pain",,,,,,"dizziness,loss_of_balance,weakness_in_limbs",,,,,,
Paralysis (brain hemorrhage),headache,,,vomiting,,,"altered_sensorium,weakness_of_one_body_side",,,,,,
Jaundice,abdominal_pain,,high_fever,vomiting,dark_urine,"itching,yellowish_skin",,,fatigue,,,weight_loss,
Malaria,"headache,muscle_pain",,"chills,high_fever,sweating","diarrhoea,nausea,vomiting",,,,,,,,,
Chicken pox,headache,,"high_fever,mild_fever",,,"itching,skin_rash",,,"fatigue,lethargy,loss_of_appetite,malaise",,,,"red_spots_over_body,swelled_lymph_nodes"
Dengue,"back_pain,headache,joint_pain,muscle_pain,pain_behind_the_eyes",,"chills,high_fever","nausea,vomiting",,skin_rash,,,"fatigue,loss_of_appetite,malaise",,,,red_spots_over_body
Typhoid,"abdominal_pain,belly_pain,headache",,"chills,high_fever","constipation,diarrhoea,nausea,vomiting",,,,,fatigue,,,,toxic_look_(typhos)
hepatitis A,"abdominal_pain,joint_pain,muscle_pain",,mild_fever,"diarrhoea,nausea,vomiting",dark_urine,yellowish_skin,,yellowing_of_eyes,loss_of_appetite,,,,
Hepatitis B,abdominal_pain,,,,"dark_urine,yellow_urine","itching,yellowish_skin",,yellowing_of_eyes,"fatigue,lethargy,loss_of_appetite,malaise",,,,"receiving_blood_transfusion,receiving_unsterile_injections"
Hepatitis C,,,,nausea,,yellowish_skin,,yellowing_of_eyes,"fatigue,loss_of_appetite",,,,family_history
Hepatitis D,"abdominal_pain,joint_pain",,,"nausea,vomiting",dark_urine,yellowish_skin,,yellowing_of_eyes,"fatigue,loss_of_appetite",,,,
Hepatitis E,"abdominal_pain,joint_pain",,high_fever,"nausea,stomach_bleeding,vomiting",dark_urine,yellowish_skin,coma,yellowing_of_eyes,"fatigue,loss_of_appetite",,,,acute_liver_failure
Alcoholic hepatitis,abdominal_pain,,,"swelling_of_stomach,vomiting",,yellowish_skin,,,,,,,"distention_of_abdomen,fluid_overload,history_of_alcohol_consumption"
Tuberculosis,chest_pain,"blood_in_sputum,breathlessness,cough,phlegm","chills,high_fever,mild_fever,sweating",vomiting,,,,yellowing_of_eyes,"fatigue,loss_of_appetite,malaise",,,weight_loss,swelled_lymph_nodes
Common Cold,"chest_pain,headache,muscle_pain","congestion,continuous_sneezing,cough,phlegm,runny_nose,throat_irritation","chills,high_fever",,,redness_of_eyes,,,"fatigue,malaise",,,,"loss_of_smell,sinus_pressure,swelled_lymph_nodes"
Pneumonia,chest_pain,"breathlessness,cough,phlegm,rusty_sputum","chills,high_fever,sweating",,,,,,"fatigue,malaise",,,,fast_heart_rate
Dimorphic hemmorhoids(piles),"pain_during_bowel_movements,pain_in_anal_region",,,constipation,,,,,,,,,"bloody_stool,irritation_in_anus"
Heart attack,chest_pain,breathlessness,sweating,vomiting,,,,,,,,,
Varicose veins,cramps,,,,,,,,fatigue,,,obesity,"bruising,prominent_veins_on_calf,swollen_blood_vessels,swollen_legs"
Hypothyroidism,,,,,,,dizziness,puffy_face_and_eyes,"fatigue,lethargy","depression,irritability,mood_swings",,weight_gain,"abnormal_menstruation,brittle_nails,cold_hands_and_feets,enlarged_thyroid,swollen_extremeties"
Hyperthyroidism,,,sweating,diarrhoea,,,muscle_weakness,,"excessive_hunger,fatigue","irritability,mood_swings,restlessness",,weight_loss,"abnormal_menstruation,fast_heart_rate"
Hypoglycemia,headache,,sweating,"nausea,vomiting",,,slurred_speech,blurred_and_distorted_vision,"excessive_hunger,fatigue","anxiety,irritability",,,"drying_and_tingling_lips,palpitations"
Osteoarthristis,"hip_joint_pain,joint_pain,knee_pain,neck_pain,painful_walking",,,,,,,,,,swelling_joints,,
Arthritis,painful_walking,,,,,,muscle_weakness,,,,"movement_stiffness,stiff_neck,swelling_joints",,
(vertigo) Paroymsal  Positional Vertigo,headache,,,"nausea,vomiting",,,"loss_of_balance,unsteadiness",,,,spinning_movements,,
Acne,,,,,,"blackheads,pus_filled_pimples,skin_rash",,,,,,,scurring
Urinary tract infection,,,,,"bladder_discomfort,burning_micturition,continuous_feel_of_urine,foul_smell_of_urine",,,,,,,,
Psoriasis,joint_pain,,,,,"skin_peeling,skin_rash",,,,,,,"inflammatory_nails,silver_like_dusting,small_dents_in_nails"
Impetigo,red_sore_around_nose,,high_fever,,,"blister,skin_rash",,,,,,,yellow_crust_ooze
Fungal infection,,,,,,"dischromic__patches,itching,nodal_skin_eruptions,skin_rash",,,,,,,
Allergy,,continuous_sneezing,"chills,shivering",,,,,watering_from_eyes,,,,,
GERD,"chest_pain,stomach_pain",cough,,"acidity,vomiting",,,,,,,,,ulcers_on_tongue
Chronic cholestasis,abdominal_pain,,,"nausea,vomiting",,"itching,yellowish_skin",,yellowing_of_eyes,loss_of_appetite,,,,
Drug Reaction,stomach_pain,,,,"burning_micturition,spotting__urination","itching,skin_rash",,,,,,,
Peptic ulcer diseae,abdominal_pain,,,"indigestion,passage_of_gases,vomiting",,internal_itching,,,loss_of_appetite,,,,
AIDS,,patches_in_throat,high_fever,,,,,,,,muscle_wasting,,extra_marital_contacts
Diabetes ,,,,,polyuria,,,blurred_and_distorted_vision,"excessive_hunger,fatigue,increased_appetite,lethargy",restlessness,,"obesity,weight_loss",irregular_sugar_level
Gastroenteritis,,,,"diarrhoea,vomiting",,,,sunken_eyes,,,,,dehydration
Bronchial Asthma,,"breathlessness,cough,mucoid_sputum",high_fever,,,,,,fatigue,,,,family_history
Hypertension ,"chest_pain,headache",,,,,,"dizziness,loss_of_balance",,,lack_of_concentration,,,
Migraine,headache,,,"acidity,indigestion",,,,blurred_and_distorted_vision,excessive_hunger,"depression,irritability",stiff_neck,,visual_disturbances
Cervical spondylosis,"back_pain,neck_pain",,,,,,"dizziness,loss_of_balance,weakness_in_limbs",,,,,,
Paralysis (brain hemorrhage),headache,,,vomiting,,,"altered_sensorium,weakness_of_one_body_side",,,,,,
Jaundice,abdominal_pain,,high_fever,vomiting,dark_urine,"itching,yellowish_skin",,,fatigue,,,weight_loss,
Malaria,"headache,muscle_pain",,"chills,high_fever,sweating","diarrhoea,nausea,vomiting",,,,,,,,,
Chicken pox,headache,,"high_fever,mild_fever",,,"itching,skin_rash",,,"fatigue,lethargy,loss_of_appetite,malaise",,,,"red_spots_over_body,swelled_lymph_nodes"
Dengue,"back_pain,headache,joint_pain,muscle_pain,pain_behind_the_eyes",,"chills,high_fever","nausea,vomiting",,skin_rash,,,"fatigue,loss_of_appetite,malaise",,,,red_spots_over_body
Typhoid,"abdominal_pain,belly_pain,headache",,"chills,high_fever","constipation,diarrhoea,nausea,vomiting",,,,,fatigue,,,,toxic_look_(typhos)
hepatitis A,"abdominal_pain,joint_pain,muscle_pain",,mild_fever,"diarrhoea,nausea,vomiting",dark_urine,yellowish_skin,,yellowing_of_eyes,loss_of_appetite,,,,
Hepatitis B,abdominal_pain,,,,"dark_urine,yellow_urine","itching,yellowish_skin",,yellowing_of_eyes,"fatigue,lethargy,loss_of_appetite,malaise",,,,"receiving_blood_transfusion,receiving_unsterile_injections"
Hepatitis C,,,,nausea,,yellowish_skin,,yellowing_of_eyes,"fatigue,loss_of_appetite",,,,family_history
Hepatitis D,"abdominal_pain,joint_pain",,,"nausea,vomiting",dark_urine,yellowish_skin,,yellowing_of_eyes,"fatigue,loss_of_appetite",,,,
Hepatitis E,"abdominal_pain,joint_pain",,high_fever,"nausea,stomach_bleeding,vomiting",dark_urine,yellowish_skin,coma,yellowing_of_eyes,"fatigue,loss_of_appetite",,,,acute_liver_failure
Alcoholic hepatitis,abdominal_pain,,,"swelling_of_stomach,vomiting",,yellowish_skin,,,,,,,"distention_of_abdomen,fluid_overload,history_of_alcohol_consumption"
Tuberculosis,chest_pain,"blood_in_sputum,breathlessness,cough,phlegm","chills,high_fever,mild_fever,sweating",vomiting,,,,yellowing_of_eyes,"fatigue,loss_of_appetite,malaise",,,weight_loss,swelled_lymph_nodes
Common Cold,"chest_pain,headache,muscle_pain","congestion,continuous_sneezing,cough,phlegm,runny_nose,throat_irritation","chills,high_fever",,,redness_of_eyes,,,"fatigue,malaise",,,,"loss_of_smell,sinus_pressure,swelled_lymph_nodes"
Pneumonia,chest_pain,"breathlessness,cough,phlegm,rusty_sputum","chills,high_fever,sweating",,,,,,"fatigue,malaise",,,,fast_heart_rate
Dimorphic hemmorhoids(piles),"pain_during_bowel_movements,pain_in_anal_region",,,constipation,,,,,,,,,"bloody_stool,irritation_in_anus"
Heart attack,chest_pain,breathlessness,sweating,vomiting,,,,,,,,,
Varicose veins,cramps,,,,,,,,fatigue,,,obesity,"bruising,prominent_veins_on_calf,swollen_blood_vessels,swollen_legs"
Hypothyroidism,,,,,,,dizziness,puffy_face_and_eyes,"fatigue,lethargy","depression,irritability,mood_swings",,weight_gain,"abnormal_menstruation,brittle_nails,cold_hands_and_feets,enlarged_thyroid,swollen_extremeties"
Hyperthyroidism,,,sweating,diarrhoea,,,muscle_weakness,,"excessive_hunger,fatigue","irritability,mood_swings,restlessness",,weight_loss,"abnormal_menstruation,fast_heart_rate"
Hypoglycemia,headache,,sweating,"nausea,vomiting",,,slurred_speech,blurred_and_distorted_vision,"excessive_hunger,fatigue","anxiety,irritability",,,"drying_and_tingling_lips,palpitations"
Osteoarthristis,"hip_joint_pain,joint_pain,knee_pain,neck_pain,painful_walking",,,,,,,,,,swelling_joints,,
Arthritis,painful_walking,,,,,,muscle_weakness,,,,"movement_stiffness,stiff_neck,swelling_joints",,
(vertigo) Paroymsal  Positional Vertigo,headache,,,"nausea,vomiting",,,"loss_of_balance,unsteadiness",,,,spinning_movements,,
Acne,,,,,,"blackheads,pus_filled_pimples,skin_rash",,,,,,,scurring
Urinary tract infection,,,,,"bladder_discomfort,burning_micturition,continuous_feel_of_urine,foul_smell_of_urine",,,,,,,,
Psoriasis,joint_pain,,,,,"skin_peeling,skin_rash",,,,,,,"inflammatory_nails,silver_like_dusting,small_dents_in_nails"
Impetigo,red_sore_around_nose,,high_fever,,,"blister,skin_rash",,,,,,,yellow_crust_ooze
Fungal infection,,,,,,"dischromic__patches,itching,nodal_skin_eruptions,skin_rash",,,,,,,
Allergy,,continuous_sneezing,"chills,shivering",,,,,watering_from_eyes,,,,,
GERD,"chest_pain,stomach_pain",cough,,"acidity,vomiting",,,,,,,,,ulcers_on_tongue
Chronic cholestasis,abdominal_pain,,,"nausea,vomiting",,"itching,yellowish_skin",,yellowing_of_eyes,loss_of_appetite,,,,
Drug Reaction,stomach_pain,,,,"burning_micturition,spotting__urination","itching,skin_rash",,,,,,,
Peptic ulcer diseae,abdominal_pain,,,"indigestion,passage_of_gases,vomiting",,internal_itching,,,loss_of_appetite,,,,
AIDS,,patches_in_throat,high_fever,,,,,,,,muscle_wasting,,extra_marital_contacts
Diabetes ,,,,,polyuria,,,blurred_and_distorted_vision,"excessive_hunger,fatigue,increased_appetite,lethargy",restlessness,,"obesity,weight_loss",irregular_sugar_level
Gastroenteritis,,,,"diarrhoea,vomiting",,,,sunken_eyes,,,,,dehydration
Bronchial Asthma,,"breathlessness,cough,mucoid_sputum",high_fever,,,,,,fatigue,,,,family_history
Hypertension ,"chest_pain,headache",,,,,,"dizziness,loss_of_balance",,,lack_of_concentration,,,
Migraine,headache,,,"acidity,indigestion",,,,blurred_and_distorted_vision,excessive_hunger,"depression,irritability",stiff_neck,,visual_disturbances
Cervical spondylosis,"back_pain,neck_pain",,,,,,"dizziness,loss_of_balance,weakness_in_limbs",,,,,,
Paralysis (brain hemorrhage),headache,,,vomiting,,,"altered_sensorium,weakness_of_one_body_side",,,,,,
Jaundice,abdominal_pain,,high_fever,vomiting,dark_urine,"itching,yellowish_skin",,,fatigue,,,weight_loss,
Malaria,"headache,muscle_pain",,"chills,high_fever,sweating","diarrhoea,nausea,vomiting",,,,,,,,,
Chicken pox,headache,,"high_fever,mild_fever",,,"itching,skin_rash",,,"fatigue,lethargy,loss_of_appetite,malaise",,,,"red_spots_over_body,swelled_lymph_nodes"
Dengue,"back_pain,headache,joint_pain,muscle_pain,pain_behind_the_eyes",,"chills,high_fever","nausea,vomiting",,skin_rash,,,"fatigue,loss_of_appetite,malaise",,,,red_spots_over_body
Typhoid,"abdominal_pain,belly_pain,headache",,"chills,high_fever","constipation,diarrhoea,nausea,vomiting",,,,,fatigue,,,,toxic_look_(typhos)
hepatitis A,"abdominal_pain,joint_pain,muscle_pain",,mild_fever,"diarrhoea,nausea,vomiting",dark_urine,yellowish_skin,,yellowing_of_eyes,loss_of_appetite,,,,
Hepatitis B,abdominal_pain,,,,"dark_urine,yellow_urine","itching,yellowish_skin",,yellowing_of_eyes,"fatigue,lethargy,loss_of_appetite,malaise",,,,"receiving_blood_transfusion,receiving_unsterile_injections"
Hepatitis C,,,,nausea,,yellowish_skin,,yellowing_of_eyes,"fatigue,loss_of_appetite",,,,family_history
Hepatitis D,"abdominal_pain,joint_pain",,,"nausea,vomiting",dark_urine,yellowish_skin,,yellowing_of_eyes,"fatigue,loss_of_appetite",,,,
Hepatitis E,"abdominal_pain,joint_pain",,high_fever,"nausea,stomach_bleeding,vomiting",dark_urine,yellowish_skin,coma,yellowing_of_eyes,"fatigue,loss_of_appetite",,,,acute_liver_failure
Alcoholic hepatitis,abdominal_pain,,,"swelling_of_stomach,vomiting",,yellowish_skin,,,,,,,"distention_of_abdomen,fluid_overload,history_of_alcohol_consumption"
Tuberculosis,chest_pain,"blood_in_sputum,breathlessness,cough,phlegm","chills,high_fever,mild_fever,sweating",vomiting,,,,yellowing_of_eyes,"fatigue,loss_of_appetite,malaise",,,weight_loss,swelled_lymph_nodes
Common Cold,"chest_pain,headache,muscle_pain","congestion,continuous_sneezing,cough,phlegm,runny_nose,throat_irritation","chills,high_fever",,,redness_of_eyes,,,"fatigue,malaise",,,,"loss_of_smell,sinus_pressure,swelled_lymph_nodes"
Pneumonia,chest_pain,"breathlessness,cough,phlegm,rusty_sputum","chills,high_fever,sweating",,,,,,"fatigue,malaise",,,,fast_heart_rate
Dimorphic hemmorhoids(piles),"pain_during_bowel_movements,pain_in_anal_region",,,constipation,,,,,,,,,"bloody_stool,irritation_in_anus"
Heart attack,chest_pain,breathlessness,sweating,vomiting,,,,,,,,,
Varicose veins,cramps,,,,,,,,fatigue,,,obesity,"bruising,prominent_veins_on_calf,swollen_blood_vessels,swollen_legs"
Hypothyroidism,,,,,,,dizziness,puffy_face_and_eyes,"fatigue,lethargy","depression,irritability,mood_swings",,weight_gain,"abnormal_menstruation,brittle_nails,cold_hands_and_feets,enlarged_thyroid,swollen_extremeties"
Hyperthyroidism,,,sweating,diarrhoea,,,muscle_weakness,,"excessive_hunger,fatigue","irritability,mood_swings,restlessness",,weight_loss,"abnormal_menstruation,fast_heart_rate"
Hypoglycemia,headache,,sweating,"nausea,vomiting",,,slurred_speech,blurred_and_distorted_vision,"excessive_hunger,fatigue","anxiety,irritability",,,"drying_and_tingling_lips,palpitations"
Osteoarthristis,"hip_joint_pain,joint_pain,knee_pain,neck_pain,painful_walking",,,,,,,,,,swelling_joints,,
Arthritis,painful_walking,,,,,,muscle_weakness,,,,"movement_stiffness,stiff_neck,swelling_joints",,
(vertigo) Paroymsal  Positional Vertigo,headache,,,"nausea,vomiting",,,"loss_of_balance,unsteadiness",,,,spinning_movements,,
Acne,,,,,,"blackheads,pus_filled_pimples,skin_rash",,,,,,,scurring
Urinary tract infection,,,,,"bladder_discomfort,burning_micturition,continuous_feel_of_urine,foul_smell_of_urine",,,,,,,,
Psoriasis,joint_pain,,,,,"skin_peeling,skin_rash",,,,,,,"inflammatory_nails,silver_like_dusting,small_dents_in_nails"
Impetigo,red_sore_around_nose,,high_fever,,,"blister,skin_rash",,,,,,,yellow_crust_ooze
Fungal infection,,,,,,"dischromic__patches,itching,nodal_skin_eruptions,skin_rash",,,,,,,
Allergy,,continuous_sneezing,"chills,shivering",,,,,watering_from_eyes,,,,,
GERD,"chest_pain,stomach_pain",cough,,"acidity,vomiting",,,,,,,,,ulcers_on_tongue
Chronic cholestasis,abdominal_pain,,,"nausea,vomiting",,"itching,yellowish_skin",,yellowing_of_eyes,loss_of_appetite,,,,
Drug Reaction,stomach_pain,,,,"burning_micturition,spotting__urination","itching,skin_rash",,,,,,,
Peptic ulcer diseae,abdominal_pain,,,"indigestion,passage_of_gases,vomiting",,internal_itching,,,loss_of_appetite,,,,
AIDS,,patches_in_throat,high_fever,,,,,,,,muscle_wasting,,extra_marital_contacts
Diabetes ,,,,,polyuria,,,blurred_and_distorted_vision,"excessive_hunger,fatigue,increased_appetite,lethargy",restlessness,,"obesity,weight_loss",irregular_sugar_level
Gastroenteritis,,,,"diarrhoea,vomiting",,,,sunken_eyes,,,,,dehydration
Bronchial Asthma,,"breathlessness,cough,mucoid_sputum",high_fever,,,,,,fatigue,,,,family_history
Hypertension ,"chest_pain,headache",,,,,,"dizziness,loss_of_balance",,,lack_of_concentration,,,
Migraine,headache,,,"acidity,indigestion",,,,blurred_and_distorted_vision,excessive_hunger,"depression,irritability",stiff_neck,,visual_disturbances
Cervical spondylosis,"back_pain,neck_pain",,,,,,"dizziness,loss_of_balance,weakness_in_limbs",,,,,,
Paralysis (brain hemorrhage),headache,,,vomiting,,,"altered_sensorium,weakness_of_one_body_side",,,,,,
Jaundice,abdominal_pain,,high_fever,vomiting,dark_urine,"itching,yellowish_skin",,,fatigue,,,weight_loss,
Malaria,"headache,muscle_pain",,"chills,high_fever,sweating","diarrhoea,nausea,vomiting",,,,,,,,,
Chicken pox,headache,,"high_fever,mild_fever",,,"itching,skin_rash",,,"fatigue,lethargy,loss_of_appetite,malaise",,,,"red_spots_over_body,swelled_lymph_nodes"
Dengue,"back_pain,headache,joint_pain,muscle_pain,pain_behind_the_eyes",,"chills,high_fever","nausea,vomiting",,skin_rash,,,"fatigue,loss_of_appetite,malaise",,,,red_spots_over_body
Typhoid,"abdominal_pain,belly_pain,headache",,"chills,high_fever","constipation,diarrhoea,nausea,vomiting",,,,,fatigue,,,,toxic_look_(typhos)
hepatitis A,"abdominal_pain,joint_pain,muscle_pain",,mild_fever,"diarrhoea,nausea,vomiting",dark_urine,yellowish_skin,,yellowing_of_eyes,loss_of_appetite,,,,
Hepatitis B,abdominal_pain,,,,"dark_urine,yellow_urine","itching,yellowish_skin",,yellowing_of_eyes,"fatigue,lethargy,loss_of_appetite,malaise",,,,"receiving_blood_transfusion,receiving_unsterile_injections"
Hepatitis C,,,,nausea,,yellowish_skin,,yellowing_of_eyes,"fatigue,loss_of_appetite",,,,family_history
Hepatitis D,"abdominal_pain,joint_pain",,,"nausea,vomiting",dark_urine,yellowish_skin,,yellowing_of_eyes,"fatigue,loss_of_appetite",,,,
Hepatitis E,"abdominal_pain,joint_pain",,high_fever,"nausea,stomach_bleeding,vomiting",dark_urine,yellowish_skin,coma,yellowing_of_eyes,"fatigue,loss_of_appetite",,,,acute_liver_failure
Alcoholic hepatitis,abdominal_pain,,,"swelling_of_stomach,vomiting",,yellowish_skin,,,,,,,"distention_of_abdomen,fluid_overload,history_of_alcohol_consumption"
Tuberculosis,chest_pain,"blood_in_sputum,breathlessness,cough,phlegm","chills,high_fever,mild_fever,sweating",vomiting,,,,yellowing_of_eyes,"fatigue,loss_of_appetite,malaise",,,weight_loss,swelled_lymph_nodes
Common Cold,"chest_pain,headache,muscle_pain","congestion,continuous_sneezing,cough,phlegm,runny_nose,throat_irritation","chills,high_fever",,,redness_of_eyes,,,"fatigue,malaise",,,,"loss_of_smell,sinus_pressure,swelled_lymph_nodes"
Pneumonia,chest_pain,"breathlessness,cough,phlegm,rusty_sputum","chills,high_fever,sweating",,,,,,"fatigue,malaise",,,,fast_heart_rate
Dimorphic hemmorhoids(piles),"pain_during_bowel_movements,pain_in_anal_region",,,constipation,,,,,,,,,"bloody_stool,irritation_in_anus"
Heart attack,chest_pain,breathlessness,sweating,vomiting,,,,,,,,,
Varicose veins,cramps,,,,,,,,fatigue,,,obesity,"bruising,prominent_veins_on_calf,swollen_blood_vessels,swollen_legs"
Hypothyroidism,,,,,,,dizziness,puffy_face_and_eyes,"fatigue,lethargy","depression,irritability,mood_swings",,weight_gain,"abnormal_menstruation,brittle_nails,cold_hands_and_feets,enlarged_thyroid,swollen_extremeties"
Hyperthyroidism,,,sweating,diarrhoea,,,muscle_weakness,,"excessive_hunger,fatigue","irritability,mood_swings,restlessness",,weight_loss,"abnormal_menstruation,fast_heart_rate"
Hypoglycemia,headache,,sweating,"nausea,vomiting",,,slurred_speech,blurred_and_distorted_vision,"excessive_hunger,fatigue","anxiety,irritability",,,"drying_and_tingling_lips,palpitations"
Osteoarthristis,"hip_joint_pain,joint_pain,knee_pain,neck_pain,painful_walking",,,,,,,,,,swelling_joints,,
Arthritis,painful_walking,,,,,,muscle_weakness,,,,"movement_stiffness,stiff_neck,swelling_joints",,
(vertigo) Paroymsal  Positional Vertigo,headache,,,"nausea,vomiting",,,"loss_of_balance,unsteadiness",,,,spinning_movements,,
Acne,,,,,,"blackheads,pus_filled_pimples,skin_rash",,,,,,,scurring
Urinary tract infection,,,,,"bladder_discomfort,burning_micturition,continuous_feel_of_urine,foul_smell_of_urine",,,,,,,,
Psoriasis,joint_pain,,,,,"skin_peeling,skin_rash",,,,,,,"inflammatory_nails,silver_like_dusting,small_dents_in_nails"
Impetigo,red_sore_around_nose,,high_fever,,,"blister,skin_rash",,,,,,,yellow_crust_ooze
Fungal infection,,,,,,"dischromic__patches,itching,nodal_skin_eruptions,skin_rash",,,,,,,
Allergy,,continuous_sneezing,"chills,shivering",,,,,watering_from_eyes,,,,,
GERD,"chest_pain,stomach_pain",cough,,"acidity,vomiting",,,,,,,,,ulcers_on_tongue
Chronic cholestasis,abdominal_pain,,,"nausea,vomiting",,"itching,yellowish_skin",,yellowing_of_eyes,loss_of_appetite,,,,
Drug Reaction,stomach_pain,,,,"burning_micturition,spotting__urination","itching,skin_rash",,,,,,,
Peptic ulcer diseae,abdominal_pain,,,"indigestion,passage_of_gases,vomiting",,internal_itching,,,loss_of_appetite,,,,
AIDS,,patches_in_throat,high_fever,,,,,,,,muscle_wasting,,extra_marital_contacts
Diabetes ,,,,,polyuria,,,blurred_and_distorted_vision,"excessive_hunger,fatigue,increased_appetite,lethargy",restlessness,,"obesity,weight_loss",irregular_sugar_level
Gastroenteritis,,,,"diarrhoea,vomiting",,,,sunken_eyes,,,,,dehydration
Bronchial Asthma,,"breathlessness,cough,mucoid_sputum",high_fever,,,,,,fatigue,,,,family_history
Hypertension ,"chest_pain,headache",,,,,,"dizziness,loss_of_balance",,,lack_of_concentration,,,
Migraine,headache,,,"acidity,indigestion",,,,blurred_and_distorted_vision,excessive_hunger,"depression,irritability",stiff_neck,,visual_disturbances
Cervical spondylosis,"back_pain,neck_pain",,,,,,"dizziness,loss_of_balance,weakness_in_limbs",,,,,,
Paralysis (brain hemorrhage),headache,,,vomiting,,,"altered_sensorium,weakness_of_one_body_side",,,,,,
Jaundice,abdominal_pain,,high_fever,vomiting,dark_urine,"itching,yellowish_skin",,,fatigue,,,weight_loss,
Malaria,"headache,muscle_pain",,"chills,high_fever,sweating","diarrhoea,nausea,vomiting",,,,,,,,,
Chicken pox,headache,,"high_fever,mild_fever",,,"itching,skin_rash",,,"fatigue,lethargy,loss_of_appetite,malaise",,,,"red_spots_over_body,swelled_lymph_nodes"
Dengue,"back_pain,headache,joint_pain,muscle_pain,pain_behind_the_eyes",,"chills,high_fever","nausea,vomiting",,skin_rash,,,"fatigue,loss_of_appetite,malaise",,,,red_spots_over_body
Typhoid,"abdominal_pain,belly_pain,headache",,"chills,high_fever","constipation,diarrhoea,nausea,vomiting",,,,,fatigue,,,,toxic_look_(typhos)
hepatitis A,"abdominal_pain,joint_pain,muscle_pain",,mild_fever,"diarrhoea,nausea,vomiting",dark_urine,yellowish_skin,,yellowing_of_eyes,loss_of_appetite,,,,
Hepatitis B,abdominal_pain,,,,"dark_urine,yellow_urine","itching,yellowish_skin",,yellowing_of_eyes,"fatigue,lethargy,loss_of_appetite,malaise",,,,"receiving_blood_transfusion,receiving_unsterile_injections"
Hepatitis C,,,,nausea,,yellowish_skin,,yellowing_of_eyes,"fatigue,loss_of_appetite",,,,family_history
Hepatitis D,"abdominal_pain,joint_pain",,,"nausea,vomiting",dark_urine,yellowish_skin,,yellowing_of_eyes,"fatigue,loss_of_appetite",,,,
Hepatitis E,"abdominal_pain,joint_pain",,high_fever,"nausea,stomach_bleeding,vomiting",dark_urine,yellowish_skin,coma,yellowing_of_eyes,"fatigue,loss_of_appetite",,,,acute_liver_failure
Alcoholic hepatitis,abdominal_pain,,,"swelling_of_stomach,vomiting",,yellowish_skin,,,,,,,"distention_of_abdomen,fluid_overload,history_of_alcohol_consumption"
Tuberculosis,chest_pain,"blood_in_sputum,breathlessness,cough,phlegm","chills,high_fever,mild_fever,sweating",vomiting,,,,yellowing_of_eyes,"fatigue,loss_of_appetite,malaise",,,weight_loss,swelled_lymph_nodes
Common Cold,"chest_pain,headache,muscle_pain","congestion,continuous_sneezing,cough,phlegm,runny_nose,throat_irritation","chills,high_fever",,,redness_of_eyes,,,"fatigue,malaise",,,,"loss_of_smell,sinus_pressure,swelled_lymph_nodes"
Pneumonia,chest_pain,"breathlessness,cough,phlegm,rusty_sputum","chills,high_fever,sweating",,,,,,"fatigue,malaise",,,,fast_heart_rate
Dimorphic hemmorhoids(piles),"pain_during_bowel_movements,pain_in_anal_region",,,constipation,,,,,,,,,"bloody_stool,irritation_in_anus"
Heart attack,chest_pain,breathlessness,sweating,vomiting,,,,,,,,,
Varicose veins,cramps,,,,,,,,fatigue,,,obesity,"bruising,prominent_veins_on_calf,swollen_blood_vessels,swollen_legs"
Hypothyroidism,,,,,,,dizziness,puffy_face_and_eyes,"fatigue,lethargy","depression,irritability,mood_swings",,weight_gain,"abnormal_menstruation,brittle_nails,cold_hands_and_feets,enlarged_thyroid,swollen_extremeties"
Hyperthyroidism,,,sweating,diarrhoea,,,muscle_weakness,,"excessive_hunger,fatigue","irritability,mood_swings,restlessness",,weight_loss,"abnormal_menstruation,fast_heart_rate"
Hypoglycemia,headache,,sweating,"nausea,vomiting",,,slurred_speech,blurred_and_distorted_vision,"excessive_hunger,fatigue","anxiety,irritability",,,"drying_and_tingling_lips,palpitations"
Osteoarthristis,"hip_joint_pain,joint_pain,knee_pain,neck_pain,painful_walking",,,,,,,,,,swelling_joints,,
Arthritis,painful_walking,,,,,,muscle_weakness,,,,"movement_stiffness,stiff_neck,swelling_joints",,
(vertigo) Paroymsal  Positional Vertigo,headache,,,"nausea,vomiting",,,"loss_of_balance,unsteadiness",,,,spinning_movements,,
Acne,,,,,,"blackheads,pus_filled_pimples,skin_rash",,,,,,,scurring
Urinary tract infection,,,,,"bladder_discomfort,burning_micturition,continuous_feel_of_urine,foul_smell_of_urine",,,,,,,,
Psoriasis,joint_pain,,,,,"skin_peeling,skin_rash",,,,,,,"inflammatory_nails,silver_like_dusting,small_dents_in_nails"
Impetigo,red_sore_around_nose,,high_fever,,,"blister,skin_rash",,,,,,,yellow_crust_ooze
Fungal infection,,,,,,"dischromic__patches,itching,nodal_skin_eruptions,skin_rash",,,,,,,
Allergy,,continuous_sneezing,"chills,shivering",,,,,watering_from_eyes,,,,,
GERD,"chest_pain,stomach_pain",cough,,"acidity,vomiting",,,,,,,,,ulcers_on_tongue
Chronic cholestasis,abdominal_pain,,,"nausea,vomiting",,"itching,yellowish_skin",,yellowing_of_eyes,loss_of_appetite,,,,
Drug Reaction,stomach_pain,,,,"burning_micturition,spotting__urination","itching,skin_rash",,,,,,,
Peptic ulcer diseae,abdominal_pain,,,"indigestion,passage_of_gases,vomiting",,internal_itching,,,loss_of_appetite,,,,
AIDS,,patches_in_throat,high_fever,,,,,,,,muscle_wasting,,extra_marital_contacts
Diabetes ,,,,,polyuria,,,blurred_and_distorted_vision,"excessive_hunger,fatigue,increased_appetite,lethargy",restlessness,,"obesity,weight_loss",irregular_sugar_level
Gastroenteritis,,,,"diarrhoea,vomiting",,,,sunken_eyes,,,,,dehydration
Bronchial Asthma,,"breathlessness,cough,mucoid_sputum",high_fever,,,,,,fatigue,,,,family_history
Hypertension ,"chest_pain,headache",,,,,,"dizziness,loss_of_balance",,,lack_of_concentration,,,
Migraine,headache,,,"acidity,indigestion",,,,blurred_and_distorted_vision,excessive_hunger,"depression,irritability",stiff_neck,,visual_disturbances
Cervical spondylosis,"back_pain,neck_pain",,,,,,"dizziness,loss_of_balance,weakness_in_limbs",,,,,,
Paralysis (brain hemorrhage),headache,,,vomiting,,,"altered_sensorium,weakness_of_one_body_side",,,,,,
Jaundice,abdominal_pain,,high_fever,vomiting,dark_urine,"itching,yellowish_skin",,,fatigue,,,weight_loss,
Malaria,"headache,muscle_pain",,"chills,high_fever,sweating","diarrhoea,nausea,vomiting",,,,,,,,,
Chicken pox,headache,,"high_fever,mild_fever",,,"itching,skin_rash",,,"fatigue,lethargy,loss_of_appetite,malaise",,,,"red_spots_over_body,swelled_lymph_nodes"
Dengue,"back_pain,headache,joint_pain,muscle_pain,pain_behind_the_eyes",,"chills,high_fever","nausea,vomiting",,skin_rash,,,"fatigue,loss_of_appetite,malaise",,,,red_spots_over_body
Typhoid,"abdominal_pain,belly_pain,headache",,"chills,high_fever","constipation,diarrhoea,nausea,vomiting",,,,,fatigue,,,,toxic_look_(typhos)
hepatitis A,"abdominal_pain,joint_pain,muscle_pain",,mild_fever,"diarrhoea,nausea,vomiting",dark_urine,yellowish_skin,,yellowing_of_eyes,loss_of_appetite,,,,
Hepatitis B,abdominal_pain,,,,"dark_urine,yellow_urine","itching,yellowish_skin",,yellowing_of_eyes,"fatigue,lethargy,loss_of_appetite,malaise",,,,"receiving_blood_transfusion,receiving_unsterile_injections"
Hepatitis C,,,,nausea,,yellowish_skin,,yellowing_of_eyes,"fatigue,loss_of_appetite",,,,family_history
Hepatitis D,"abdominal_pain,joint_pain",,,"nausea,vomiting",dark_urine,yellowish_skin,,yellowing_of_eyes,"fatigue,loss_of_appetite",,,,
Hepatitis E,"abdominal_pain,joint_pain",,high_fever,"nausea,stomach_bleeding,vomiting",dark_urine,yellowish_skin,coma,yellowing_of_eyes,"fatigue,loss_of_appetite",,,,acute_liver_failure
Alcoholic hepatitis,abdominal_pain,,,"swelling_of_stomach,vomiting",,yellowish_skin,,,,,,,"distention_of_abdomen,fluid_overload,history_of_alcohol_consumption"
Tuberculosis,chest_pain,"blood_in_sputum,breathlessness,cough,phlegm","chills,high_fever,mild_fever,sweating",vomiting,,,,yellowing_of_eyes,"fatigue,loss_of_appetite,malaise",,,weight_loss,swelled_lymph_nodes
Common Cold,"chest_pain,headache,muscle_pain","congestion,continuous_sneezing,cough,phlegm,runny_nose,throat_irritation","chills,high_fever",,,redness_of_eyes,,,"fatigue,malaise",,,,"loss_of_smell,sinus_pressure,swelled_lymph_nodes"
Pneumonia,chest_pain,"breathlessness,cough,phlegm,rusty_sputum","chills,high_fever,sweating",,,,,,"fatigue,malaise",,,,fast_heart_rate
Dimorphic hemmorhoids(piles),"pain_during_bowel_movements,pain_in_anal_region",,,constipation,,,,,,,,,"bloody_stool,irritation_in_anus"
Heart attack,chest_pain,breathlessness,sweating,vomiting,,,,,,,,,
Varicose veins,cramps,,,,,,,,fatigue,,,obesity,"bruising,prominent_veins_on_calf,swollen_blood_vessels,swollen_legs"
Hypothyroidism,,,,,,,dizziness,puffy_face_and_eyes,"fatigue,lethargy","depression,irritability,mood_swings",,weight_gain,"abnormal_menstruation,brittle_nails,cold_hands_and_feets,enlarged_thyroid,swollen_extremeties"
Hyperthyroidism,,,sweating,diarrhoea,,,muscle_weakness,,"excessive_hunger,fatigue","irritability,mood_swings,restlessness",,weight_loss,"abnormal_menstruation,fast_heart_rate"
Hypoglycemia,headache,,sweating,"nausea,vomiting",,,slurred_speech,blurred_and_distorted_vision,"excessive_hunger,fatigue","anxiety,irritability",,,"drying_and_tingling_lips,palpitations"
Osteoarthristis,"hip_joint_pain,joint_pain,knee_pain,neck_pain,painful_walking",,,,,,,,,,swelling_joints,,
Arthritis,painful_walking,,,,,,muscle_weakness,,,,"movement_stiffness,stiff_neck,swelling_joints",,
(vertigo) Paroymsal  Positional Vertigo,headache,,,"nausea,vomiting",,,"loss_of_balance,unsteadiness",,,,spinning_movements,,
Acne,,,,,,"blackheads,pus_filled_pimples,skin_rash",,,,,,,scurring
Urinary tract infection,,,,,"bladder_discomfort,burning_micturition,continuous_feel_of_urine,foul_smell_of_urine",,,,,,,,
Psoriasis,joint_pain,,,,,"skin_peeling,skin_rash",,,,,,,"inflammatory_nails,silver_like_dusting,small_dents_in_nails"
Impetigo,red_sore_around_nose,,high_fever,,,"blister,skin_rash",,,,,,,yellow_crust_ooze
Fungal infection,,,,,,"dischromic__patches,itching,nodal_skin_eruptions,skin_rash",,,,,,,
Allergy,,continuous_sneezing,"chills,shivering",,,,,watering_from_eyes,,,,,
GERD,"chest_pain,stomach_pain",cough,,"acidity,vomiting",,,,,,,,,ulcers_on_tongue
Chronic cholestasis,abdominal_pain,,,"nausea,vomiting",,"itching,yellowish_skin",,yellowing_of_eyes,loss_of_appetite,,,,
Drug Reaction,stomach_pain,,,,"burning_micturition,spotting__urination","itching,skin_rash",,,,,,,
Peptic ulcer diseae,abdominal_pain,,,"indigestion,passage_of_gases,vomiting",,internal_itching,,,loss_of_appetite,,,,
AIDS,,patches_in_throat,high_fever,,,,,,,,muscle_wasting,,extra_marital_contacts
Diabetes ,,,,,polyuria,,,blurred_and_distorted_vision,"excessive_hunger,fatigue,increased_appetite,lethargy",restlessness,,"obesity,weight_loss",irregular_sugar_level
Gastroenteritis,,,,"diarrhoea,vomiting",,,,sunken_eyes,,,,,dehydration
Bronchial Asthma,,"breathlessness,cough,mucoid_sputum",high_fever,,,,,,fatigue,,,,family_history
Hypertension ,"chest_pain,headache",,,,,,"dizziness,loss_of_balance",,,lack_of_concentration,,,
Migraine,headache,,,"acidity,indigestion",,,,blurred_and_distorted_vision,excessive_hunger,"depression,irritability",stiff_neck,,visual_disturbances
Cervical spondylosis,"back_pain,neck_pain",,,,,,"dizziness,loss_of_balance,weakness_in_limbs",,,,,,
Paralysis (brain hemorrhage),headache,,,vomiting,,,"altered_sensorium,weakness_of_one_body_side",,,,,,
Jaundice,abdominal_pain,,high_fever,vomiting,dark_urine,"itching,yellowish_skin",,,fatigue,,,weight_loss,
Malaria,"headache,muscle_pain",,"chills,high_fever,sweating","diarrhoea,nausea,vomiting",,,,,,,,,
Chicken pox,headache,,"high_fever,mild_fever",,,"itching,skin_rash",,,"fatigue,lethargy,loss_of_appetite,malaise",,,,"red_spots_over_body,swelled_lymph_nodes"
Dengue,"back_pain,headache,joint_pain,muscle_pain,pain_behind_the_eyes",,"chills,high_fever","nausea,vomiting",,skin_rash,,,"fatigue,loss_of_appetite,malaise",,,,red_spots_over_body
Typhoid,"abdominal_pain,belly_pain,headache",,"chills,high_fever","constipation,diarrhoea,nausea,vomiting",,,,,fatigue,,,,toxic_look_(typhos)
hepatitis A,"abdominal_pain,joint_pain,muscle_pain",,mild_fever,"diarrhoea,nausea,vomiting",dark_urine,yellowish_skin,,yellowing_of_eyes,loss_of_appetite,,,,
Hepatitis B,abdominal_pain,,,,"dark_urine,yellow_urine","itching,yellowish_skin",,yellowing_of_eyes,"fatigue,lethargy,loss_of_appetite,malaise",,,,"receiving_blood_transfusion,receiving_unsterile_injections"
Hepatitis C,,,,nausea,,yellowish_skin,,yellowing_of_eyes,"fatigue,loss_of_appetite",,,,family_history
Hepatitis D,"abdominal_pain,joint_pain",,,"nausea,vomiting",dark_urine,yellowish_skin,,yellowing_of_eyes,"fatigue,loss_of_appetite",,,,
Hepatitis E,"abdominal_pain,joint_pain",,high_fever,"nausea,stomach_bleeding,vomiting",dark_urine,yellowish_skin,coma,yellowing_of_eyes,"fatigue,loss_of_appetite",,,,acute_liver_failure
Alcoholic hepatitis,abdominal_pain,,,"swelling_of_stomach,vomiting",,yellowish_skin,,,,,,,"distention_of_abdomen,fluid_overload,history_of_alcohol_consumption"
Tuberculosis,chest_pain,"blood_in_sputum,breathlessness,cough,phlegm","chills,high_fever,mild_fever,sweating",vomiting,,,,yellowing_of_eyes,"fatigue,loss_of_appetite,malaise",,,weight_loss,swelled_lymph_nodes
Common Cold,"chest_pain,headache,muscle_pain","congestion,continuous_sneezing,cough,phlegm,runny_nose,throat_irritation","chills,high_fever",,,redness_of_eyes,,,"fatigue,malaise",,,,"loss_of_smell,sinus_pressure,swelled_lymph_nodes"
Pneumonia,chest_pain,"breathlessness,cough,phlegm,rusty_sputum","chills,high_fever,sweating",,,,,,"fatigue,malaise",,,,fast_heart_rate
Dimorphic hemmorhoids(piles),"pain_during_bowel_movements,pain_in_anal_region",,,constipation,,,,,,,,,"bloody_stool,irritation_in_anus"
Heart attack,chest_pain,breathlessness,sweating,vomiting,,,,,,,,,
Varicose veins,cramps,,,,,,,,fatigue,,,obesity,"bruising,prominent_veins_on_calf,swollen_blood_vessels,swollen_legs"
Hypothyroidism,,,,,,,dizziness,puffy_face_and_eyes,"fatigue,lethargy","depression,irritability,mood_swings",,weight_gain,"abnormal_menstruation,brittle_nails,cold_hands_and_feets,enlarged_thyroid,swollen_extremeties"
Hyperthyroidism,,,sweating,diarrhoea,,,muscle_weakness,,"excessive_hunger,fatigue","irritability,mood_swings,restlessness",,weight_loss,"abnormal_menstruation,fast_heart_rate"
Hypoglycemia,headache,,sweating,"nausea,vomiting",,,slurred_speech,blurred_and_distorted_vision,"excessive_hunger,fatigue","anxiety,irritability",,,"drying_and_tingling_lips,palpitations"
Osteoarthristis,"hip_joint_pain,joint_pain,knee_pain,neck_pain,painful_walking",,,,,,,,,,swelling_joints,,
Arthritis,painful_walking,,,,,,muscle_weakness,,,,"movement_stiffness,stiff_neck,swelling_joints",,
(vertigo) Paroymsal  Positional Vertigo,headache,,,"nausea,vomiting",,,"loss_of_balance,unsteadiness",,,,spinning_movements,,
Acne,,,,,,"blackheads,pus_filled_pimples,skin_rash",,,,,,,scurring
Urinary tract infection,,,,,"bladder_discomfort,burning_micturition,continuous_feel_of_urine,foul_smell_of_urine",,,,,,,,
Psoriasis,joint_pain,,,,,"skin_peeling,skin_rash",,,,,,,"inflammatory_nails,silver_like_dusting,small_dents_in_nails"
Impetigo,red_sore_around_nose,,high_fever,,,"blister,skin_rash",,,,,,,yellow_crust_ooze
Fungal infection,,,,,,"dischromic__patches,itching,nodal_skin_eruptions,skin_rash",,,,,,,
Allergy,,continuous_sneezing,"chills,shivering",,,,,watering_from_eyes,,,,,
GERD,"chest_pain,stomach_pain",cough,,"acidity,vomiting",,,,,,,,,ulcers_on_tongue
Chronic cholestasis,abdominal_pain,,,"nausea,vomiting",,"itching,yellowish_skin",,yellowing_of_eyes,loss_of_appetite,,,,
Drug Reaction,stomach_pain,,,,"burning_micturition,spotting__urination","itching,skin_rash",,,,,,,
Peptic ulcer diseae,abdominal_pain,,,"indigestion,passage_of_gases,vomiting",,internal_itching,,,loss_of_appetite,,,,
AIDS,,patches_in_throat,high_fever,,,,,,,,muscle_wasting,,extra_marital_contacts
Diabetes ,,,,,polyuria,,,blurred_and_distorted_vision,"excessive_hunger,fatigue,increased_appetite,lethargy",restlessness,,"obesity,weight_loss",irregular_sugar_level
Gastroenteritis,,,,"diarrhoea,vomiting",,,,sunken_eyes,,,,,dehydration
Bronchial Asthma,,"breathlessness,cough,mucoid_sputum",high_fever,,,,,,fatigue,,,,family_history
Hypertension ,"chest_pain,headache",,,,,,"dizziness,loss_of_balance",,,lack_of_concentration,,,
Migraine,headache,,,"acidity,indigestion",,,,blurred_and_distorted_vision,excessive_hunger,"depression,irritability",stiff_neck,,visual_disturbances
Cervical spondylosis,"back_pain,neck_pain",,,,,,"dizziness,loss_of_balance,weakness_in_limbs",,,,,,
Paralysis (brain hemorrhage),headache,,,vomiting,,,"altered_sensorium,weakness_of_one_body_side",,,,,,
Jaundice,abdominal_pain,,high_fever,vomiting,dark_urine,"itching,yellowish_skin",,,fatigue,,,weight_loss,
Malaria,"headache,muscle_pain",,"chills,high_fever,sweating","diarrhoea,nausea,vomiting",,,,,,,,,
Chicken pox,headache,,"high_fever,mild_fever",,,"itching,skin_rash",,,"fatigue,lethargy,loss_of_appetite,malaise",,,,"red_spots_over_body,swelled_lymph_nodes"
Dengue,"back_pain,headache,joint_pain,muscle_pain,pain_behind_the_eyes",,"chills,high_fever","nausea,vomiting",,skin_rash,,,"fatigue,loss_of_appetite,malaise",,,,red_spots_over_body
Typhoid,"abdominal_pain,belly_pain,headache",,"chills,high_fever","constipation,diarrhoea,nausea,vomiting",,,,,fatigue,,,,toxic_look_(typhos)
hepatitis A,"abdominal_pain,joint_pain,muscle_pain",,mild_fever,"diarrhoea,nausea,vomiting",dark_urine,yellowish_skin,,yellowing_of_eyes,loss_of_appetite,,,,
Hepatitis B,abdominal_pain,,,,"dark_urine,yellow_urine","itching,yellowish_skin",,yellowing_of_eyes,"fatigue,lethargy,loss_of_appetite,malaise",,,,"receiving_blood_transfusion,receiving_unsterile_injections"
Hepatitis C,,,,nausea,,yellowish_skin,,yellowing_of_eyes,"fatigue,loss_of_appetite",,,,family_history
Hepatitis D,"abdominal_pain,joint_pain",,,"nausea,vomiting",dark_urine,yellowish_skin,,yellowing_of_eyes,"fatigue,loss_of_appetite",,,,
Hepatitis E,"abdominal_pain,joint_pain",,high_fever,"nausea,stomach_bleeding,vomiting",dark_urine,yellowish_skin,coma,yellowing_of_eyes,"fatigue,loss_of_appetite",,,,acute_liver_failure
Alcoholic hepatitis,abdominal_pain,,,"swelling_of_stomach,vomiting",,yellowish_skin,,,,,,,"distention_of_abdomen,fluid_overload,history_of_alcohol_consumption"
Tuberculosis,chest_pain,"blood_in_sputum,breathlessness,cough,phlegm","chills,high_fever,mild_fever,sweating",vomiting,,,,yellowing_of_eyes,"fatigue,loss_of_appetite,malaise",,,weight_loss,swelled_lymph_nodes
Common Cold,"chest_pain,headache,muscle_pain","congestion,continuous_sneezing,cough,phlegm,runny_nose,throat_irritation","chills,high_fever",,,redness_of_eyes,,,"fatigue,malaise",,,,"loss_of_smell,sinus_pressure,swelled_lymph_nodes"
Pneumonia,chest_pain,"breathlessness,cough,phlegm,rusty_sputum","chills,high_fever,sweating",,,,,,"fatigue,malaise",,,,fast_heart_rate
Dimorphic hemmorhoids(piles),"pain_during_bowel_movements,pain_in_anal_region",,,constipation,,,,,,,,,"bloody_stool,irritation_in_anus"
Heart attack,chest_pain,breathlessness,sweating,vomiting,,,,,,,,,
Varicose veins,cramps,,,,,,,,fatigue,,,obesity,"bruising,prominent_veins_on_calf,swollen_blood_vessels,swollen_legs"
Hypothyroidism,,,,,,,dizziness,puffy_face_and_eyes,"fatigue,lethargy","depression,irritability,mood_swings",,weight_gain,"abnormal_menstruation,brittle_nails,cold_hands_and_feets,enlarged_thyroid,swollen_extremeties"
Hyperthyroidism,,,sweating,diarrhoea,,,muscle_weakness,,"excessive_hunger,fatigue","irritability,mood_swings,restlessness",,weight_loss,"abnormal_menstruation,fast_heart_rate"
Hypoglycemia,headache,,sweating,"nausea,vomiting",,,slurred_speech,blurred_and_distorted_vision,"excessive_hunger,fatigue","anxiety,irritability",,,"drying_and_tingling_lips,palpitations"
Osteoarthristis,"hip_joint_pain,joint_pain,knee_pain,neck_pain,painful_walking",,,,,,,,,,swelling_joints,,
Arthritis,painful_walking,,,,,,muscle_weakness,,,,"movement_stiffness,stiff_neck,swelling_joints",,
(vertigo) Paroymsal  Positional Vertigo,headache,,,"nausea,vomiting",,,"loss_of_balance,unsteadiness",,,,spinning_movements,,
Acne,,,,,,"blackheads,pus_filled_pimples,skin_rash",,,,,,,scurring
Urinary tract infection,,,,,"bladder_discomfort,burning_micturition,continuous_feel_of_urine,foul_smell_of_urine",,,,,,,,
Psoriasis,joint_pain,,,,,"skin_peeling,skin_rash",,,,,,,"inflammatory_nails,silver_like_dusting,small_dents_in_nails"
Impetigo,red_sore_around_nose,,high_fever,,,"blister,skin_rash",,,,,,,yellow_crust_ooze
Fungal infection,,,,,,"dischromic__patches,itching,nodal_skin_eruptions,skin_rash",,,,,,,
Allergy,,continuous_sneezing,"chills,shivering",,,,,watering_from_eyes,,,,,
GERD,"chest_pain,stomach_pain",cough,,"acidity,vomiting",,,,,,,,,ulcers_on_tongue
Chronic cholestasis,abdominal_pain,,,"nausea,vomiting",,"itching,yellowish_skin",,yellowing_of_eyes,loss_of_appetite,,,,
Drug Reaction,stomach_pain,,,,"burning_micturition,spotting__urination","itching,skin_rash",,,,,,,
Peptic ulcer diseae,abdominal_pain,,,"indigestion,passage_of_gases,vomiting",,internal_itching,,,loss_of_appetite,,,,
AIDS,,patches_in_throat,high_fever,,,,,,,,muscle_wasting,,extra_marital_contacts
Diabetes ,,,,,polyuria,,,blurred_and_distorted_vision,"excessive_hunger,fatigue,increased_appetite,lethargy",restlessness,,"obesity,weight_loss",irregular_sugar_level
Gastroenteritis,,,,"diarrhoea,vomiting",,,,sunken_eyes,,,,,dehydration
Bronchial Asthma,,"breathlessness,cough,mucoid_sputum",high_fever,,,,,,fatigue,,,,family_history
Hypertension ,"chest_pain,headache",,,,,,"dizziness,loss_of_balance",,,lack_of_concentration,,,
Migraine,headache,,,"acidity,indigestion",,,,blurred_and_distorted_vision,excessive_hunger,"depression,irritability",stiff_neck,,visual_disturbances
Cervical spondylosis,"back_pain,neck_pain",,,,,,"dizziness,loss_of_balance,weakness_in_limbs",,,,,,
Paralysis (brain hemorrhage),headache,,,vomiting,,,"altered_sensorium,weakness_of_one_body_side",,,,,,
Jaundice,abdominal_pain,,high_fever,vomiting,dark_urine,"itching,yellowish_skin",,,fatigue,,,weight_loss,
Malaria,"headache,muscle_pain",,"chills,high_fever,sweating","diarrhoea,nausea,vomiting",,,,,,,,,
Chicken pox,headache,,"high_fever,mild_fever",,,"itching,skin_rash",,,"fatigue,lethargy,loss_of_appetite,malaise",,,,"red_spots_over_body,swelled_lymph_nodes"
Dengue,"back_pain,headache,joint_pain,muscle_pain,pain_behind_the_eyes",,"chills,high_fever","nausea,vomiting",,skin_rash,,,"fatigue,loss_of_appetite,malaise",,,,red_spots_over_body
Typhoid,"abdominal_pain,belly_pain,headache",,"chills,high_fever","constipation,diarrhoea,nausea,vomiting",,,,,fatigue,,,,toxic_look_(typhos)
hepatitis A,"abdominal_pain,joint_pain,muscle_pain",,mild_fever,"diarrhoea,nausea,vomiting",dark_urine,yellowish_skin,,yellowing_of_eyes,loss_of_appetite,,,,
Hepatitis B,abdominal_pain,,,,"dark_urine,yellow_urine","itching,yellowish_skin",,yellowing_of_eyes,"fatigue,lethargy,loss_of_appetite,malaise",,,,"receiving_blood_transfusion,receiving_unsterile_injections"
Hepatitis C,,,,nausea,,yellowish_skin,,yellowing_of_eyes,"fatigue,loss_of_appetite",,,,family_history
Hepatitis D,"abdominal_pain,joint_pain",,,"nausea,vomiting",dark_urine,yellowish_skin,,yellowing_of_eyes,"fatigue,loss_of_appetite",,,,
Hepatitis E,"abdominal_pain,joint_pain",,high_fever,"nausea,stomach_bleeding,vomiting",dark_urine,yellowish_skin,coma,yellowing_of_eyes,"fatigue,loss_of_appetite",,,,acute_liver_failure
Alcoholic hepatitis,abdominal_pain,,,"swelling_of_stomach,vomiting",,yellowish_skin,,,,,,,"distention_of_abdomen,fluid_overload,history_of_alcohol_consumption"
Tuberculosis,chest_pain,"blood_in_sputum,breathlessness,cough,phlegm","chills,high_fever,mild_fever,sweating",vomiting,,,,yellowing_of_eyes,"fatigue,loss_of_appetite,malaise",,,weight_loss,swelled_lymph_nodes
Common Cold,"chest_pain,headache,muscle_pain","congestion,continuous_sneezing,cough,phlegm,runny_nose,throat_irritation","chills,high_fever",,,redness_of_eyes,,,"fatigue,malaise",,,,"loss_of_smell,sinus_pressure,swelled_lymph_nodes"
Pneumonia,chest_pain,"breathlessness,cough,phlegm,rusty_sputum","chills,high_fever,sweating",,,,,,"fatigue,malaise",,,,fast_heart_rate
Dimorphic hemmorhoids(piles),"pain_during_bowel_movements,pain_in_anal_region",,,constipation,,,,,,,,,"bloody_stool,irritation_in_anus"
Heart attack,chest_pain,breathlessness,sweating,vomiting,,,,,,,,,
Varicose veins,cramps,,,,,,,,fatigue,,,obesity,"bruising,prominent_veins_on_calf,swollen_blood_vessels,swollen_legs"
Hypothyroidism,,,,,,,dizziness,puffy_face_and_eyes,"fatigue,lethargy","depression,irritability,mood_swings",,weight_gain,"abnormal_menstruation,brittle_nails,cold_hands_and_feets,enlarged_thyroid,swollen_extremeties"
Hyperthyroidism,,,sweating,diarrhoea,,,muscle_weakness,,"excessive_hunger,fatigue","irritability,mood_swings,restlessness",,weight_loss,"abnormal_menstruation,fast_heart_rate"
Hypoglycemia,headache,,sweating,"nausea,vomiting",,,slurred_speech,blurred_and_distorted_vision,"excessive_hunger,fatigue","anxiety,irritability",,,"drying_and_tingling_lips,palpitations"
Osteoarthristis,"hip_joint_pain,joint_pain,knee_pain,neck_pain,painful_walking",,,,,,,,,,swelling_joints,,
Arthritis,painful_walking,,,,,,muscle_weakness,,,,"movement_stiffness,stiff_neck,swelling_joints",,
(vertigo) Paroymsal  Positional Vertigo,headache,,,"nausea,vomiting",,,"loss_of_balance,unsteadiness",,,,spinning_movements,,
Acne,,,,,,"blackheads,pus_filled_pimples,skin_rash",,,,,,,scurring
Urinary tract infection,,,,,"bladder_discomfort,burning_micturition,continuous_feel_of_urine,foul_smell_of_urine",,,,,,,,
Psoriasis,joint_pain,,,,,"skin_peeling,skin_rash",,,,,,,"inflammatory_nails,silver_like_dusting,small_dents_in_nails"
Impetigo,red_sore_around_nose,,high_fever,,,"blister,skin_rash",,,,,,,yellow_crust_ooze
Fungal infection,,,,,,"dischromic__patches,itching,nodal_skin_eruptions,skin_rash",,,,,,,
Allergy,,continuous_sneezing,"chills,shivering",,,,,watering_from_eyes,,,,,
GERD,"chest_pain,stomach_pain",cough,,"acidity,vomiting",,,,,,,,,ulcers_on_tongue
Chronic cholestasis,abdominal_pain,,,"nausea,vomiting",,"itching,yellowish_skin",,yellowing_of_eyes,loss_of_appetite,,,,
Drug Reaction,stomach_pain,,,,"burning_micturition,spotting__urination","itching,skin_rash",,,,,,,
Peptic ulcer diseae,abdominal_pain,,,"indigestion,passage_of_gases,vomiting",,internal_itching,,,loss_of_appetite,,,,
AIDS,,patches_in_throat,high_fever,,,,,,,,muscle_wasting,,extra_marital_contacts
Diabetes ,,,,,polyuria,,,blurred_and_distorted_vision,"excessive_hunger,fatigue,increased_appetite,lethargy",restlessness,,"obesity,weight_loss",irregular_sugar_level
Gastroenteritis,,,,"diarrhoea,vomiting",,,,sunken_eyes,,,,,dehydration
Bronchial Asthma,,"breathlessness,cough,mucoid_sputum",high_fever,,,,,,fatigue,,,,family_history
Hypertension ,"chest_pain,headache",,,,,,"dizziness,loss_of_balance",,,lack_of_concentration,,,
Migraine,headache,,,"acidity,indigestion",,,,blurred_and_distorted_vision,excessive_hunger,"depression,irritability",stiff_neck,,visual_disturbances
Cervical spondylosis,"back_pain,neck_pain",,,,,,"dizziness,loss_of_balance,weakness_in_limbs",,,,,,
Paralysis (brain hemorrhage),headache,,,vomiting,,,"altered_sensorium,weakness_of_one_body_side",,,,,,
Jaundice,abdominal_pain,,high_fever,vomiting,dark_urine,"itching,yellowish_skin",,,fatigue,,,weight_loss,
Malaria,"headache,muscle_pain",,"chills,high_fever,sweating","diarrhoea,nausea,vomiting",,,,,,,,,
Chicken pox,headache,,"high_fever,mild_fever",,,"itching,skin_rash",,,"fatigue,lethargy,loss_of_appetite,malaise",,,,"red_spots_over_body,swelled_lymph_nodes"
Dengue,"back_pain,headache,joint_pain,muscle_pain,pain_behind_the_eyes",,"chills,high_fever","nausea,vomiting",,skin_rash,,,"fatigue,loss_of_appetite,malaise",,,,red_spots_over_body
Typhoid,"abdominal_pain,belly_pain,headache",,"chills,high_fever","constipation,diarrhoea,nausea,vomiting",,,,,fatigue,,,,toxic_look_(typhos)
hepatitis A,"abdominal_pain,joint_pain,muscle_pain",,mild_fever,"diarrhoea,nausea,vomiting",dark_urine,yellowish_skin,,yellowing_of_eyes,loss_of_appetite,,,,
Hepatitis B,abdominal_pain,,,,"dark_urine,yellow_urine","itching,yellowish_skin",,yellowing_of_eyes,"fatigue,lethargy,loss_of_appetite,malaise",,,,"receiving_blood_transfusion,receiving_unsterile_injections"
Hepatitis C,,,,nausea,,yellowish_skin,,yellowing_of_eyes,"fatigue,loss_of_appetite",,,,family_history
Hepatitis D,"abdominal_pain,joint_pain",,,"nausea,vomiting",dark_urine,yellowish_skin,,yellowing_of_eyes,"fatigue,loss_of_appetite",,,,
Hepatitis E,"abdominal_pain,joint_pain",,high_fever,"nausea,stomach_bleeding,vomiting",dark_urine,yellowish_skin,coma,yellowing_of_eyes,"fatigue,loss_of_appetite",,,,acute_liver_failure
Alcoholic hepatitis,abdominal_pain,,,"swelling_of_stomach,vomiting",,yellowish_skin,,,,,,,"distention_of_abdomen,fluid_overload,history_of_alcohol_consumption"
Tuberculosis,chest_pain,"blood_in_sputum,breathlessness,cough,phlegm","chills,high_fever,mild_fever,sweating",vomiting,,,,yellowing_of_eyes,"fatigue,loss_of_appetite,malaise",,,weight_loss,swelled_lymph_nodes
Common Cold,"chest_pain,headache,muscle_pain","congestion,continuous_sneezing,cough,phlegm,runny_nose,throat_irritation","chills,high_fever",,,redness_of_eyes,,,"fatigue,malaise",,,,"loss_of_smell,sinus_pressure,swelled_lymph_nodes"
Pneumonia,chest_pain,"breathlessness,cough,phlegm,rusty_sputum","chills,high_fever,sweating",,,,,,"fatigue,malaise",,,,fast_heart_rate
Dimorphic hemmorhoids(piles),"pain_during_bowel_movements,pain_in_anal_region",,,constipation,,,,,,,,,"bloody_stool,irritation_in_anus"
Heart attack,chest_pain,breathlessness,sweating,vomiting,,,,,,,,,
Varicose veins,cramps,,,,,,,,fatigue,,,obesity,"bruising,prominent_veins_on_calf,swollen_blood_vessels,swollen_legs"
Hypothyroidism,,,,,,,dizziness,puffy_face_and_eyes,"fatigue,lethargy","depression,irritability,mood_swings",,weight_gain,"abnormal_menstruation,brittle_nails,cold_hands_and_feets,enlarged_thyroid,swollen_extremeties"
Hyperthyroidism,,,sweating,diarrhoea,,,muscle_weakness,,"excessive_hunger,fatigue","irritability,mood_swings,restlessness",,weight_loss,"abnormal_menstruation,fast_heart_rate"
Hypoglycemia,headache,,sweating,"nausea,vomiting",,,slurred_speech,blurred_and_distorted_vision,"excessive_hunger,fatigue","anxiety,irritability",,,"drying_and_tingling_lips,palpitations"
Osteoarthristis,"hip_joint_pain,joint_pain,knee_pain,neck_pain,painful_walking",,,,,,,,,,swelling_joints,,
Arthritis,painful_walking,,,,,,muscle_weakness,,,,"movement_stiffness,stiff_neck,swelling_joints",,
(vertigo) Paroymsal  Positional Vertigo,headache,,,"nausea,vomiting",,,"loss_of_balance,unsteadiness",,,,spinning_movements,,
Acne,,,,,,"blackheads,pus_filled_pimples,skin_rash",,,,,,,scurring
Urinary tract infection,,,,,"bladder_discomfort,burning_micturition,continuous_feel_of_urine,foul_smell_of_urine",,,,,,,,
Psoriasis,joint_pain,,,,,"skin_peeling,skin_rash",,,,,,,"inflammatory_nails,silver_like_dusting,small_dents_in_nails"
Impetigo,red_sore_around_nose,,high_fever,,,"blister,skin_rash",,,,,,,yellow_crust_ooze
Fungal infection,,,,,,"dischromic__patches,itching,nodal_skin_eruptions,skin_rash",,,,,,,
Allergy,,continuous_sneezing,"chills,shivering",,,,,watering_from_eyes,,,,,
GERD,"chest_pain,stomach_pain",cough,,"acidity,vomiting",,,,,,,,,ulcers_on_tongue
Chronic cholestasis,abdominal_pain,,,"nausea,vomiting",,"itching,yellowish_skin",,yellowing_of_eyes,loss_of_appetite,,,,
Drug Reaction,stomach_pain,,,,"burning_micturition,spotting__urination","itching,skin_rash",,,,,,,
Peptic ulcer diseae,abdominal_pain,,,"indigestion,passage_of_gases,vomiting",,internal_itching,,,loss_of_appetite,,,,
AIDS,,patches_in_throat,high_fever,,,,,,,,muscle_wasting,,extra_marital_contacts
Diabetes ,,,,,polyuria,,,blurred_and_distorted_vision,"excessive_hunger,fatigue,increased_appetite,lethargy",restlessness,,"obesity,weight_loss",irregular_sugar_level
Gastroenteritis,,,,"diarrhoea,vomiting",,,,sunken_eyes,,,,,dehydration
Bronchial Asthma,,"breathlessness,cough,mucoid_sputum",high_fever,,,,,,fatigue,,,,family_history
Hypertension ,"chest_pain,headache",,,,,,"dizziness,loss_of_balance",,,lack_of_concentration,,,
Migraine,headache,,,"acidity,indigestion",,,,blurred_and_distorted_vision,excessive_hunger,"depression,irritability",stiff_neck,,visual_disturbances
Cervical spondylosis,"back_pain,neck_pain",,,,,,"dizziness,loss_of_balance,weakness_in_limbs",,,,,,
Paralysis (brain hemorrhage),headache,,,vomiting,,,"altered_sensorium,weakness_of_one_body_side",,,,,,
Jaundice,abdominal_pain,,high_fever,vomiting,dark_urine,"itching,yellowish_skin",,,fatigue,,,weight_loss,
Malaria,"headache,muscle_pain",,"chills,high_fever,sweating","diarrhoea,nausea,vomiting",,,,,,,,,
Chicken pox,headache,,"high_fever,mild_fever",,,"itching,skin_rash",,,"fatigue,lethargy,loss_of_appetite,malaise",,,,"red_spots_over_body,swelled_lymph_nodes"
Dengue,"back_pain,headache,joint_pain,muscle_pain,pain_behind_the_eyes",,"chills,high_fever","nausea,vomiting",,skin_rash,,,"fatigue,loss_of_appetite,malaise",,,,red_spots_over_body
Typhoid,"abdominal_pain,belly_pain,headache",,"chills,high_fever","constipation,diarrhoea,nausea,vomiting",,,,,fatigue,,,,toxic_look_(typhos)
hepatitis A,"abdominal_pain,joint_pain,muscle_pain",,mild_fever,"diarrhoea,nausea,vomiting",dark_urine,yellowish_skin,,yellowing_of_eyes,loss_of_appetite,,,,
Hepatitis B,abdominal_pain,,,,"dark_urine,yellow_urine","itching,yellowish_skin",,yellowing_of_eyes,"fatigue,lethargy,loss_of_appetite,malaise",,,,"receiving_blood_transfusion,receiving_unsterile_injections"
Hepatitis C,,,,nausea,,yellowish_skin,,yellowing_of_eyes,"fatigue,loss_of_appetite",,,,family_history
Hepatitis D,"abdominal_pain,joint_pain",,,"nausea,vomiting",dark_urine,yellowish_skin,,yellowing_of_eyes,"fatigue,loss_of_appetite",,,,
Hepatitis E,"abdominal_pain,joint_pain",,high_fever,"nausea,stomach_bleeding,vomiting",dark_urine,yellowish_skin,coma,yellowing_of_eyes,"fatigue,loss_of_appetite",,,,acute_liver_failure
Alcoholic hepatitis,abdominal_pain,,,"swelling_of_stomach,vomiting",,yellowish_skin,,,,,,,"distention_of_abdomen,fluid_overload,history_of_alcohol_consumption"
Tuberculosis,chest_pain,"blood_in_sputum,breathlessness,cough,phlegm","chills,high_fever,mild_fever,sweating",vomiting,,,,yellowing_of_eyes,"fatigue,loss_of_appetite,malaise",,,weight_loss,swelled_lymph_nodes
Common Cold,"chest_pain,headache,muscle_pain","congestion,continuous_sneezing,cough,phlegm,runny_nose,throat_irritation","chills,high_fever",,,redness_of_eyes,,,"fatigue,malaise",,,,"loss_of_smell,sinus_pressure,swelled_lymph_nodes"
Pneumonia,chest_pain,"breathlessness,cough,phlegm,rusty_sputum","chills,high_fever,sweating",,,,,,"fatigue,malaise",,,,fast_heart_rate
Dimorphic hemmorhoids(piles),"pain_during_bowel_movements,pain_in_anal_region",,,constipation,,,,,,,,,"bloody_stool,irritation_in_anus"
Heart attack,chest_pain,breathlessness,sweating,vomiting,,,,,,,,,
Varicose veins,cramps,,,,,,,,fatigue,,,obesity,"bruising,prominent_veins_on_calf,swollen_blood_vessels,swollen_legs"
Hypothyroidism,,,,,,,dizziness,puffy_face_and_eyes,"fatigue,lethargy","depression,irritability,mood_swings",,weight_gain,"abnormal_menstruation,brittle_nails,cold_hands_and_feets,enlarged_thyroid,swollen_extremeties"
Hyperthyroidism,,,sweating,diarrhoea,,,muscle_weakness,,"excessive_hunger,fatigue","irritability,mood_swings,restlessness",,weight_loss,"abnormal_menstruation,fast_heart_rate"
Hypoglycemia,headache,,sweating,"nausea,vomiting",,,slurred_speech,blurred_and_distorted_vision,"excessive_hunger,fatigue","anxiety,irritability",,,"drying_and_tingling_lips,palpitations"
Osteoarthristis,"hip_joint_pain,joint_pain,knee_pain,neck_pain,painful_walking",,,,,,,,,,swelling_joints,,
Arthritis,painful_walking,,,,,,muscle_weakness,,,,"movement_stiffness,stiff_neck,swelling_joints",,
(vertigo) Paroymsal  Positional Vertigo,headache,,,"nausea,vomiting",,,"loss_of_balance,unsteadiness",,,,spinning_movements,,
Acne,,,,,,"blackheads,pus_filled_pimples,skin_rash",,,,,,,scurring
Urinary tract infection,,,,,"bladder_discomfort,burning_micturition,continuous_feel_of_urine,foul_smell_of_urine",,,,,,,,
Psoriasis,joint_pain,,,,,"skin_peeling,skin_rash",,,,,,,"inflammatory_nails,silver_like_dusting,small_dents_in_nails"
Impetigo,red_sore_around_nose,,high_fever,,,"blister,skin_rash",,,,,,,yellow_crust_ooze
Fungal infection,,,,,,"dischromic__patches,itching,nodal_skin_eruptions,skin_rash",,,,,,,
Allergy,,continuous_sneezing,"chills,shivering",,,,,watering_from_eyes,,,,,
GERD,"chest_pain,stomach_pain",cough,,"acidity,vomiting",,,,,,,,,ulcers_on_tongue
Chronic cholestasis,abdominal_pain,,,"nausea,vomiting",,"itching,yellowish_skin",,yellowing_of_eyes,loss_of_appetite,,,,
Drug Reaction,stomach_pain,,,,"burning_micturition,spotting__urination","itching,skin_rash",,,,,,,
Peptic ulcer diseae,abdominal_pain,,,"indigestion,passage_of_gases,vomiting",,internal_itching,,,loss_of_appetite,,,,
AIDS,,patches_in_throat,high_fever,,,,,,,,muscle_wasting,,extra_marital_contacts
Diabetes ,,,,,polyuria,,,blurred_and_distorted_vision,"excessive_hunger,fatigue,increased_appetite,lethargy",restlessness,,"obesity,weight_loss",irregular_sugar_level
Gastroenteritis,,,,"diarrhoea,vomiting",,,,sunken_eyes,,,,,dehydration
Bronchial Asthma,,"breathlessness,cough,mucoid_sputum",high_fever,,,,,,fatigue,,,,family_history
Hypertension ,"chest_pain,headache",,,,,,"dizziness,loss_of_balance",,,lack_of_concentration,,,
Migraine,headache,,,"acidity,indigestion",,,,blurred_and_distorted_vision,excessive_hunger,"depression,irritability",stiff_neck,,visual_disturbances
Cervical spondylosis,"back_pain,neck_pain",,,,,,"dizziness,loss_of_balance,weakness_in_limbs",,,,,,
Paralysis (brain hemorrhage),headache,,,vomiting,,,"altered_sensorium,weakness_of_one_body_side",,,,,,
Jaundice,abdominal_pain,,high_fever,vomiting,dark_urine,"itching,yellowish_skin",,,fatigue,,,weight_loss,
Malaria,"headache,muscle_pain",,"chills,high_fever,sweating","diarrhoea,nausea,vomiting",,,,,,,,,
Chicken pox,headache,,"high_fever,mild_fever",,,"itching,skin_rash",,,"fatigue,lethargy,loss_of_appetite,malaise",,,,"red_spots_over_body,swelled_lymph_nodes"
Dengue,"back_pain,headache,joint_pain,muscle_pain,pain_behind_the_eyes",,"chills,high_fever","nausea,vomiting",,skin_rash,,,"fatigue,loss_of_appetite,malaise",,,,red_spots_over_body
Typhoid,"abdominal_pain,belly_pain,headache",,"chills,high_fever","constipation,diarrhoea,nausea,vomiting",,,,,fatigue,,,,toxic_look_(typhos)
hepatitis A,"abdominal_pain,joint_pain,muscle_pain",,mild_fever,"diarrhoea,nausea,vomiting",dark_urine,yellowish_skin,,yellowing_of_eyes,loss_of_appetite,,,,
Hepatitis B,abdominal_pain,,,,"dark_urine,yellow_urine","itching,yellowish_skin",,yellowing_of_eyes,"fatigue,lethargy,loss_of_appetite,malaise",,,,"receiving_blood_transfusion,receiving_unsterile_injections"
Hepatitis C,,,,nausea,,yellowish_skin,,yellowing_of_eyes,"fatigue,loss_of_appetite",,,,family_history
Hepatitis D,"abdominal_pain,joint_pain",,,"nausea,vomiting",dark_urine,yellowish_skin,,yellowing_of_eyes,"fatigue,loss_of_appetite",,,,
Hepatitis E,"abdominal_pain,joint_pain",,high_fever,"nausea,stomach_bleeding,vomiting",dark_urine,yellowish_skin,coma,yellowing_of_eyes,"fatigue,loss_of_appetite",,,,acute_liver_failure
Alcoholic hepatitis,abdominal_pain,,,"swelling_of_stomach,vomiting",,yellowish_skin,,,,,,,"distention_of_abdomen,fluid_overload,history_of_alcohol_consumption"
Tuberculosis,chest_pain,"blood_in_sputum,breathlessness,cough,phlegm","chills,high_fever,mild_fever,sweating",vomiting,,,,yellowing_of_eyes,"fatigue,loss_of_appetite,malaise",,,weight_loss,swelled_lymph_nodes
Common Cold,"chest_pain,headache,muscle_pain","congestion,continuous_sneezing,cough,phlegm,runny_nose,throat_irritation","chills,high_fever",,,redness_of_eyes,,,"fatigue,malaise",,,,"loss_of_smell,sinus_pressure,swelled_lymph_nodes"
Pneumonia,chest_pain,"breathlessness,cough,phlegm,rusty_sputum","chills,high_fever,sweating",,,,,,"fatigue,malaise",,,,fast_heart_rate
Dimorphic hemmorhoids(piles),"pain_during_bowel_movements,pain_in_anal_region",,,constipation,,,,,,,,,"bloody_stool,irritation_in_anus"
Heart attack,chest_pain,breathlessness,sweating,vomiting,,,,,,,,,
Varicose veins,cramps,,,,,,,,fatigue,,,obesity,"bruising,prominent_veins_on_calf,swollen_blood_vessels,swollen_legs"
Hypothyroidism,,,,,,,dizziness,puffy_face_and_eyes,"fatigue,lethargy","depression,irritability,mood_swings",,weight_gain,"abnormal_menstruation,brittle_nails,cold_hands_and_feets,enlarged_thyroid,swollen_extremeties"
Hyperthyroidism,,,sweating,diarrhoea,,,muscle_weakness,,"excessive_hunger,fatigue","irritability,mood_swings,restlessness",,weight_loss,"abnormal_menstruation,fast_heart_rate"
Hypoglycemia,headache,,sweating,"nausea,vomiting",,,slurred_speech,blurred_and_distorted_vision,"excessive_hunger,fatigue","anxiety,irritability",,,"drying_and_tingling_lips,palpitations"
Osteoarthristis,"hip_joint_pain,joint_pain,knee_pain,neck_pain,painful_walking",,,,,,,,,,swelling_joints,,
Arthritis,painful_walking,,,,,,muscle_weakness,,,,"movement_stiffness,stiff_neck,swelling_joints",,
(vertigo) Paroymsal  Positional Vertigo,headache,,,"nausea,vomiting",,,"loss_of_balance,unsteadiness",,,,spinning_movements,,
Acne,,,,,,"blackheads,pus_filled_pimples,skin_rash",,,,,,,scurring
Urinary tract infection,,,,,"bladder_discomfort,burning_micturition,continuous_feel_of_urine,foul_smell_of_urine",,,,,,,,
Psoriasis,joint_pain,,,,,"skin_peeling,skin_rash",,,,,,,"inflammatory_nails,silver_like_dusting,small_dents_in_nails"
Impetigo,red_sore_around_nose,,high_fever,,,"blister,skin_rash",,,,,,,yellow_crust_ooze
Fungal infection,,,,,,"dischromic__patches,itching,nodal_skin_eruptions,skin_rash",,,,,,,
Allergy,,continuous_sneezing,"chills,shivering",,,,,watering_from_eyes,,,,,
GERD,"chest_pain,stomach_pain",cough,,"acidity,vomiting",,,,,,,,,ulcers_on_tongue
Chronic cholestasis,abdominal_pain,,,"nausea,vomiting",,"itching,yellowish_skin",,yellowing_of_eyes,loss_of_appetite,,,,
Drug Reaction,stomach_pain,,,,"burning_micturition,spotting__urination","itching,skin_rash",,,,,,,
Peptic ulcer diseae,abdominal_pain,,,"indigestion,passage_of_gases,vomiting",,internal_itching,,,loss_of_appetite,,,,
AIDS,,patches_in_throat,high_fever,,,,,,,,muscle_wasting,,extra_marital_contacts
Diabetes ,,,,,polyuria,,,blurred_and_distorted_vision,"excessive_hunger,fatigue,increased_appetite,lethargy",restlessness,,"obesity,weight_loss",irregular_sugar_level
Gastroenteritis,,,,"diarrhoea,vomiting",,,,sunken_eyes,,,,,dehydration
Bronchial Asthma,,"breathlessness,cough,mucoid_sputum",high_fever,,,,,,fatigue,,,,family_history
Hypertension ,"chest_pain,headache",,,,,,"dizziness,loss_of_balance",,,lack_of_concentration,,,
Migraine,headache,,,"acidity,indigestion",,,,blurred_and_distorted_vision,excessive_hunger,"depression,irritability",stiff_neck,,visual_disturbances
Cervical spondylosis,"back_pain,neck_pain",,,,,,"dizziness,loss_of_balance,weakness_in_limbs",,,,,,
Paralysis (brain hemorrhage),headache,,,vomiting,,,"altered_sensorium,weakness_of_one_body_side",,,,,,
Jaundice,abdominal_pain,,high_fever,vomiting,dark_urine,"itching,yellowish_skin",,,fatigue,,,weight_loss,
Malaria,"headache,muscle_pain",,"chills,high_fever,sweating","diarrhoea,nausea,vomiting",,,,,,,,,
Chicken pox,headache,,"high_fever,mild_fever",,,"itching,skin_rash",,,"fatigue,lethargy,loss_of_appetite,malaise",,,,"red_spots_over_body,swelled_lymph_nodes"
Dengue,"back_pain,headache,joint_pain,muscle_pain,pain_behind_the_eyes",,"chills,high_fever","nausea,vomiting",,skin_rash,,,"fatigue,loss_of_appetite,malaise",,,,red_spots_over_body
Typhoid,"abdominal_pain,belly_pain,headache",,"chills,high_fever","constipation,diarrhoea,nausea,vomiting",,,,,fatigue,,,,toxic_look_(typhos)
hepatitis A,"abdominal_pain,joint_pain,muscle_pain",,mild_fever,"diarrhoea,nausea,vomiting",dark_urine,yellowish_skin,,yellowing_of_eyes,loss_of_appetite,,,,
Hepatitis B,abdominal_pain,,,,"dark_urine,yellow_urine","itching,yellowish_skin",,yellowing_of_eyes,"fatigue,lethargy,loss_of_appetite,malaise",,,,"receiving_blood_transfusion,receiving_unsterile_injections"
Hepatitis C,,,,nausea,,yellowish_skin,,yellowing_of_eyes,"fatigue,loss_of_appetite",,,,family_history
Hepatitis D,"abdominal_pain,joint_pain",,,"nausea,vomiting",dark_urine,yellowish_skin,,yellowing_of_eyes,"fatigue,loss_of_appetite",,,,
Hepatitis E,"abdominal_pain,joint_pain",,high_fever,"nausea,stomach_bleeding,vomiting",dark_urine,yellowish_skin,coma,yellowing_of_eyes,"fatigue,loss_of_appetite",,,,acute_liver_failure
Alcoholic hepatitis,abdominal_pain,,,"swelling_of_stomach,vomiting",,yellowish_skin,,,,,,,"distention_of_abdomen,fluid_overload,history_of_alcohol_consumption"
Tuberculosis,chest_pain,"blood_in_sputum,breathlessness,cough,phlegm","chills,high_fever,mild_fever,sweating",vomiting,,,,yellowing_of_eyes,"fatigue,loss_of_appetite,malaise",,,weight_loss,swelled_lymph_nodes
Common Cold,"chest_pain,headache,muscle_pain","congestion,continuous_sneezing,cough,phlegm,runny_nose,throat_irritation","chills,high_fever",,,redness_of_eyes,,,"fatigue,malaise",,,,"loss_of_smell,sinus_pressure,swelled_lymph_nodes"
Pneumonia,chest_pain,"breathlessness,cough,phlegm,rusty_sputum","chills,high_fever,sweating",,,,,,"fatigue,malaise",,,,fast_heart_rate
Dimorphic hemmorhoids(piles),"pain_during_bowel_movements,pain_in_anal_region",,,constipation,,,,,,,,,"bloody_stool,irritation_in_anus"
Heart attack,chest_pain,breathlessness,sweating,vomiting,,,,,,,,,
Varicose veins,cramps,,,,,,,,fatigue,,,obesity,"bruising,prominent_veins_on_calf,swollen_blood_vessels,swollen_legs"
Hypothyroidism,,,,,,,dizziness,puffy_face_and_eyes,"fatigue,lethargy","depression,irritability,mood_swings",,weight_gain,"abnormal_menstruation,brittle_nails,cold_hands_and_feets,enlarged_thyroid,swollen_extremeties"
Hyperthyroidism,,,sweating,diarrhoea,,,muscle_weakness,,"excessive_hunger,fatigue","irritability,mood_swings,restlessness",,weight_loss,"abnormal_menstruation,fast_heart_rate"
Hypoglycemia,headache,,sweating,"nausea,vomiting",,,slurred_speech,blurred_and_distorted_vision,"excessive_hunger,fatigue","anxiety,irritability",,,"drying_and_tingling_lips,palpitations"
Osteoarthristis,"hip_joint_pain,joint_pain,knee_pain,neck_pain,painful_walking",,,,,,,,,,swelling_joints,,
Arthritis,painful_walking,,,,,,muscle_weakness,,,,"movement_stiffness,stiff_neck,swelling_joints",,
(vertigo) Paroymsal  Positional Vertigo,headache,,,"nausea,vomiting",,,"loss_of_balance,unsteadiness",,,,spinning_movements,,
Acne,,,,,,"blackheads,pus_filled_pimples,skin_rash",,,,,,,scurring
Urinary tract infection,,,,,"bladder_discomfort,burning_micturition,continuous_feel_of_urine,foul_smell_of_urine",,,,,,,,
Psoriasis,joint_pain,,,,,"skin_peeling,skin_rash",,,,,,,"inflammatory_nails,silver_like_dusting,small_dents_in_nails"
Impetigo,red_sore_around_nose,,high_fever,,,"blister,skin_rash",,,,,,,yellow_crust_ooze
Fungal infection,,,,,,"dischromic__patches,itching,nodal_skin_eruptions,skin_rash",,,,,,,
Allergy,,continuous_sneezing,"chills,shivering",,,,,watering_from_eyes,,,,,
GERD,"chest_pain,stomach_pain",cough,,"acidity,vomiting",,,,,,,,,ulcers_on_tongue
Chronic cholestasis,abdominal_pain,,,"nausea,vomiting",,"itching,yellowish_skin",,yellowing_of_eyes,loss_of_appetite,,,,
Drug Reaction,stomach_pain,,,,"burning_micturition,spotting__urination","itching,skin_rash",,,,,,,
Peptic ulcer diseae,abdominal_pain,,,"indigestion,passage_of_gases,vomiting",,internal_itching,,,loss_of_appetite,,,,
AIDS,,patches_in_throat,high_fever,,,,,,,,muscle_wasting,,extra_marital_contacts
Diabetes ,,,,,polyuria,,,blurred_and_distorted_vision,"excessive_hunger,fatigue,increased_appetite,lethargy",restlessness,,"obesity,weight_loss",irregular_sugar_level
Gastroenteritis,,,,"diarrhoea,vomiting",,,,sunken_eyes,,,,,dehydration
Bronchial Asthma,,"breathlessness,cough,mucoid_sputum",high_fever,,,,,,fatigue,,,,family_history
Hypertension ,"chest_pain,headache",,,,,,"dizziness,loss_of_balance",,,lack_of_concentration,,,
Migraine,headache,,,"acidity,indigestion",,,,blurred_and_distorted_vision,excessive_hunger,"depression,irritability",stiff_neck,,visual_disturbances
Cervical spondylosis,"back_pain,neck_pain",,,,,,"dizziness,loss_of_balance,weakness_in_limbs",,,,,,
Paralysis (brain hemorrhage),headache,,,vomiting,,,"altered_sensorium,weakness_of_one_body_side",,,,,,
Jaundice,abdominal_pain,,high_fever,vomiting,dark_urine,"itching,yellowish_skin",,,fatigue,,,weight_loss,
Malaria,"headache,muscle_pain",,"chills,high_fever,sweating","diarrhoea,nausea,vomiting",,,,,,,,,
Chicken pox,headache,,"high_fever,mild_fever",,,"itching,skin_rash",,,"fatigue,lethargy,loss_of_appetite,malaise",,,,"red_spots_over_body,swelled_lymph_nodes"
Dengue,"back_pain,headache,joint_pain,muscle_pain,pain_behind_the_eyes",,"chills,high_fever","nausea,vomiting",,skin_rash,,,"fatigue,loss_of_appetite,malaise",,,,red_spots_over_body
Typhoid,"abdominal_pain,belly_pain,headache",,"chills,high_fever","constipation,diarrhoea,nausea,vomiting",,,,,fatigue,,,,toxic_look_(typhos)
hepatitis A,"abdominal_pain,joint_pain,muscle_pain",,mild_fever,"diarrhoea,nausea,vomiting",dark_urine,yellowish_skin,,yellowing_of_eyes,loss_of_appetite,,,,
Hepatitis B,abdominal_pain,,,,"dark_urine,yellow_urine","itching,yellowish_skin",,yellowing_of_eyes,"fatigue,lethargy,loss_of_appetite,malaise",,,,"receiving_blood_transfusion,receiving_unsterile_injections"
Hepatitis C,,,,nausea,,yellowish_skin,,yellowing_of_eyes,"fatigue,loss_of_appetite",,,,family_history
Hepatitis D,"abdominal_pain,joint_pain",,,"nausea,vomiting",dark_urine,yellowish_skin,,yellowing_of_eyes,"fatigue,loss_of_appetite",,,,
Hepatitis E,"abdominal_pain,joint_pain",,high_fever,"nausea,stomach_bleeding,vomiting",dark_urine,yellowish_skin,coma,yellowing_of_eyes,"fatigue,loss_of_appetite",,,,acute_liver_failure
Alcoholic hepatitis,abdominal_pain,,,"swelling_of_stomach,vomiting",,yellowish_skin,,,,,,,"distention_of_abdomen,fluid_overload,history_of_alcohol_consumption"
Tuberculosis,chest_pain,"blood_in_sputum,breathlessness,cough,phlegm","chills,high_fever,mild_fever,sweating",vomiting,,,,yellowing_of_eyes,"fatigue,loss_of_appetite,malaise",,,weight_loss,swelled_lymph_nodes
Common Cold,"chest_pain,headache,muscle_pain","congestion,continuous_sneezing,cough,phlegm,runny_nose,throat_irritation","chills,high_fever",,,redness_of_eyes,,,"fatigue,malaise",,,,"loss_of_smell,sinus_pressure,swelled_lymph_nodes"
Pneumonia,chest_pain,"breathlessness,cough,phlegm,rusty_sputum","chills,high_fever,sweating",,,,,,"fatigue,malaise",,,,fast_heart_rate
Dimorphic hemmorhoids(piles),"pain_during_bowel_movements,pain_in_anal_region",,,constipation,,,,,,,,,"bloody_stool,irritation_in_anus"
Heart attack,chest_pain,breathlessness,sweating,vomiting,,,,,,,,,
Varicose veins,cramps,,,,,,,,fatigue,,,obesity,"bruising,prominent_veins_on_calf,swollen_blood_vessels,swollen_legs"
Hypothyroidism,,,,,,,dizziness,puffy_face_and_eyes,"fatigue,lethargy","depression,irritability,mood_swings",,weight_gain,"abnormal_menstruation,brittle_nails,cold_hands_and_feets,enlarged_thyroid,swollen_extremeties"
Hyperthyroidism,,,sweating,diarrhoea,,,muscle_weakness,,"excessive_hunger,fatigue","irritability,mood_swings,restlessness",,weight_loss,"abnormal_menstruation,fast_heart_rate"
Hypoglycemia,headache,,sweating,"nausea,vomiting",,,slurred_speech,blurred_and_distorted_vision,"excessive_hunger,fatigue","anxiety,irritability",,,"drying_and_tingling_lips,palpitations"
Osteoarthristis,"hip_joint_pain,joint_pain,knee_pain,neck_pain,painful_walking",,,,,,,,,,swelling_joints,,
Arthritis,painful_walking,,,,,,muscle_weakness,,,,"movement_stiffness,stiff_neck,swelling_joints",,
(vertigo) Paroymsal  Positional Vertigo,headache,,,"nausea,vomiting",,,"loss_of_balance,unsteadiness",,,,spinning_movements,,
Acne,,,,,,"blackheads,pus_filled_pimples,skin_rash",,,,,,,scurring
Urinary tract infection,,,,,"bladder_discomfort,burning_micturition,continuous_feel_of_urine,foul_smell_of_urine",,,,,,,,
Psoriasis,joint_pain,,,,,"skin_peeling,skin_rash",,,,,,,"inflammatory_nails,silver_like_dusting,small_dents_in_nails"
Impetigo,red_sore_around_nose,,high_fever,,,"blister,skin_rash",,,,,,,yellow_crust_ooze
Fungal infection,,,,,,"dischromic__patches,itching,nodal_skin_eruptions,skin_rash",,,,,,,
Allergy,,continuous_sneezing,"chills,shivering",,,,,watering_from_eyes,,,,,
GERD,"chest_pain,stomach_pain",cough,,"acidity,vomiting",,,,,,,,,ulcers_on_tongue
Chronic cholestasis,abdominal_pain,,,"nausea,vomiting",,"itching,yellowish_skin",,yellowing_of_eyes,loss_of_appetite,,,,
Drug Reaction,stomach_pain,,,,"burning_micturition,spotting__urination","itching,skin_rash",,,,,,,
Peptic ulcer diseae,abdominal_pain,,,"indigestion,passage_of_gases,vomiting",,internal_itching,,,loss_of_appetite,,,,
AIDS,,patches_in_throat,high_fever,,,,,,,,muscle_wasting,,extra_marital_contacts
Diabetes ,,,,,polyuria,,,blurred_and_distorted_vision,"excessive_hunger,fatigue,increased_appetite,lethargy",restlessness,,"obesity,weight_loss",irregular_sugar_level
Gastroenteritis,,,,"diarrhoea,vomiting",,,,sunken_eyes,,,,,dehydration
Bronchial Asthma,,"breathlessness,cough,mucoid_sputum",high_fever,,,,,,fatigue,,,,family_history
Hypertension ,"chest_pain,headache",,,,,,"dizziness,loss_of_balance",,,lack_of_concentration,,,
Migraine,headache,,,"acidity,indigestion",,,,blurred_and_distorted_vision,excessive_hunger,"depression,irritability",stiff_neck,,visual_disturbances
Cervical spondylosis,"back_pain,neck_pain",,,,,,"dizziness,loss_of_balance,weakness_in_limbs",,,,,,
Paralysis (brain hemorrhage),headache,,,vomiting,,,"altered_sensorium,weakness_of_one_body_side",,,,,,
Jaundice,abdominal_pain,,high_fever,vomiting,dark_urine,"itching,yellowish_skin",,,fatigue,,,weight_loss,
Malaria,"headache,muscle_pain",,"chills,high_fever,sweating","diarrhoea,nausea,vomiting",,,,,,,,,
Chicken pox,headache,,"high_fever,mild_fever",,,"itching,skin_rash",,,"fatigue,lethargy,loss_of_appetite,malaise",,,,"red_spots_over_body,swelled_lymph_nodes"
Dengue,"back_pain,headache,joint_pain,muscle_pain,pain_behind_the_eyes",,"chills,high_fever","nausea,vomiting",,skin_rash,,,"fatigue,loss_of_appetite,malaise",,,,red_spots_over_body
Typhoid,"abdominal_pain,belly_pain,headache",,"chills,high_fever","constipation,diarrhoea,nausea,vomiting",,,,,fatigue,,,,toxic_look_(typhos)
hepatitis A,"abdominal_pain,joint_pain,muscle_pain",,mild_fever,"diarrhoea,nausea,vomiting",dark_urine,yellowish_skin,,yellowing_of_eyes,loss_of_appetite,,,,
Hepatitis B,abdominal_pain,,,,"dark_urine,yellow_urine","itching,yellowish_skin",,yellowing_of_eyes,"fatigue,lethargy,loss_of_appetite,malaise",,,,"receiving_blood_transfusion,receiving_unsterile_injections"
Hepatitis C,,,,nausea,,yellowish_skin,,yellowing_of_eyes,"fatigue,loss_of_appetite",,,,family_history
Hepatitis D,"abdominal_pain,joint_pain",,,"nausea,vomiting",dark_urine,yellowish_skin,,yellowing_of_eyes,"fatigue,loss_of_appetite",,,,
Hepatitis E,"abdominal_pain,joint_pain",,high_fever,"nausea,stomach_bleeding,vomiting",dark_urine,yellowish_skin,coma,yellowing_of_eyes,"fatigue,loss_of_appetite",,,,acute_liver_failure
Alcoholic hepatitis,abdominal_pain,,,"swelling_of_stomach,vomiting",,yellowish_skin,,,,,,,"distention_of_abdomen,fluid_overload,history_of_alcohol_consumption"
Tuberculosis,chest_pain,"blood_in_sputum,breathlessness,cough,phlegm","chills,high_fever,mild_fever,sweating",vomiting,,,,yellowing_of_eyes,"fatigue,loss_of_appetite,malaise",,,weight_loss,swelled_lymph_nodes
Common Cold,"chest_pain,headache,muscle_pain","congestion,continuous_sneezing,cough,phlegm,runny_nose,throat_irritation","chills,high_fever",,,redness_of_eyes,,,"fatigue,malaise",,,,"loss_of_smell,sinus_pressure,swelled_lymph_nodes"
Pneumonia,chest_pain,"breathlessness,cough,phlegm,rusty_sputum","chills,high_fever,sweating",,,,,,"fatigue,malaise",,,,fast_heart_rate
Dimorphic hemmorhoids(piles),"pain_during_bowel_movements,pain_in_anal_region",,,constipation,,,,,,,,,"bloody_stool,irritation_in_anus"
Heart attack,chest_pain,breathlessness,sweating,vomiting,,,,,,,,,
Varicose veins,cramps,,,,,,,,fatigue,,,obesity,"bruising,prominent_veins_on_calf,swollen_blood_vessels,swollen_legs"
Hypothyroidism,,,,,,,dizziness,puffy_face_and_eyes,"fatigue,lethargy","depression,irritability,mood_swings",,weight_gain,"abnormal_menstruation,brittle_nails,cold_hands_and_feets,enlarged_thyroid,swollen_extremeties"
Hyperthyroidism,,,sweating,diarrhoea,,,muscle_weakness,,"excessive_hunger,fatigue","irritability,mood_swings,restlessness",,weight_loss,"abnormal_menstruation,fast_heart_rate"
Hypoglycemia,headache,,sweating,"nausea,vomiting",,,slurred_speech,blurred_and_distorted_vision,"excessive_hunger,fatigue","anxiety,irritability",,,"drying_and_tingling_lips,palpitations"
Osteoarthristis,"hip_joint_pain,joint_pain,knee_pain,neck_pain,painful_walking",,,,,,,,,,swelling_joints,,
Arthritis,painful_walking,,,,,,muscle_weakness,,,,"movement_stiffness,stiff_neck,swelling_joints",,
(vertigo) Paroymsal  Positional Vertigo,headache,,,"nausea,vomiting",,,"loss_of_balance,unsteadiness",,,,spinning_movements,,
Acne,,,,,,"blackheads,pus_filled_pimples,skin_rash",,,,,,,scurring
Urinary tract infection,,,,,"bladder_discomfort,burning_micturition,continuous_feel_of_urine,foul_smell_of_urine",,,,,,,,
Psoriasis,joint_pain,,,,,"skin_peeling,skin_rash",,,,,,,"inflammatory_nails,silver_like_dusting,small_dents_in_nails"
Impetigo,red_sore_around_nose,,high_fever,,,"blister,skin_rash",,,,,,,yellow_crust_ooze
Fungal infection,,,,,,"dischromic__patches,itching,nodal_skin_eruptions,skin_rash",,,,,,,
Allergy,,continuous_sneezing,"chills,shivering",,,,,watering_from_eyes,,,,,
GERD,"chest_pain,stomach_pain",cough,,"acidity,vomiting",,,,,,,,,ulcers_on_tongue
Chronic cholestasis,abdominal_pain,,,"nausea,vomiting",,"itching,yellowish_skin",,yellowing_of_eyes,loss_of_appetite,,,,
Drug Reaction,stomach_pain,,,,"burning_micturition,spotting__urination","itching,skin_rash",,,,,,,
Peptic ulcer diseae,abdominal_pain,,,"indigestion,passage_of_gases,vomiting",,internal_itching,,,loss_of_appetite,,,,
AIDS,,patches_in_throat,high_fever,,,,,,,,muscle_wasting,,extra_marital_contacts
Diabetes ,,,,,polyuria,,,blurred_and_distorted_vision,"excessive_hunger,fatigue,increased_appetite,lethargy",restlessness,,"obesity,weight_loss",irregular_sugar_level
Gastroenteritis,,,,"diarrhoea,vomiting",,,,sunken_eyes,,,,,dehydration
Bronchial Asthma,,"breathlessness,cough,mucoid_sputum",high_fever,,,,,,fatigue,,,,family_history
Hypertension ,"chest_pain,headache",,,,,,"dizziness,loss_of_balance",,,lack_of_concentration,,,
Migraine,headache,,,"acidity,indigestion",,,,blurred_and_distorted_vision,excessive_hunger,"depression,irritability",stiff_neck,,visual_disturbances
Cervical spondylosis,"back_pain,neck_pain",,,,,,"dizziness,loss_of_balance,weakness_in_limbs",,,,,,
Paralysis (brain hemorrhage),headache,,,vomiting,,,"altered_sensorium,weakness_of_one_body_side",,,,,,
Jaundice,abdominal_pain,,high_fever,vomiting,dark_urine,"itching,yellowish_skin",,,fatigue,,,weight_loss,
Malaria,"headache,muscle_pain",,"chills,high_fever,sweating","diarrhoea,nausea,vomiting",,,,,,,,,
Chicken pox,headache,,"high_fever,mild_fever",,,"itching,skin_rash",,,"fatigue,lethargy,loss_of_appetite,malaise",,,,"red_spots_over_body,swelled_lymph_nodes"
Dengue,"back_pain,headache,joint_pain,muscle_pain,pain_behind_the_eyes",,"chills,high_fever","nausea,vomiting",,skin_rash,,,"fatigue,loss_of_appetite,malaise",,,,red_spots_over_body
Typhoid,"abdominal_pain,belly_pain,headache",,"chills,high_fever","constipation,diarrhoea,nausea,vomiting",,,,,fatigue,,,,toxic_look_(typhos)
hepatitis A,"abdominal_pain,joint_pain,muscle_pain",,mild_fever,"diarrhoea,nausea,vomiting",dark_urine,yellowish_skin,,yellowing_of_eyes,loss_of_appetite,,,,
Hepatitis B,abdominal_pain,,,,"dark_urine,yellow_urine","itching,yellowish_skin",,yellowing_of_eyes,"fatigue,lethargy,loss_of_appetite,malaise",,,,"receiving_blood_transfusion,receiving_unsterile_injections"
Hepatitis C,,,,nausea,,yellowish_skin,,yellowing_of_eyes,"fatigue,loss_of_appetite",,,,family_history
Hepatitis D,"abdominal_pain,joint_pain",,,"nausea,vomiting",dark_urine,yellowish_skin,,yellowing_of_eyes,"fatigue,loss_of_appetite",,,,
Hepatitis E,"abdominal_pain,joint_pain",,high_fever,"nausea,stomach_bleeding,vomiting",dark_urine,yellowish_skin,coma,yellowing_of_eyes,"fatigue,loss_of_appetite",,,,acute_liver_failure
Alcoholic hepatitis,abdominal_pain,,,"swelling_of_stomach,vomiting",,yellowish_skin,,,,,,,"distention_of_abdomen,fluid_overload,history_of_alcohol_consumption"
Tuberculosis,chest_pain,"blood_in_sputum,breathlessness,cough,phlegm","chills,high_fever,mild_fever,sweating",vomiting,,,,yellowing_of_eyes,"fatigue,loss_of_appetite,malaise",,,weight_loss,swelled_lymph_nodes
Common Cold,"chest_pain,headache,muscle_pain","congestion,continuous_sneezing,cough,phlegm,runny_nose,throat_irritation","chills,high_fever",,,redness_of_eyes,,,"fatigue,malaise",,,,"loss_of_smell,sinus_pressure,swelled_lymph_nodes"
Pneumonia,chest_pain,"breathlessness,cough,phlegm,rusty_sputum","chills,high_fever,sweating",,,,,,"fatigue,malaise",,,,fast_heart_rate
Dimorphic hemmorhoids(piles),"pain_during_bowel_movements,pain_in_anal_region",,,constipation,,,,,,,,,"bloody_stool,irritation_in_anus"
Heart attack,chest_pain,breathlessness,sweating,vomiting,,,,,,,,,
Varicose veins,cramps,,,,,,,,fatigue,,,obesity,"bruising,prominent_veins_on_calf,swollen_blood_vessels,swollen_legs"
Hypothyroidism,,,,,,,dizziness,puffy_face_and_eyes,"fatigue,lethargy","depression,irritability,mood_swings",,weight_gain,"abnormal_menstruation,brittle_nails,cold_hands_and_feets,enlarged_thyroid,swollen_extremeties"
Hyperthyroidism,,,sweating,diarrhoea,,,muscle_weakness,,"excessive_hunger,fatigue","irritability,mood_swings,restlessness",,weight_loss,"abnormal_menstruation,fast_heart_rate"
Hypoglycemia,headache,,sweating,"nausea,vomiting",,,slurred_speech,blurred_and_distorted_vision,"excessive_hunger,fatigue","anxiety,irritability",,,"drying_and_tingling_lips,palpitations"
Osteoarthristis,"hip_joint_pain,joint_pain,knee_pain,neck_pain,painful_walking",,,,,,,,,,swelling_joints,,
Arthritis,painful_walking,,,,,,muscle_weakness,,,,"movement_stiffness,stiff_neck,swelling_joints",,
(vertigo) Paroymsal  Positional Vertigo,headache,,,"nausea,vomiting",,,"loss_of_balance,unsteadiness",,,,spinning_movements,,
Acne,,,,,,"blackheads,pus_filled_pimples,skin_rash",,,,,,,scurring
Urinary tract infection,,,,,"bladder_discomfort,burning_micturition,continuous_feel_of_urine,foul_smell_of_urine",,,,,,,,
Psoriasis,joint_pain,,,,,"skin_peeling,skin_rash",,,,,,,"inflammatory_nails,silver_like_dusting,small_dents_in_nails"
Impetigo,red_sore_around_nose,,high_fever,,,"blister,skin_rash",,,,,,,yellow_crust_ooze
Fungal infection,,,,,,"dischromic__patches,itching,nodal_skin_eruptions,skin_rash",,,,,,,
Allergy,,continuous_sneezing,"chills,shivering",,,,,watering_from_eyes,,,,,
GERD,"chest_pain,stomach_pain",cough,,"acidity,vomiting",,,,,,,,,ulcers_on_tongue
Chronic cholestasis,abdominal_pain,,,"nausea,vomiting",,"itching,yellowish_skin",,yellowing_of_eyes,loss_of_appetite,,,,
Drug Reaction,stomach_pain,,,,"burning_micturition,spotting__urination","itching,skin_rash",,,,,,,
Peptic ulcer diseae,abdominal_pain,,,"indigestion,passage_of_gases,vomiting",,internal_itching,,,loss_of_appetite,,,,
AIDS,,patches_in_throat,high_fever,,,,,,,,muscle_wasting,,extra_marital_contacts
Diabetes ,,,,,polyuria,,,blurred_and_distorted_vision,"excessive_hunger,fatigue,increased_appetite,lethargy",restlessness,,"obesity,weight_loss",irregular_sugar_level
Gastroenteritis,,,,"diarrhoea,vomiting",,,,sunken_eyes,,,,,dehydration
Bronchial Asthma,,"breathlessness,cough,mucoid_sputum",high_fever,,,,,,fatigue,,,,family_history
Hypertension ,"chest_pain,headache",,,,,,"dizziness,loss_of_balance",,,lack_of_concentration,,,
Migraine,headache,,,"acidity,indigestion",,,,blurred_and_distorted_vision,excessive_hunger,"depression,irritability",stiff_neck,,visual_disturbances
Cervical spondylosis,"back_pain,neck_pain",,,,,,"dizziness,loss_of_balance,weakness_in_limbs",,,,,,
Paralysis (brain hemorrhage),headache,,,vomiting,,,"altered_sensorium,weakness_of_one_body_side",,,,,,
Jaundice,abdominal_pain,,high_fever,vomiting,dark_urine,"itching,yellowish_skin",,,fatigue,,,weight_loss,
Malaria,"headache,muscle_pain",,"chills,high_fever,sweating","diarrhoea,nausea,vomiting",,,,,,,,,
Chicken pox,headache,,"high_fever,mild_fever",,,"itching,skin_rash",,,"fatigue,lethargy,loss_of_appetite,malaise",,,,"red_spots_over_body,swelled_lymph_nodes"
Dengue,"back_pain,headache,joint_pain,muscle_pain,pain_behind_the_eyes",,"chills,high_fever","nausea,vomiting",,skin_rash,,,"fatigue,loss_of_appetite,malaise",,,,red_spots_over_body
Typhoid,"abdominal_pain,belly_pain,headache",,"chills,high_fever","constipation,diarrhoea,nausea,vomiting",,,,,fatigue,,,,toxic_look_(typhos)
hepatitis A,"abdominal_pain,joint_pain,muscle_pain",,mild_fever,"diarrhoea,nausea,vomiting",dark_urine,yellowish_skin,,yellowing_of_eyes,loss_of_appetite,,,,
Hepatitis B,abdominal_pain,,,,"dark_urine,yellow_urine","itching,yellowish_skin",,yellowing_of_eyes,"fatigue,lethargy,loss_of_appetite,malaise",,,,"receiving_blood_transfusion,receiving_unsterile_injections"
Hepatitis C,,,,nausea,,yellowish_skin,,yellowing_of_eyes,"fatigue,loss_of_appetite",,,,family_history
Hepatitis D,"abdominal_pain,joint_pain",,,"nausea,vomiting",dark_urine,yellowish_skin,,yellowing_of_eyes,"fatigue,loss_of_appetite",,,,
Hepatitis E,"abdominal_pain,joint_pain",,high_fever,"nausea,stomach_bleeding,vomiting",dark_urine,yellowish_skin,coma,yellowing_of_eyes,"fatigue,loss_of_appetite",,,,acute_liver_failure
Alcoholic hepatitis,abdominal_pain,,,"swelling_of_stomach,vomiting",,yellowish_skin,,,,,,,"distention_of_abdomen,fluid_overload,history_of_alcohol_consumption"
Tuberculosis,chest_pain,"blood_in_sputum,breathlessness,cough,phlegm","chills,high_fever,mild_fever,sweating",vomiting,,,,yellowing_of_eyes,"fatigue,loss_of_appetite,malaise",,,weight_loss,swelled_lymph_nodes
Common Cold,"chest_pain,headache,muscle_pain","congestion,continuous_sneezing,cough,phlegm,runny_nose,throat_irritation","chills,high_fever",,,redness_of_eyes,,,"fatigue,malaise",,,,"loss_of_smell,sinus_pressure,swelled_lymph_nodes"
Pneumonia,chest_pain,"breathlessness,cough,phlegm,rusty_sputum","chills,high_fever,sweating",,,,,,"fatigue,malaise",,,,fast_heart_rate
Dimorphic hemmorhoids(piles),"pain_during_bowel_movements,pain_in_anal_region",,,constipation,,,,,,,,,"bloody_stool,irritation_in_anus"
Heart attack,chest_pain,breathlessness,sweating,vomiting,,,,,,,,,
Varicose veins,cramps,,,,,,,,fatigue,,,obesity,"bruising,prominent_veins_on_calf,swollen_blood_vessels,swollen_legs"
Hypothyroidism,,,,,,,dizziness,puffy_face_and_eyes,"fatigue,lethargy","depression,irritability,mood_swings",,weight_gain,"abnormal_menstruation,brittle_nails,cold_hands_and_feets,enlarged_thyroid,swollen_extremeties"
Hyperthyroidism,,,sweating,diarrhoea,,,muscle_weakness,,"excessive_hunger,fatigue","irritability,mood_swings,restlessness",,weight_loss,"abnormal_menstruation,fast_heart_rate"
Hypoglycemia,headache,,sweating,"nausea,vomiting",,,slurred_speech,blurred_and_distorted_vision,"excessive_hunger,fatigue","anxiety,irritability",,,"drying_and_tingling_lips,palpitations"
Osteoarthristis,"hip_joint_pain,joint_pain,knee_pain,neck_pain,painful_walking",,,,,,,,,,swelling_joints,,
Arthritis,painful_walking,,,,,,muscle_weakness,,,,"movement_stiffness,stiff_neck,swelling_joints",,
(vertigo) Paroymsal  Positional Vertigo,headache,,,"nausea,vomiting",,,"loss_of_balance,unsteadiness",,,,spinning_movements,,
Acne,,,,,,"blackheads,pus_filled_pimples,skin_rash",,,,,,,scurring
Urinary tract infection,,,,,"bladder_discomfort,burning_micturition,continuous_feel_of_urine,foul_smell_of_urine",,,,,,,,
Psoriasis,joint_pain,,,,,"skin_peeling,skin_rash",,,,,,,"inflammatory_nails,silver_like_dusting,small_dents_in_nails"
Impetigo,red_sore_around_nose,,high_fever,,,"blister,skin_rash",,,,,,,yellow_crust_ooze
Fungal infection,,,,,,"dischromic__patches,itching,nodal_skin_eruptions,skin_rash",,,,,,,
Allergy,,continuous_sneezing,"chills,shivering",,,,,watering_from_eyes,,,,,
GERD,"chest_pain,stomach_pain",cough,,"acidity,vomiting",,,,,,,,,ulcers_on_tongue
Chronic cholestasis,abdominal_pain,,,"nausea,vomiting",,"itching,yellowish_skin",,yellowing_of_eyes,loss_of_appetite,,,,
Drug Reaction,stomach_pain,,,,"burning_micturition,spotting__urination","itching,skin_rash",,,,,,,
Peptic ulcer diseae,abdominal_pain,,,"indigestion,passage_of_gases,vomiting",,internal_itching,,,loss_of_appetite,,,,
AIDS,,patches_in_throat,high_fever,,,,,,,,muscle_wasting,,extra_marital_contacts
Diabetes ,,,,,polyuria,,,blurred_and_distorted_vision,"excessive_hunger,fatigue,increased_appetite,lethargy",restlessness,,"obesity,weight_loss",irregular_sugar_level
Gastroenteritis,,,,"diarrhoea,vomiting",,,,sunken_eyes,,,,,dehydration
Bronchial Asthma,,"breathlessness,cough,mucoid_sputum",high_fever,,,,,,fatigue,,,,family_history
Hypertension ,"chest_pain,headache",,,,,,"dizziness,loss_of_balance",,,lack_of_concentration,,,
Migraine,headache,,,"acidity,indigestion",,,,blurred_and_distorted_vision,excessive_hunger,"depression,irritability",stiff_neck,,visual_disturbances
Cervical spondylosis,"back_pain,neck_pain",,,,,,"dizziness,loss_of_balance,weakness_in_limbs",,,,,,
Paralysis (brain hemorrhage),headache,,,vomiting,,,"altered_sensorium,weakness_of_one_body_side",,,,,,
Jaundice,abdominal_pain,,high_fever,vomiting,dark_urine,"itching,yellowish_skin",,,fatigue,,,weight_loss,
Malaria,"headache,muscle_pain",,"chills,high_fever,sweating","diarrhoea,nausea,vomiting",,,,,,,,,
Chicken pox,headache,,"high_fever,mild_fever",,,"itching,skin_rash",,,"fatigue,lethargy,loss_of_appetite,malaise",,,,"red_spots_over_body,swelled_lymph_nodes"
Dengue,"back_pain,headache,joint_pain,muscle_pain,pain_behind_the_eyes",,"chills,high_fever","nausea,vomiting",,skin_rash,,,"fatigue,loss_of_appetite,malaise",,,,red_spots_over_body
Typhoid,"abdominal_pain,belly_pain,headache",,"chills,high_fever","constipation,diarrhoea,nausea,vomiting",,,,,fatigue,,,,toxic_look_(typhos)
hepatitis A,"abdominal_pain,joint_pain,muscle_pain",,mild_fever,"diarrhoea,nausea,vomiting",dark_urine,yellowish_skin,,yellowing_of_eyes,loss_of_appetite,,,,
Hepatitis B,abdominal_pain,,,,"dark_urine,yellow_urine","itching,yellowish_skin",,yellowing_of_eyes,"fatigue,lethargy,loss_of_appetite,malaise",,,,"receiving_blood_transfusion,receiving_unsterile_injections"
Hepatitis C,,,,nausea,,yellowish_skin,,yellowing_of_eyes,"fatigue,loss_of_appetite",,,,family_history
Hepatitis D,"abdominal_pain,joint_pain",,,"nausea,vomiting",dark_urine,yellowish_skin,,yellowing_of_eyes,"fatigue,loss_of_appetite",,,,
Hepatitis E,"abdominal_pain,joint_pain",,high_fever,"nausea,stomach_bleeding,vomiting",dark_urine,yellowish_skin,coma,yellowing_of_eyes,"fatigue,loss_of_appetite",,,,acute_liver_failure
Alcoholic hepatitis,abdominal_pain,,,"swelling_of_stomach,vomiting",,yellowish_skin,,,,,,,"distention_of_abdomen,fluid_overload,history_of_alcohol_consumption"
Tuberculosis,chest_pain,"blood_in_sputum,breathlessness,cough,phlegm","chills,high_fever,mild_fever,sweating",vomiting,,,,yellowing_of_eyes,"fatigue,loss_of_appetite,malaise",,,weight_loss,swelled_lymph_nodes
Common Cold,"chest_pain,headache,muscle_pain","congestion,continuous_sneezing,cough,phlegm,runny_nose,throat_irritation","chills,high_fever",,,redness_of_eyes,,,"fatigue,malaise",,,,"loss_of_smell,sinus_pressure,swelled_lymph_nodes"
Pneumonia,chest_pain,"breathlessness,cough,phlegm,rusty_sputum","chills,high_fever,sweating",,,,,,"fatigue,malaise",,,,fast_heart_rate
Dimorphic hemmorhoids(piles),"pain_during_bowel_movements,pain_in_anal_region",,,constipation,,,,,,,,,"bloody_stool,irritation_in_anus"
Heart attack,chest_pain,breathlessness,sweating,vomiting,,,,,,,,,
Varicose veins,cramps,,,,,,,,fatigue,,,obesity,"bruising,prominent_veins_on_calf,swollen_blood_vessels,swollen_legs"
Hypothyroidism,,,,,,,dizziness,puffy_face_and_eyes,"fatigue,lethargy","depression,irritability,mood_swings",,weight_gain,"abnormal_menstruation,brittle_nails,cold_hands_and_feets,enlarged_thyroid,swollen_extremeties"
Hyperthyroidism,,,sweating,diarrhoea,,,muscle_weakness,,"excessive_hunger,fatigue","irritability,mood_swings,restlessness",,weight_loss,"abnormal_menstruation,fast_heart_rate"
Hypoglycemia,headache,,sweating,"nausea,vomiting",,,slurred_speech,blurred_and_distorted_vision,"excessive_hunger,fatigue","anxiety,irritability",,,"drying_and_tingling_lips,palpitations"
Osteoarthristis,"hip_joint_pain,joint_pain,knee_pain,neck_pain,painful_walking",,,,,,,,,,swelling_joints,,
Arthritis,painful_walking,,,,,,muscle_weakness,,,,"movement_stiffness,stiff_neck,swelling_joints",,
(vertigo) Paroymsal  Positional Vertigo,headache,,,"nausea,vomiting",,,"loss_of_balance,unsteadiness",,,,spinning_movements,,
Acne,,,,,,"blackheads,pus_filled_pimples,skin_rash",,,,,,,scurring
Urinary tract infection,,,,,"bladder_discomfort,burning_micturition,continuous_feel_of_urine,foul_smell_of_urine",,,,,,,,
Psoriasis,joint_pain,,,,,"skin_peeling,skin_rash",,,,,,,"inflammatory_nails,silver_like_dusting,small_dents_in_nails"
Impetigo,red_sore_around_nose,,high_fever,,,"blister,skin_rash",,,,,,,yellow_crust_ooze
Fungal infection,,,,,,"dischromic__patches,itching,nodal_skin_eruptions,skin_rash",,,,,,,
Allergy,,continuous_sneezing,"chills,shivering",,,,,watering_from_eyes,,,,,
GERD,"chest_pain,stomach_pain",cough,,"acidity,vomiting",,,,,,,,,ulcers_on_tongue
Chronic cholestasis,abdominal_pain,,,"nausea,vomiting",,"itching,yellowish_skin",,yellowing_of_eyes,loss_of_appetite,,,,
Drug Reaction,stomach_pain,,,,"burning_micturition,spotting__urination","itching,skin_rash",,,,,,,
Peptic ulcer diseae,abdominal_pain,,,"indigestion,passage_of_gases,vomiting",,internal_itching,,,loss_of_appetite,,,,
AIDS,,patches_in_throat,high_fever,,,,,,,,muscle_wasting,,extra_marital_contacts
Diabetes ,,,,,polyuria,,,blurred_and_distorted_vision,"excessive_hunger,fatigue,increased_appetite,lethargy",restlessness,,"obesity,weight_loss",irregular_sugar_level
Gastroenteritis,,,,"diarrhoea,vomiting",,,,sunken_eyes,,,,,dehydration
Bronchial Asthma,,"breathlessness,cough,mucoid_sputum",high_fever,,,,,,fatigue,,,,family_history
Hypertension ,"chest_pain,headache",,,,,,"dizziness,loss_of_balance",,,lack_of_concentration,,,
Migraine,headache,,,"acidity,indigestion",,,,blurred_and_distorted_vision,excessive_hunger,"depression,irritability",stiff_neck,,visual_disturbances
Cervical spondylosis,"back_pain,neck_pain",,,,,,"dizziness,loss_of_balance,weakness_in_limbs",,,,,,
Paralysis (brain hemorrhage),headache,,,vomiting,,,"altered_sensorium,weakness_of_one_body_side",,,,,,
Jaundice,abdominal_pain,,high_fever,vomiting,dark_urine,"itching,yellowish_skin",,,fatigue,,,weight_loss,
Malaria,"headache,muscle_pain",,"chills,high_fever,sweating","diarrhoea,nausea,vomiting",,,,,,,,,
Chicken pox,headache,,"high_fever,mild_fever",,,"itching,skin_rash",,,"fatigue,lethargy,loss_of_appetite,malaise",,,,"red_spots_over_body,swelled_lymph_nodes"
Dengue,"back_pain,headache,joint_pain,muscle_pain,pain_behind_the_eyes",,"chills,high_fever","nausea,vomiting",,skin_rash,,,"fatigue,loss_of_appetite,malaise",,,,red_spots_over_body
Typhoid,"abdominal_pain,belly_pain,headache",,"chills,high_fever","constipation,diarrhoea,nausea,vomiting",,,,,fatigue,,,,toxic_look_(typhos)
hepatitis A,"abdominal_pain,joint_pain,muscle_pain",,mild_fever,"diarrhoea,nausea,vomiting",dark_urine,yellowish_skin,,yellowing_of_eyes,loss_of_appetite,,,,
Hepatitis B,abdominal_pain,,,,"dark_urine,yellow_urine","itching,yellowish_skin",,yellowing_of_eyes,"fatigue,lethargy,loss_of_appetite,malaise",,,,"receiving_blood_transfusion,receiving_unsterile_injections"
Hepatitis C,,,,nausea,,yellowish_skin,,yellowing_of_eyes,"fatigue,loss_of_appetite",,,,family_history
Hepatitis D,"abdominal_pain,joint_pain",,,"nausea,vomiting",dark_urine,yellowish_skin,,yellowing_of_eyes,"fatigue,loss_of_appetite",,,,
Hepatitis E,"abdominal_pain,joint_pain",,high_fever,"nausea,stomach_bleeding,vomiting",dark_urine,yellowish_skin,coma,yellowing_of_eyes,"fatigue,loss_of_appetite",,,,acute_liver_failure
Alcoholic hepatitis,abdominal_pain,,,"swelling_of_stomach,vomiting",,yellowish_skin,,,,,,,"distention_of_abdomen,fluid_overload,history_of_alcohol_consumption"
Tuberculosis,chest_pain,"blood_in_sputum,breathlessness,cough,phlegm","chills,high_fever,mild_fever,sweating",vomiting,,,,yellowing_of_eyes,"fatigue,loss_of_appetite,malaise",,,weight_loss,swelled_lymph_nodes
Common Cold,"chest_pain,headache,muscle_pain","congestion,continuous_sneezing,cough,phlegm,runny_nose,throat_irritation","chills,high_fever",,,redness_of_eyes,,,"fatigue,malaise",,,,"loss_of_smell,sinus_pressure,swelled_lymph_nodes"
Pneumonia,chest_pain,"breathlessness,cough,phlegm,rusty_sputum","chills,high_fever,sweating",,,,,,"fatigue,malaise",,,,fast_heart_rate
Dimorphic hemmorhoids(piles),"pain_during_bowel_movements,pain_in_anal_region",,,constipation,,,,,,,,,"bloody_stool,irritation_in_anus"
Heart attack,chest_pain,breathlessness,sweating,vomiting,,,,,,,,,
Varicose veins,cramps,,,,,,,,fatigue,,,obesity,"bruising,prominent_veins_on_calf,swollen_blood_vessels,swollen_legs"
Hypothyroidism,,,,,,,dizziness,puffy_face_and_eyes,"fatigue,lethargy","depression,irritability,mood_swings",,weight_gain,"abnormal_menstruation,brittle_nails,cold_hands_and_feets,enlarged_thyroid,swollen_extremeties"
Hyperthyroidism,,,sweating,diarrhoea,,,muscle_weakness,,"excessive_hunger,fatigue","irritability,mood_swings,restlessness",,weight_loss,"abnormal_menstruation,fast_heart_rate"
Hypoglycemia,headache,,sweating,"nausea,vomiting",,,slurred_speech,blurred_and_distorted_vision,"excessive_hunger,fatigue","anxiety,irritability",,,"drying_and_tingling_lips,palpitations"
Osteoarthristis,"hip_joint_pain,joint_pain,knee_pain,neck_pain,painful_walking",,,,,,,,,,swelling_joints,,
Arthritis,painful_walking,,,,,,muscle_weakness,,,,"movement_stiffness,stiff_neck,swelling_joints",,
(vertigo) Paroymsal  Positional Vertigo,headache,,,"nausea,vomiting",,,"loss_of_balance,unsteadiness",,,,spinning_movements,,
Acne,,,,,,"blackheads,pus_filled_pimples,skin_rash",,,,,,,scurring
Urinary tract infection,,,,,"bladder_discomfort,burning_micturition,continuous_feel_of_urine,foul_smell_of_urine",,,,,,,,
Psoriasis,joint_pain,,,,,"skin_peeling,skin_rash",,,,,,,"inflammatory_nails,silver_like_dusting,small_dents_in_nails"
Impetigo,red_sore_around_nose,,high_fever,,,"blister,skin_rash",,,,,,,yellow_crust_ooze
Fungal infection,,,,,,"dischromic__patches,itching,nodal_skin_eruptions,skin_rash",,,,,,,
Allergy,,continuous_sneezing,"chills,shivering",,,,,watering_from_eyes,,,,,
GERD,"chest_pain,stomach_pain",cough,,"acidity,vomiting",,,,,,,,,ulcers_on_tongue
Chronic cholestasis,abdominal_pain,,,"nausea,vomiting",,"itching,yellowish_skin",,yellowing_of_eyes,loss_of_appetite,,,,
Drug Reaction,stomach_pain,,,,"burning_micturition,spotting__urination","itching,skin_rash",,,,,,,
Peptic ulcer diseae,abdominal_pain,,,"indigestion,passage_of_gases,vomiting",,internal_itching,,,loss_of_appetite,,,,
AIDS,,patches_in_throat,high_fever,,,,,,,,muscle_wasting,,extra_marital_contacts
Diabetes ,,,,,polyuria,,,blurred_and_distorted_vision,"excessive_hunger,fatigue,increased_appetite,lethargy",restlessness,,"obesity,weight_loss",irregular_sugar_level
Gastroenteritis,,,,"diarrhoea,vomiting",,,,sunken_eyes,,,,,dehydration
Bronchial Asthma,,"breathlessness,cough,mucoid_sputum",high_fever,,,,,,fatigue,,,,family_history
Hypertension ,"chest_pain,headache",,,,,,"dizziness,loss_of_balance",,,lack_of_concentration,,,
Migraine,headache,,,"acidity,indigestion",,,,blurred_and_distorted_vision,excessive_hunger,"depression,irritability",stiff_neck,,visual_disturbances
Cervical spondylosis,"back_pain,neck_pain",,,,,,"dizziness,loss_of_balance,weakness_in_limbs",,,,,,
Paralysis (brain hemorrhage),headache,,,vomiting,,,"altered_sensorium,weakness_of_one_body_side",,,,,,
Jaundice,abdominal_pain,,high_fever,vomiting,dark_urine,"itching,yellowish_skin",,,fatigue,,,weight_loss,
Malaria,"headache,muscle_pain",,"chills,high_fever,sweating","diarrhoea,nausea,vomiting",,,,,,,,,
Chicken pox,headache,,"high_fever,mild_fever",,,"itching,skin_rash",,,"fatigue,lethargy,loss_of_appetite,malaise",,,,"red_spots_over_body,swelled_lymph_nodes"
Dengue,"back_pain,headache,joint_pain,muscle_pain,pain_behind_the_eyes",,"chills,high_fever","nausea,vomiting",,skin_rash,,,"fatigue,loss_of_appetite,malaise",,,,red_spots_over_body
Typhoid,"abdominal_pain,belly_pain,headache",,"chills,high_fever","constipation,diarrhoea,nausea,vomiting",,,,,fatigue,,,,toxic_look_(typhos)
hepatitis A,"abdominal_pain,joint_pain,muscle_pain",,mild_fever,"diarrhoea,nausea,vomiting",dark_urine,yellowish_skin,,yellowing_of_eyes,loss_of_appetite,,,,
Hepatitis B,abdominal_pain,,,,"dark_urine,yellow_urine","itching,yellowish_skin",,yellowing_of_eyes,"fatigue,lethargy,loss_of_appetite,malaise",,,,"receiving_blood_transfusion,receiving_unsterile_injections"
Hepatitis C,,,,nausea,,yellowish_skin,,yellowing_of_eyes,"fatigue,loss_of_appetite",,,,family_history
Hepatitis D,"abdominal_pain,joint_pain",,,"nausea,vomiting",dark_urine,yellowish_skin,,yellowing_of_eyes,"fatigue,loss_of_appetite",,,,
Hepatitis E,"abdominal_pain,joint_pain",,high_fever,"nausea,stomach_bleeding,vomiting",dark_urine,yellowish_skin,coma,yellowing_of_eyes,"fatigue,loss_of_appetite",,,,acute_liver_failure
Alcoholic hepatitis,abdominal_pain,,,"swelling_of_stomach,vomiting",,yellowish_skin,,,,,,,"distention_of_abdomen,fluid_overload,history_of_alcohol_consumption"
Tuberculosis,chest_pain,"blood_in_sputum,breathlessness,cough,phlegm","chills,high_fever,mild_fever,sweating",vomiting,,,,yellowing_of_eyes,"fatigue,loss_of_appetite,malaise",,,weight_loss,swelled_lymph_nodes
Common Cold,"chest_pain,headache,muscle_pain","congestion,continuous_sneezing,cough,phlegm,runny_nose,throat_irritation","chills,high_fever",,,redness_of_eyes,,,"fatigue,malaise",,,,"loss_of_smell,sinus_pressure,swelled_lymph_nodes"
Pneumonia,chest_pain,"breathlessness,cough,phlegm,rusty_sputum","chills,high_fever,sweating",,,,,,"fatigue,malaise",,,,fast_heart_rate
Dimorphic hemmorhoids(piles),"pain_during_bowel_movements,pain_in_anal_region",,,constipation,,,,,,,,,"bloody_stool,irritation_in_anus"
Heart attack,chest_pain,breathlessness,sweating,vomiting,,,,,,,,,
Varicose veins,cramps,,,,,,,,fatigue,,,obesity,"bruising,prominent_veins_on_calf,swollen_blood_vessels,swollen_legs"
Hypothyroidism,,,,,,,dizziness,puffy_face_and_eyes,"fatigue,lethargy","depression,irritability,mood_swings",,weight_gain,"abnormal_menstruation,brittle_nails,cold_hands_and_feets,enlarged_thyroid,swollen_extremeties"
Hyperthyroidism,,,sweating,diarrhoea,,,muscle_weakness,,"excessive_hunger,fatigue","irritability,mood_swings,restlessness",,weight_loss,"abnormal_menstruation,fast_heart_rate"
Hypoglycemia,headache,,sweating,"nausea,vomiting",,,slurred_speech,blurred_and_distorted_vision,"excessive_hunger,fatigue","anxiety,irritability",,,"drying_and_tingling_lips,palpitations"
Osteoarthristis,"hip_joint_pain,joint_pain,knee_pain,neck_pain,painful_walking",,,,,,,,,,swelling_joints,,
Arthritis,painful_walking,,,,,,muscle_weakness,,,,"movement_stiffness,stiff_neck,swelling_joints",,
(vertigo) Paroymsal  Positional Vertigo,headache,,,"nausea,vomiting",,,"loss_of_balance,unsteadiness",,,,spinning_movements,,
Acne,,,,,,"blackheads,pus_filled_pimples,skin_rash",,,,,,,scurring
Urinary tract infection,,,,,"bladder_discomfort,burning_micturition,continuous_feel_of_urine,foul_smell_of_urine",,,,,,,,
Psoriasis,joint_pain,,,,,"skin_peeling,skin_rash",,,,,,,"inflammatory_nails,silver_like_dusting,small_dents_in_nails"
Impetigo,red_sore_around_nose,,high_fever,,,"blister,skin_rash",,,,,,,yellow_crust_ooze
Fungal infection,,,,,,"dischromic__patches,itching,nodal_skin_eruptions,skin_rash",,,,,,,
Allergy,,continuous_sneezing,"chills,shivering",,,,,watering_from_eyes,,,,,
GERD,"chest_pain,stomach_pain",cough,,"acidity,vomiting",,,,,,,,,ulcers_on_tongue
Chronic cholestasis,abdominal_pain,,,"nausea,vomiting",,"itching,yellowish_skin",,yellowing_of_eyes,loss_of_appetite,,,,
Drug Reaction,stomach_pain,,,,"burning_micturition,spotting__urination","itching,skin_rash",,,,,,,
Peptic ulcer diseae,abdominal_pain,,,"indigestion,passage_of_gases,vomiting",,internal_itching,,,loss_of_appetite,,,,
AIDS,,patches_in_throat,high_fever,,,,,,,,muscle_wasting,,extra_marital_contacts
Diabetes ,,,,,polyuria,,,blurred_and_distorted_vision,"excessive_hunger,fatigue,increased_appetite,lethargy",restlessness,,"obesity,weight_loss",irregular_sugar_level
Gastroenteritis,,,,"diarrhoea,vomiting",,,,sunken_eyes,,,,,dehydration
Bronchial Asthma,,"breathlessness,cough,mucoid_sputum",high_fever,,,,,,fatigue,,,,family_history
Hypertension ,"chest_pain,headache",,,,,,"dizziness,loss_of_balance",,,lack_of_concentration,,,
Migraine,headache,,,"acidity,indigestion",,,,blurred_and_distorted_vision,excessive_hunger,"depression,irritability",stiff_neck,,visual_disturbances
Cervical spondylosis,"back_pain,neck_pain",,,,,,"dizziness,loss_of_balance,weakness_in_limbs",,,,,,
Paralysis (brain hemorrhage),headache,,,vomiting,,,"altered_sensorium,weakness_of_one_body_side",,,,,,
Jaundice,abdominal_pain,,high_fever,vomiting,dark_urine,"itching,yellowish_skin",,,fatigue,,,weight_loss,
Malaria,"headache,muscle_pain",,"chills,high_fever,sweating","diarrhoea,nausea,vomiting",,,,,,,,,
Chicken pox,headache,,"high_fever,mild_fever",,,"itching,skin_rash",,,"fatigue,lethargy,loss_of_appetite,malaise",,,,"red_spots_over_body,swelled_lymph_nodes"
Dengue,"back_pain,headache,joint_pain,muscle_pain,pain_behind_the_eyes",,"chills,high_fever","nausea,vomiting",,skin_rash,,,"fatigue,loss_of_appetite,malaise",,,,red_spots_over_body
Typhoid,"abdominal_pain,belly_pain,headache",,"chills,high_fever","constipation,diarrhoea,nausea,vomiting",,,,,fatigue,,,,toxic_look_(typhos)
hepatitis A,"abdominal_pain,joint_pain,muscle_pain",,mild_fever,"diarrhoea,nausea,vomiting",dark_urine,yellowish_skin,,yellowing_of_eyes,loss_of_appetite,,,,
Hepatitis B,abdominal_pain,,,,"dark_urine,yellow_urine","itching,yellowish_skin",,yellowing_of_eyes,"fatigue,lethargy,loss_of_appetite,malaise",,,,"receiving_blood_transfusion,receiving_unsterile_injections"
Hepatitis C,,,,nausea,,yellowish_skin,,yellowing_of_eyes,"fatigue,loss_of_appetite",,,,family_history
Hepatitis D,"abdominal_pain,joint_pain",,,"nausea,vomiting",dark_urine,yellowish_skin,,yellowing_of_eyes,"fatigue,loss_of_appetite",,,,
Hepatitis E,"abdominal_pain,joint_pain",,high_fever,"nausea,stomach_bleeding,vomiting",dark_urine,yellowish_skin,coma,yellowing_of_eyes,"fatigue,loss_of_appetite",,,,acute_liver_failure
Alcoholic hepatitis,abdominal_pain,,,"swelling_of_stomach,vomiting",,yellowish_skin,,,,,,,"distention_of_abdomen,fluid_overload,history_of_alcohol_consumption"
Tuberculosis,chest_pain,"blood_in_sputum,breathlessness,cough,phlegm","chills,high_fever,mild_fever,sweating",vomiting,,,,yellowing_of_eyes,"fatigue,loss_of_appetite,malaise",,,weight_loss,swelled_lymph_nodes
Common Cold,"chest_pain,headache,muscle_pain","congestion,continuous_sneezing,cough,phlegm,runny_nose,throat_irritation","chills,high_fever",,,redness_of_eyes,,,"fatigue,malaise",,,,"loss_of_smell,sinus_pressure,swelled_lymph_nodes"
Pneumonia,chest_pain,"breathlessness,cough,phlegm,rusty_sputum","chills,high_fever,sweating",,,,,,"fatigue,malaise",,,,fast_heart_rate
Dimorphic hemmorhoids(piles),"pain_during_bowel_movements,pain_in_anal_region",,,constipation,,,,,,,,,"bloody_stool,irritation_in_anus"
Heart attack,chest_pain,breathlessness,sweating,vomiting,,,,,,,,,
Varicose veins,cramps,,,,,,,,fatigue,,,obesity,"bruising,prominent_veins_on_calf,swollen_blood_vessels,swollen_legs"
Hypothyroidism,,,,,,,dizziness,puffy_face_and_eyes,"fatigue,lethargy","depression,irritability,mood_swings",,weight_gain,"abnormal_menstruation,brittle_nails,cold_hands_and_feets,enlarged_thyroid,swollen_extremeties"
Hyperthyroidism,,,sweating,diarrhoea,,,muscle_weakness,,"excessive_hunger,fatigue","irritability,mood_swings,restlessness",,weight_loss,"abnormal_menstruation,fast_heart_rate"
Hypoglycemia,headache,,sweating,"nausea,vomiting",,,slurred_speech,blurred_and_distorted_vision,"excessive_hunger,fatigue","anxiety,irritability",,,"drying_and_tingling_lips,palpitations"
Osteoarthristis,"hip_joint_pain,joint_pain,knee_pain,neck_pain,painful_walking",,,,,,,,,,swelling_joints,,
Arthritis,painful_walking,,,,,,muscle_weakness,,,,"movement_stiffness,stiff_neck,swelling_joints",,
(vertigo) Paroymsal  Positional Vertigo,headache,,,"nausea,vomiting",,,"loss_of_balance,unsteadiness",,,,spinning_movements,,
Acne,,,,,,"blackheads,pus_filled_pimples,skin_rash",,,,,,,scurring
Urinary tract infection,,,,,"bladder_discomfort,burning_micturition,continuous_feel_of_urine,foul_smell_of_urine",,,,,,,,
Psoriasis,joint_pain,,,,,"skin_peeling,skin_rash",,,,,,,"inflammatory_nails,silver_like_dusting,small_dents_in_nails"
Impetigo,red_sore_around_nose,,high_fever,,,"blister,skin_rash",,,,,,,yellow_crust_ooze
Fungal infection,,,,,,"dischromic__patches,itching,nodal_skin_eruptions,skin_rash",,,,,,,
Allergy,,continuous_sneezing,"chills,shivering",,,,,watering_from_eyes,,,,,
GERD,"chest_pain,stomach_pain",cough,,"acidity,vomiting",,,,,,,,,ulcers_on_tongue
Chronic cholestasis,abdominal_pain,,,"nausea,vomiting",,"itching,yellowish_skin",,yellowing_of_eyes,loss_of_appetite,,,,
Drug Reaction,stomach_pain,,,,"burning_micturition,spotting__urination","itching,skin_rash",,,,,,,
Peptic ulcer diseae,abdominal_pain,,,"indigestion,passage_of_gases,vomiting",,internal_itching,,,loss_of_appetite,,,,
AIDS,,patches_in_throat,high_fever,,,,,,,,muscle_wasting,,extra_marital_contacts
Diabetes ,,,,,polyuria,,,blurred_and_distorted_vision,"excessive_hunger,fatigue,increased_appetite,lethargy",restlessness,,"obesity,weight_loss",irregular_sugar_level
Gastroenteritis,,,,"diarrhoea,vomiting",,,,sunken_eyes,,,,,dehydration
Bronchial Asthma,,"breathlessness,cough,mucoid_sputum",high_fever,,,,,,fatigue,,,,family_history
Hypertension ,"chest_pain,headache",,,,,,"dizziness,loss_of_balance",,,lack_of_concentration,,,
Migraine,headache,,,"acidity,indigestion",,,,blurred_and_distorted_vision,excessive_hunger,"depression,irritability",stiff_neck,,visual_disturbances
Cervical spondylosis,"back_pain,neck_pain",,,,,,"dizziness,loss_of_balance,weakness_in_limbs",,,,,,
Paralysis (brain hemorrhage),headache,,,vomiting,,,"altered_sensorium,weakness_of_one_body_side",,,,,,
Jaundice,abdominal_pain,,high_fever,vomiting,dark_urine,"itching,yellowish_skin",,,fatigue,,,weight_loss,
Malaria,"headache,muscle_pain",,"chills,high_fever,sweating","diarrhoea,nausea,vomiting",,,,,,,,,
Chicken pox,headache,,"high_fever,mild_fever",,,"itching,skin_rash",,,"fatigue,lethargy,loss_of_appetite,malaise",,,,"red_spots_over_body,swelled_lymph_nodes"
Dengue,"back_pain,headache,joint_pain,muscle_pain,pain_behind_the_eyes",,"chills,high_fever","nausea,vomiting",,skin_rash,,,"fatigue,loss_of_appetite,malaise",,,,red_spots_over_body
Typhoid,"abdominal_pain,belly_pain,headache",,"chills,high_fever","constipation,diarrhoea,nausea,vomiting",,,,,fatigue,,,,toxic_look_(typhos)
hepatitis A,"abdominal_pain,joint_pain,muscle_pain",,mild_fever,"diarrhoea,nausea,vomiting",dark_urine,yellowish_skin,,yellowing_of_eyes,loss_of_appetite,,,,
Hepatitis B,abdominal_pain,,,,"dark_urine,yellow_urine","itching,yellowish_skin",,yellowing_of_eyes,"fatigue,lethargy,loss_of_appetite,malaise",,,,"receiving_blood_transfusion,receiving_unsterile_injections"
Hepatitis C,,,,nausea,,yellowish_skin,,yellowing_of_eyes,"fatigue,loss_of_appetite",,,,family_history
Hepatitis D,"abdominal_pain,joint_pain",,,"nausea,vomiting",dark_urine,yellowish_skin,,yellowing_of_eyes,"fatigue,loss_of_appetite",,,,
Hepatitis E,"abdominal_pain,joint_pain",,high_fever,"nausea,stomach_bleeding,vomiting",dark_urine,yellowish_skin,coma,yellowing_of_eyes,"fatigue,loss_of_appetite",,,,acute_liver_failure
Alcoholic hepatitis,abdominal_pain,,,"swelling_of_stomach,vomiting",,yellowish_skin,,,,,,,"distention_of_abdomen,fluid_overload,history_of_alcohol_consumption"
Tuberculosis,chest_pain,"blood_in_sputum,breathlessness,cough,phlegm","chills,high_fever,mild_fever,sweating",vomiting,,,,yellowing_of_eyes,"fatigue,loss_of_appetite,malaise",,,weight_loss,swelled_lymph_nodes
Common Cold,"chest_pain,headache,muscle_pain","congestion,continuous_sneezing,cough,phlegm,runny_nose,throat_irritation","chills,high_fever",,,redness_of_eyes,,,"fatigue,malaise",,,,"loss_of_smell,sinus_pressure,swelled_lymph_nodes"
Pneumonia,chest_pain,"breathlessness,cough,phlegm,rusty_sputum","chills,high_fever,sweating",,,,,,"fatigue,malaise",,,,fast_heart_rate
Dimorphic hemmorhoids(piles),"pain_during_bowel_movements,pain_in_anal_region",,,constipation,,,,,,,,,"bloody_stool,irritation_in_anus"
Heart attack,chest_pain,breathlessness,sweating,vomiting,,,,,,,,,
Varicose veins,cramps,,,,,,,,fatigue,,,obesity,"bruising,prominent_veins_on_calf,swollen_blood_vessels,swollen_legs"
Hypothyroidism,,,,,,,dizziness,puffy_face_and_eyes,"fatigue,lethargy","depression,irritability,mood_swings",,weight_gain,"abnormal_menstruation,brittle_nails,cold_hands_and_feets,enlarged_thyroid,swollen_extremeties"
Hyperthyroidism,,,sweating,diarrhoea,,,muscle_weakness,,"excessive_hunger,fatigue","irritability,mood_swings,restlessness",,weight_loss,"abnormal_menstruation,fast_heart_rate"
Hypoglycemia,headache,,sweating,"nausea,vomiting",,,slurred_speech,blurred_and_distorted_vision,"excessive_hunger,fatigue","anxiety,irritability",,,"drying_and_tingling_lips,palpitations"
Osteoarthristis,"hip_joint_pain,joint_pain,knee_pain,neck_pain,painful_walking",,,,,,,,,,swelling_joints,,
Arthritis,painful_walking,,,,,,muscle_weakness,,,,"movement_stiffness,stiff_neck,swelling_joints",,
(vertigo) Paroymsal  Positional Vertigo,headache,,,"nausea,vomiting",,,"loss_of_balance,unsteadiness",,,,spinning_movements,,
Acne,,,,,,"blackheads,pus_filled_pimples,skin_rash",,,,,,,scurring
Urinary tract infection,,,,,"bladder_discomfort,burning_micturition,continuous_feel_of_urine,foul_smell_of_urine",,,,,,,,
Psoriasis,joint_pain,,,,,"skin_peeling,skin_rash",,,,,,,"inflammatory_nails,silver_like_dusting,small_dents_in_nails"
Impetigo,red_sore_around_nose,,high_fever,,,"blister,skin_rash",,,,,,,yellow_crust_ooze
Fungal infection,,,,,,"dischromic__patches,itching,nodal_skin_eruptions,skin_rash",,,,,,,
Allergy,,continuous_sneezing,"chills,shivering",,,,,watering_from_eyes,,,,,
GERD,"chest_pain,stomach_pain",cough,,"acidity,vomiting",,,,,,,,,ulcers_on_tongue
Chronic cholestasis,abdominal_pain,,,"nausea,vomiting",,"itching,yellowish_skin",,yellowing_of_eyes,loss_of_appetite,,,,
Drug Reaction,stomach_pain,,,,"burning_micturition,spotting__urination","itching,skin_rash",,,,,,,
Peptic ulcer diseae,abdominal_pain,,,"indigestion,passage_of_gases,vomiting",,internal_itching,,,loss_of_appetite,,,,
AIDS,,patches_in_throat,high_fever,,,,,,,,muscle_wasting,,extra_marital_contacts
Diabetes ,,,,,polyuria,,,blurred_and_distorted_vision,"excessive_hunger,fatigue,increased_appetite,lethargy",restlessness,,"obesity,weight_loss",irregular_sugar_level
Gastroenteritis,,,,"diarrhoea,vomiting",,,,sunken_eyes,,,,,dehydration
Bronchial Asthma,,"breathlessness,cough,mucoid_sputum",high_fever,,,,,,fatigue,,,,family_history
Hypertension ,"chest_pain,headache",,,,,,"dizziness,loss_of_balance",,,lack_of_concentration,,,
Migraine,headache,,,"acidity,indigestion",,,,blurred_and_distorted_vision,excessive_hunger,"depression,irritability",stiff_neck,,visual_disturbances
Cervical spondylosis,"back_pain,neck_pain",,,,,,"dizziness,loss_of_balance,weakness_in_limbs",,,,,,
Paralysis (brain hemorrhage),headache,,,vomiting,,,"altered_sensorium,weakness_of_one_body_side",,,,,,
Jaundice,abdominal_pain,,high_fever,vomiting,dark_urine,"itching,yellowish_skin",,,fatigue,,,weight_loss,
Malaria,"headache,muscle_pain",,"chills,high_fever,sweating","diarrhoea,nausea,vomiting",,,,,,,,,
Chicken pox,headache,,"high_fever,mild_fever",,,"itching,skin_rash",,,"fatigue,lethargy,loss_of_appetite,malaise",,,,"red_spots_over_body,swelled_lymph_nodes"
Dengue,"back_pain,headache,joint_pain,muscle_pain,pain_behind_the_eyes",,"chills,high_fever","nausea,vomiting",,skin_rash,,,"fatigue,loss_of_appetite,malaise",,,,red_spots_over_body
Typhoid,"abdominal_pain,belly_pain,headache",,"chills,high_fever","constipation,diarrhoea,nausea,vomiting",,,,,fatigue,,,,toxic_look_(typhos)
hepatitis A,"abdominal_pain,joint_pain,muscle_pain",,mild_fever,"diarrhoea,nausea,vomiting",dark_urine,yellowish_skin,,yellowing_of_eyes,loss_of_appetite,,,,
Hepatitis B,abdominal_pain,,,,"dark_urine,yellow_urine","itching,yellowish_skin",,yellowing_of_eyes,"fatigue,lethargy,loss_of_appetite,malaise",,,,"receiving_blood_transfusion,receiving_unsterile_injections"
Hepatitis C,,,,nausea,,yellowish_skin,,yellowing_of_eyes,"fatigue,loss_of_appetite",,,,family_history
Hepatitis D,"abdominal_pain,joint_pain",,,"nausea,vomiting",dark_urine,yellowish_skin,,yellowing_of_eyes,"fatigue,loss_of_appetite",,,,
Hepatitis E,"abdominal_pain,joint_pain",,high_fever,"nausea,stomach_bleeding,vomiting",dark_urine,yellowish_skin,coma,yellowing_of_eyes,"fatigue,loss_of_appetite",,,,acute_liver_failure
Alcoholic hepatitis,abdominal_pain,,,"swelling_of_stomach,vomiting",,yellowish_skin,,,,,,,"distention_of_abdomen,fluid_overload,history_of_alcohol_consumption"
Tuberculosis,chest_pain,"blood_in_sputum,breathlessness,cough,phlegm","chills,high_fever,mild_fever,sweating",vomiting,,,,yellowing_of_eyes,"fatigue,loss_of_appetite,malaise",,,weight_loss,swelled_lymph_nodes
Common Cold,"chest_pain,headache,muscle_pain","congestion,continuous_sneezing,cough,phlegm,runny_nose,throat_irritation","chills,high_fever",,,redness_of_eyes,,,"fatigue,malaise",,,,"loss_of_smell,sinus_pressure,swelled_lymph_nodes"
Pneumonia,chest_pain,"breathlessness,cough,phlegm,rusty_sputum","chills,high_fever,sweating",,,,,,"fatigue,malaise",,,,fast_heart_rate
Dimorphic hemmorhoids(piles),"pain_during_bowel_movements,pain_in_anal_region",,,constipation,,,,,,,,,"bloody_stool,irritation_in_anus"
Heart attack,chest_pain,breathlessness,sweating,vomiting,,,,,,,,,
Varicose veins,cramps,,,,,,,,fatigue,,,obesity,"bruising,prominent_veins_on_calf,swollen_blood_vessels,swollen_legs"
Hypothyroidism,,,,,,,dizziness,puffy_face_and_eyes,"fatigue,lethargy","depression,irritability,mood_swings",,weight_gain,"abnormal_menstruation,brittle_nails,cold_hands_and_feets,enlarged_thyroid,swollen_extremeties"
Hyperthyroidism,,,sweating,diarrhoea,,,muscle_weakness,,"excessive_hunger,fatigue","irritability,mood_swings,restlessness",,weight_loss,"abnormal_menstruation,fast_heart_rate"
Hypoglycemia,headache,,sweating,"nausea,vomiting",,,slurred_speech,blurred_and_distorted_vision,"excessive_hunger,fatigue","anxiety,irritability",,,"drying_and_tingling_lips,palpitations"
Osteoarthristis,"hip_joint_pain,joint_pain,knee_pain,neck_pain,painful_walking",,,,,,,,,,swelling_joints,,
Arthritis,painful_walking,,,,,,muscle_weakness,,,,"movement_stiffness,stiff_neck,swelling_joints",,
(vertigo) Paroymsal  Positional Vertigo,headache,,,"nausea,vomiting",,,"loss_of_balance,unsteadiness",,,,spinning_movements,,
Acne,,,,,,"blackheads,pus_filled_pimples,skin_rash",,,,,,,scurring
Urinary tract infection,,,,,"bladder_discomfort,burning_micturition,continuous_feel_of_urine,foul_smell_of_urine",,,,,,,,
Psoriasis,joint_pain,,,,,"skin_peeling,skin_rash",,,,,,,"inflammatory_nails,silver_like_dusting,small_dents_in_nails"
Impetigo,red_sore_around_nose,,high_fever,,,"blister,skin_rash",,,,,,,yellow_crust_ooze
Fungal infection,,,,,,"dischromic__patches,itching,nodal_skin_eruptions,skin_rash",,,,,,,
Allergy,,continuous_sneezing,"chills,shivering",,,,,watering_from_eyes,,,,,
GERD,"chest_pain,stomach_pain",cough,,"acidity,vomiting",,,,,,,,,ulcers_on_tongue
Chronic cholestasis,abdominal_pain,,,"nausea,vomiting",,"itching,yellowish_skin",,yellowing_of_eyes,loss_of_appetite,,,,
Drug Reaction,stomach_pain,,,,"burning_micturition,spotting__urination","itching,skin_rash",,,,,,,
Peptic ulcer diseae,abdominal_pain,,,"indigestion,passage_of_gases,vomiting",,internal_itching,,,loss_of_appetite,,,,
AIDS,,patches_in_throat,high_fever,,,,,,,,muscle_wasting,,extra_marital_contacts
Diabetes ,,,,,polyuria,,,blurred_and_distorted_vision,"excessive_hunger,fatigue,increased_appetite,lethargy",restlessness,,"obesity,weight_loss",irregular_sugar_level
Gastroenteritis,,,,"diarrhoea,vomiting",,,,sunken_eyes,,,,,dehydration
Bronchial Asthma,,"breathlessness,cough,mucoid_sputum",high_fever,,,,,,fatigue,,,,family_history
Hypertension ,"chest_pain,headache",,,,,,"dizziness,loss_of_balance",,,lack_of_concentration,,,
Migraine,headache,,,"acidity,indigestion",,,,blurred_and_distorted_vision,excessive_hunger,"depression,irritability",stiff_neck,,visual_disturbances
Cervical spondylosis,"back_pain,neck_pain",,,,,,"dizziness,loss_of_balance,weakness_in_limbs",,,,,,
Paralysis (brain hemorrhage),headache,,,vomiting,,,"altered_sensorium,weakness_of_one_body_side",,,,,,
Jaundice,abdominal_pain,,high_fever,vomiting,dark_urine,"itching,yellowish_skin",,,fatigue,,,weight_loss,
Malaria,"headache,muscle_pain",,"chills,high_fever,sweating","diarrhoea,nausea,vomiting",,,,,,,,,
Chicken pox,headache,,"high_fever,mild_fever",,,"itching,skin_rash",,,"fatigue,lethargy,loss_of_appetite,malaise",,,,"red_spots_over_body,swelled_lymph_nodes"
Dengue,"back_pain,headache,joint_pain,muscle_pain,pain_behind_the_eyes",,"chills,high_fever","nausea,vomiting",,skin_rash,,,"fatigue,loss_of_appetite,malaise",,,,red_spots_over_body
Typhoid,"abdominal_pain,belly_pain,headache",,"chills,high_fever","constipation,diarrhoea,nausea,vomiting",,,,,fatigue,,,,toxic_look_(typhos)
hepatitis A,"abdominal_pain,joint_pain,muscle_pain",,mild_fever,"diarrhoea,nausea,vomiting",dark_urine,yellowish_skin,,yellowing_of_eyes,loss_of_appetite,,,,
Hepatitis B,abdominal_pain,,,,"dark_urine,yellow_urine","itching,yellowish_skin",,yellowing_of_eyes,"fatigue,lethargy,loss_of_appetite,malaise",,,,"receiving_blood_transfusion,receiving_unsterile_injections"
Hepatitis C,,,,nausea,,yellowish_skin,,yellowing_of_eyes,"fatigue,loss_of_appetite",,,,family_history
Hepatitis D,"abdominal_pain,joint_pain",,,"nausea,vomiting",dark_urine,yellowish_skin,,yellowing_of_eyes,"fatigue,loss_of_appetite",,,,
Hepatitis E,"abdominal_pain,joint_pain",,high_fever,"nausea,stomach_bleeding,vomiting",dark_urine,yellowish_skin,coma,yellowing_of_eyes,"fatigue,loss_of_appetite",,,,acute_liver_failure
Alcoholic hepatitis,abdominal_pain,,,"swelling_of_stomach,vomiting",,yellowish_skin,,,,,,,"distention_of_abdomen,fluid_overload,history_of_alcohol_consumption"
Tuberculosis,chest_pain,"blood_in_sputum,breathlessness,cough,phlegm","chills,high_fever,mild_fever,sweating",vomiting,,,,yellowing_of_eyes,"fatigue,loss_of_appetite,malaise",,,weight_loss,swelled_lymph_nodes
Common Cold,"chest_pain,headache,muscle_pain","congestion,continuous_sneezing,cough,phlegm,runny_nose,throat_irritation","chills,high_fever",,,redness_of_eyes,,,"fatigue,malaise",,,,"loss_of_smell,sinus_pressure,swelled_lymph_nodes"
Pneumonia,chest_pain,"breathlessness,cough,phlegm,rusty_sputum","chills,high_fever,sweating",,,,,,"fatigue,malaise",,,,fast_heart_rate
Dimorphic hemmorhoids(piles),"pain_during_bowel_movements,pain_in_anal_region",,,constipation,,,,,,,,,"bloody_stool,irritation_in_anus"
Heart attack,chest_pain,breathlessness,sweating,vomiting,,,,,,,,,
Varicose veins,cramps,,,,,,,,fatigue,,,obesity,"bruising,prominent_veins_on_calf,swollen_blood_vessels,swollen_legs"
Hypothyroidism,,,,,,,dizziness,puffy_face_and_eyes,"fatigue,lethargy","depression,irritability,mood_swings",,weight_gain,"abnormal_menstruation,brittle_nails,cold_hands_and_feets,enlarged_thyroid,swollen_extremeties"
Hyperthyroidism,,,sweating,diarrhoea,,,muscle_weakness,,"excessive_hunger,fatigue","irritability,mood_swings,restlessness",,weight_loss,"abnormal_menstruation,fast_heart_rate"
Hypoglycemia,headache,,sweating,"nausea,vomiting",,,slurred_speech,blurred_and_distorted_vision,"excessive_hunger,fatigue","anxiety,irritability",,,"drying_and_tingling_lips,palpitations"
Osteoarthristis,"hip_joint_pain,joint_pain,knee_pain,neck_pain,painful_walking",,,,,,,,,,swelling_joints,,
Arthritis,painful_walking,,,,,,muscle_weakness,,,,"movement_stiffness,stiff_neck,swelling_joints",,
(vertigo) Paroymsal  Positional Vertigo,headache,,,"nausea,vomiting",,,"loss_of_balance,unsteadiness",,,,spinning_movements,,
Acne,,,,,,"blackheads,pus_filled_pimples,skin_rash",,,,,,,scurring
Urinary tract infection,,,,,"bladder_discomfort,burning_micturition,continuous_feel_of_urine,foul_smell_of_urine",,,,,,,,
Psoriasis,joint_pain,,,,,"skin_peeling,skin_rash",,,,,,,"inflammatory_nails,silver_like_dusting,small_dents_in_nails"
Impetigo,red_sore_around_nose,,high_fever,,,"blister,skin_rash",,,,,,,yellow_crust_ooze
Fungal infection,,,,,,"dischromic__patches,itching,nodal_skin_eruptions,skin_rash",,,,,,,
Allergy,,continuous_sneezing,"chills,shivering",,,,,watering_from_eyes,,,,,
GERD,"chest_pain,stomach_pain",cough,,"acidity,vomiting",,,,,,,,,ulcers_on_tongue
Chronic cholestasis,abdominal_pain,,,"nausea,vomiting",,"itching,yellowish_skin",,yellowing_of_eyes,loss_of_appetite,,,,
Drug Reaction,stomach_pain,,,,"burning_micturition,spotting__urination","itching,skin_rash",,,,,,,
Peptic ulcer diseae,abdominal_pain,,,"indigestion,passage_of_gases,vomiting",,internal_itching,,,loss_of_appetite,,,,
AIDS,,patches_in_throat,high_fever,,,,,,,,muscle_wasting,,extra_marital_contacts
Diabetes ,,,,,polyuria,,,blurred_and_distorted_vision,"excessive_hunger,fatigue,increased_appetite,lethargy",restlessness,,"obesity,weight_loss",irregular_sugar_level
Gastroenteritis,,,,"diarrhoea,vomiting",,,,sunken_eyes,,,,,dehydration
Bronchial Asthma,,"breathlessness,cough,mucoid_sputum",high_fever,,,,,,fatigue,,,,family_history
Hypertension ,"chest_pain,headache",,,,,,"dizziness,loss_of_balance",,,lack_of_concentration,,,
Migraine,headache,,,"acidity,indigestion",,,,blurred_and_distorted_vision,excessive_hunger,"depression,irritability",stiff_neck,,visual_disturbances
Cervical spondylosis,"back_pain,neck_pain",,,,,,"dizziness,loss_of_balance,weakness_in_limbs",,,,,,
Paralysis (brain hemorrhage),headache,,,vomiting,,,"altered_sensorium,weakness_of_one_body_side",,,,,,
Jaundice,abdominal_pain,,high_fever,vomiting,dark_urine,"itching,yellowish_skin",,,fatigue,,,weight_loss,
Malaria,"headache,muscle_pain",,"chills,high_fever,sweating","diarrhoea,nausea,vomiting",,,,,,,,,
Chicken pox,headache,,"high_fever,mild_fever",,,"itching,skin_rash",,,"fatigue,lethargy,loss_of_appetite,malaise",,,,"red_spots_over_body,swelled_lymph_nodes"
Dengue,"back_pain,headache,joint_pain,muscle_pain,pain_behind_the_eyes",,"chills,high_fever","nausea,vomiting",,skin_rash,,,"fatigue,loss_of_appetite,malaise",,,,red_spots_over_body
Typhoid,"abdominal_pain,belly_pain,headache",,"chills,high_fever","constipation,diarrhoea,nausea,vomiting",,,,,fatigue,,,,toxic_look_(typhos)
hepatitis A,"abdominal_pain,joint_pain,muscle_pain",,mild_fever,"diarrhoea,nausea,vomiting",dark_urine,yellowish_skin,,yellowing_of_eyes,loss_of_appetite,,,,
Hepatitis B,abdominal_pain,,,,"dark_urine,yellow_urine","itching,yellowish_skin",,yellowing_of_eyes,"fatigue,lethargy,loss_of_appetite,malaise",,,,"receiving_blood_transfusion,receiving_unsterile_injections"
Hepatitis C,,,,nausea,,yellowish_skin,,yellowing_of_eyes,"fatigue,loss_of_appetite",,,,family_history
Hepatitis D,"abdominal_pain,joint_pain",,,"nausea,vomiting",dark_urine,yellowish_skin,,yellowing_of_eyes,"fatigue,loss_of_appetite",,,,
Hepatitis E,"abdominal_pain,joint_pain",,high_fever,"nausea,stomach_bleeding,vomiting",dark_urine,yellowish_skin,coma,yellowing_of_eyes,"fatigue,loss_of_appetite",,,,acute_liver_failure
Alcoholic hepatitis,abdominal_pain,,,"swelling_of_stomach,vomiting",,yellowish_skin,,,,,,,"distention_of_abdomen,fluid_overload,history_of_alcohol_consumption"
Tuberculosis,chest_pain,"blood_in_sputum,breathlessness,cough,phlegm","chills,high_fever,mild_fever,sweating",vomiting,,,,yellowing_of_eyes,"fatigue,loss_of_appetite,malaise",,,weight_loss,swelled_lymph_nodes
Common Cold,"chest_pain,headache,muscle_pain","congestion,continuous_sneezing,cough,phlegm,runny_nose,throat_irritation","chills,high_fever",,,redness_of_eyes,,,"fatigue,malaise",,,,"loss_of_smell,sinus_pressure,swelled_lymph_nodes"
Pneumonia,chest_pain,"breathlessness,cough,phlegm,rusty_sputum","chills,high_fever,sweating",,,,,,"fatigue,malaise",,,,fast_heart_rate
Dimorphic hemmorhoids(piles),"pain_during_bowel_movements,pain_in_anal_region",,,constipation,,,,,,,,,"bloody_stool,irritation_in_anus"
Heart attack,chest_pain,breathlessness,sweating,vomiting,,,,,,,,,
Varicose veins,cramps,,,,,,,,fatigue,,,obesity,"bruising,prominent_veins_on_calf,swollen_blood_vessels,swollen_legs"
Hypothyroidism,,,,,,,dizziness,puffy_face_and_eyes,"fatigue,lethargy","depression,irritability,mood_swings",,weight_gain,"abnormal_menstruation,brittle_nails,cold_hands_and_feets,enlarged_thyroid,swollen_extremeties"
Hyperthyroidism,,,sweating,diarrhoea,,,muscle_weakness,,"excessive_hunger,fatigue","irritability,mood_swings,restlessness",,weight_loss,"abnormal_menstruation,fast_heart_rate"
Hypoglycemia,headache,,sweating,"nausea,vomiting",,,slurred_speech,blurred_and_distorted_vision,"excessive_hunger,fatigue","anxiety,irritability",,,"drying_and_tingling_lips,palpitations"
Osteoarthristis,"hip_joint_pain,joint_pain,knee_pain,neck_pain,painful_walking",,,,,,,,,,swelling_joints,,
Arthritis,painful_walking,,,,,,muscle_weakness,,,,"movement_stiffness,stiff_neck,swelling_joints",,
(vertigo) Paroymsal  Positional Vertigo,headache,,,"nausea,vomiting",,,"loss_of_balance,unsteadiness",,,,spinning_movements,,
Acne,,,,,,"blackheads,pus_filled_pimples,skin_rash",,,,,,,scurring
Urinary tract infection,,,,,"bladder_discomfort,burning_micturition,continuous_feel_of_urine,foul_smell_of_urine",,,,,,,,
Psoriasis,joint_pain,,,,,"skin_peeling,skin_rash",,,,,,,"inflammatory_nails,silver_like_dusting,small_dents_in_nails"
Impetigo,red_sore_around_nose,,high_fever,,,"blister,skin_rash",,,,,,,yellow_crust_ooze
Fungal infection,,,,,,"dischromic__patches,itching,nodal_skin_eruptions,skin_rash",,,,,,,
Allergy,,continuous_sneezing,"chills,shivering",,,,,watering_from_eyes,,,,,
GERD,"chest_pain,stomach_pain",cough,,"acidity,vomiting",,,,,,,,,ulcers_on_tongue
Chronic cholestasis,abdominal_pain,,,"nausea,vomiting",,"itching,yellowish_skin",,yellowing_of_eyes,loss_of_appetite,,,,
Drug Reaction,stomach_pain,,,,"burning_micturition,spotting__urination","itching,skin_rash",,,,,,,
Peptic ulcer diseae,abdominal_pain,,,"indigestion,passage_of_gases,vomiting",,internal_itching,,,loss_of_appetite,,,,
AIDS,,patches_in_throat,high_fever,,,,,,,,muscle_wasting,,extra_marital_contacts
Diabetes ,,,,,polyuria,,,blurred_and_distorted_vision,"excessive_hunger,fatigue,increased_appetite,lethargy",restlessness,,"obesity,weight_loss",irregular_sugar_level
Gastroenteritis,,,,"diarrhoea,vomiting",,,,sunken_eyes,,,,,dehydration
Bronchial Asthma,,"breathlessness,cough,mucoid_sputum",high_fever,,,,,,fatigue,,,,family_history
Hypertension ,"chest_pain,headache",,,,,,"dizziness,loss_of_balance",,,lack_of_concentration,,,
Migraine,headache,,,"acidity,indigestion",,,,blurred_and_distorted_vision,excessive_hunger,"depression,irritability",stiff_neck,,visual_disturbances
Cervical spondylosis,"back_pain,neck_pain",,,,,,"dizziness,loss_of_balance,weakness_in_limbs",,,,,,
Paralysis (brain hemorrhage),headache,,,vomiting,,,"altered_sensorium,weakness_of_one_body_side",,,,,,
Jaundice,abdominal_pain,,high_fever,vomiting,dark_urine,"itching,yellowish_skin",,,fatigue,,,weight_loss,
Malaria,"headache,muscle_pain",,"chills,high_fever,sweating","diarrhoea,nausea,vomiting",,,,,,,,,
Chicken pox,headache,,"high_fever,mild_fever",,,"itching,skin_rash",,,"fatigue,lethargy,loss_of_appetite,malaise",,,,"red_spots_over_body,swelled_lymph_nodes"
Dengue,"back_pain,headache,joint_pain,muscle_pain,pain_behind_the_eyes",,"chills,high_fever","nausea,vomiting",,skin_rash,,,"fatigue,loss_of_appetite,malaise",,,,red_spots_over_body
Typhoid,"abdominal_pain,belly_pain,headache",,"chills,high_fever","constipation,diarrhoea,nausea,vomiting",,,,,fatigue,,,,toxic_look_(typhos)
hepatitis A,"abdominal_pain,joint_pain,muscle_pain",,mild_fever,"diarrhoea,nausea,vomiting",dark_urine,yellowish_skin,,yellowing_of_eyes,loss_of_appetite,,,,
Hepatitis B,abdominal_pain,,,,"dark_urine,yellow_urine","itching,yellowish_skin",,yellowing_of_eyes,"fatigue,lethargy,loss_of_appetite,malaise",,,,"receiving_blood_transfusion,receiving_unsterile_injections"
Hepatitis C,,,,nausea,,yellowish_skin,,yellowing_of_eyes,"fatigue,loss_of_appetite",,,,family_history
Hepatitis D,"abdominal_pain,joint_pain",,,"nausea,vomiting",dark_urine,yellowish_skin,,yellowing_of_eyes,"fatigue,loss_of_appetite",,,,
Hepatitis E,"abdominal_pain,joint_pain",,high_fever,"nausea,stomach_bleeding,vomiting",dark_urine,yellowish_skin,coma,yellowing_of_eyes,"fatigue,loss_of_appetite",,,,acute_liver_failure
Alcoholic hepatitis,abdominal_pain,,,"swelling_of_stomach,vomiting",,yellowish_skin,,,,,,,"distention_of_abdomen,fluid_overload,history_of_alcohol_consumption"
Tuberculosis,chest_pain,"blood_in_sputum,breathlessness,cough,phlegm","chills,high_fever,mild_fever,sweating",vomiting,,,,yellowing_of_eyes,"fatigue,loss_of_appetite,malaise",,,weight_loss,swelled_lymph_nodes
Common Cold,"chest_pain,headache,muscle_pain","congestion,continuous_sneezing,cough,phlegm,runny_nose,throat_irritation","chills,high_fever",,,redness_of_eyes,,,"fatigue,malaise",,,,"loss_of_smell,sinus_pressure,swelled_lymph_nodes"
Pneumonia,chest_pain,"breathlessness,cough,phlegm,rusty_sputum","chills,high_fever,sweating",,,,,,"fatigue,malaise",,,,fast_heart_rate
Dimorphic hemmorhoids(piles),"pain_during_bowel_movements,pain_in_anal_region",,,constipation,,,,,,,,,"bloody_stool,irritation_in_anus"
Heart attack,chest_pain,breathlessness,sweating,vomiting,,,,,,,,,
Varicose veins,cramps,,,,,,,,fatigue,,,obesity,"bruising,prominent_veins_on_calf,swollen_blood_vessels,swollen_legs"
Hypothyroidism,,,,,,,dizziness,puffy_face_and_eyes,"fatigue,lethargy","depression,irritability,mood_swings",,weight_gain,"abnormal_menstruation,brittle_nails,cold_hands_and_feets,enlarged_thyroid,swollen_extremeties"
Hyperthyroidism,,,sweating,diarrhoea,,,muscle_weakness,,"excessive_hunger,fatigue","irritability,mood_swings,restlessness",,weight_loss,"abnormal_menstruation,fast_heart_rate"
Hypoglycemia,headache,,sweating,"nausea,vomiting",,,slurred_speech,blurred_and_distorted_vision,"excessive_hunger,fatigue","anxiety,irritability",,,"drying_and_tingling_lips,palpitations"
Osteoarthristis,"hip_joint_pain,joint_pain,knee_pain,neck_pain,painful_walking",,,,,,,,,,swelling_joints,,
Arthritis,painful_walking,,,,,,muscle_weakness,,,,"movement_stiffness,stiff_neck,swelling_joints",,
(vertigo) Paroymsal  Positional Vertigo,headache,,,"nausea,vomiting",,,"loss_of_balance,unsteadiness",,,,spinning_movements,,
Acne,,,,,,"blackheads,pus_filled_pimples,skin_rash",,,,,,,scurring
Urinary tract infection,,,,,"bladder_discomfort,burning_micturition,continuous_feel_of_urine,foul_smell_of_urine",,,,,,,,
Psoriasis,joint_pain,,,,,"skin_peeling,skin_rash",,,,,,,"inflammatory_nails,silver_like_dusting,small_dents_in_nails"
Impetigo,red_sore_around_nose,,high_fever,,,"blister,skin_rash",,,,,,,yellow_crust_ooze
Fungal infection,,,,,,"dischromic__patches,itching,nodal_skin_eruptions,skin_rash",,,,,,,
Allergy,,continuous_sneezing,"chills,shivering",,,,,watering_from_eyes,,,,,
GERD,"chest_pain,stomach_pain",cough,,"acidity,vomiting",,,,,,,,,ulcers_on_tongue
Chronic cholestasis,abdominal_pain,,,"nausea,vomiting",,"itching,yellowish_skin",,yellowing_of_eyes,loss_of_appetite,,,,
Drug Reaction,stomach_pain,,,,"burning_micturition,spotting__urination","itching,skin_rash",,,,,,,
Peptic ulcer diseae,abdominal_pain,,,"indigestion,passage_of_gases,vomiting",,internal_itching,,,loss_of_appetite,,,,
AIDS,,patches_in_throat,high_fever,,,,,,,,muscle_wasting,,extra_marital_contacts
Diabetes ,,,,,polyuria,,,blurred_and_distorted_vision,"excessive_hunger,fatigue,increased_appetite,lethargy",restlessness,,"obesity,weight_loss",irregular_sugar_level
Gastroenteritis,,,,"diarrhoea,vomiting",,,,sunken_eyes,,,,,dehydration
Bronchial Asthma,,"breathlessness,cough,mucoid_sputum",high_fever,,,,,,fatigue,,,,family_history
Hypertension ,"chest_pain,headache",,,,,,"dizziness,loss_of_balance",,,lack_of_concentration,,,
Migraine,headache,,,"acidity,indigestion",,,,blurred_and_distorted_vision,excessive_hunger,"depression,irritability",stiff_neck,,visual_disturbances
Cervical spondylosis,"back_pain,neck_pain",,,,,,"dizziness,loss_of_balance,weakness_in_limbs",,,,,,
Paralysis (brain hemorrhage),headache,,,vomiting,,,"altered_sensorium,weakness_of_one_body_side",,,,,,
Jaundice,abdominal_pain,,high_fever,vomiting,dark_urine,"itching,yellowish_skin",,,fatigue,,,weight_loss,
Malaria,"headache,muscle_pain",,"chills,high_fever,sweating","diarrhoea,nausea,vomiting",,,,,,,,,
Chicken pox,headache,,"high_fever,mild_fever",,,"itching,skin_rash",,,"fatigue,lethargy,loss_of_appetite,malaise",,,,"red_spots_over_body,swelled_lymph_nodes"
Dengue,"back_pain,headache,joint_pain,muscle_pain,pain_behind_the_eyes",,"chills,high_fever","nausea,vomiting",,skin_rash,,,"fatigue,loss_of_appetite,malaise",,,,red_spots_over_body
Typhoid,"abdominal_pain,belly_pain,headache",,"chills,high_fever","constipation,diarrhoea,nausea,vomiting",,,,,fatigue,,,,toxic_look_(typhos)
hepatitis A,"abdominal_pain,joint_pain,muscle_pain",,mild_fever,"diarrhoea,nausea,vomiting",dark_urine,yellowish_skin,,yellowing_of_eyes,loss_of_appetite,,,,
Hepatitis B,abdominal_pain,,,,"dark_urine,yellow_urine","itching,yellowish_skin",,yellowing_of_eyes,"fatigue,lethargy,loss_of_appetite,malaise",,,,"receiving_blood_transfusion,receiving_unsterile_injections"
Hepatitis C,,,,nausea,,yellowish_skin,,yellowing_of_eyes,"fatigue,loss_of_appetite",,,,family_history
Hepatitis D,"abdominal_pain,joint_pain",,,"nausea,vomiting",dark_urine,yellowish_skin,,yellowing_of_eyes,"fatigue,loss_of_appetite",,,,
Hepatitis E,"abdominal_pain,joint_pain",,high_fever,"nausea,stomach_bleeding,vomiting",dark_urine,yellowish_skin,coma,yellowing_of_eyes,"fatigue,loss_of_appetite",,,,acute_liver_failure
Alcoholic hepatitis,abdominal_pain,,,"swelling_of_stomach,vomiting",,yellowish_skin,,,,,,,"distention_of_abdomen,fluid_overload,history_of_alcohol_consumption"
Tuberculosis,chest_pain,"blood_in_sputum,breathlessness,cough,phlegm","chills,high_fever,mild_fever,sweating",vomiting,,,,yellowing_of_eyes,"fatigue,loss_of_appetite,malaise",,,weight_loss,swelled_lymph_nodes
Common Cold,"chest_pain,headache,muscle_pain","congestion,continuous_sneezing,cough,phlegm,runny_nose,throat_irritation","chills,high_fever",,,redness_of_eyes,,,"fatigue,malaise",,,,"loss_of_smell,sinus_pressure,swelled_lymph_nodes"
Pneumonia,chest_pain,"breathlessness,cough,phlegm,rusty_sputum","chills,high_fever,sweating",,,,,,"fatigue,malaise",,,,fast_heart_rate
Dimorphic hemmorhoids(piles),"pain_during_bowel_movements,pain_in_anal_region",,,constipation,,,,,,,,,"bloody_stool,irritation_in_anus"
Heart attack,chest_pain,breathlessness,sweating,vomiting,,,,,,,,,
Varicose veins,cramps,,,,,,,,fatigue,,,obesity,"bruising,prominent_veins_on_calf,swollen_blood_vessels,swollen_legs"
Hypothyroidism,,,,,,,dizziness,puffy_face_and_eyes,"fatigue,lethargy","depression,irritability,mood_swings",,weight_gain,"abnormal_menstruation,brittle_nails,cold_hands_and_feets,enlarged_thyroid,swollen_extremeties"
Hyperthyroidism,,,sweating,diarrhoea,,,muscle_weakness,,"excessive_hunger,fatigue","irritability,mood_swings,restlessness",,weight_loss,"abnormal_menstruation,fast_heart_rate"
Hypoglycemia,headache,,sweating,"nausea,vomiting",,,slurred_speech,blurred_and_distorted_vision,"excessive_hunger,fatigue","anxiety,irritability",,,"drying_and_tingling_lips,palpitations"
Osteoarthristis,"hip_joint_pain,joint_pain,knee_pain,neck_pain,painful_walking",,,,,,,,,,swelling_joints,,
Arthritis,painful_walking,,,,,,muscle_weakness,,,,"movement_stiffness,stiff_neck,swelling_joints",,
(vertigo) Paroymsal  Positional Vertigo,headache,,,"nausea,vomiting",,,"loss_of_balance,unsteadiness",,,,spinning_movements,,
Acne,,,,,,"blackheads,pus_filled_pimples,skin_rash",,,,,,,scurring
Urinary tract infection,,,,,"bladder_discomfort,burning_micturition,continuous_feel_of_urine,foul_smell_of_urine",,,,,,,,
Psoriasis,joint_pain,,,,,"skin_peeling,skin_rash",,,,,,,"inflammatory_nails,silver_like_dusting,small_dents_in_nails"
Impetigo,red_sore_around_nose,,high_fever,,,"blister,skin_rash",,,,,,,yellow_crust_ooze
Fungal infection,,,,,,"dischromic__patches,itching,nodal_skin_eruptions,skin_rash",,,,,,,
Allergy,,continuous_sneezing,"chills,shivering",,,,,watering_from_eyes,,,,,
GERD,"chest_pain,stomach_pain",cough,,"acidity,vomiting",,,,,,,,,ulcers_on_tongue
Chronic cholestasis,abdominal_pain,,,"nausea,vomiting",,"itching,yellowish_skin",,yellowing_of_eyes,loss_of_appetite,,,,
Drug Reaction,stomach_pain,,,,"burning_micturition,spotting__urination","itching,skin_rash",,,,,,,
Peptic ulcer diseae,abdominal_pain,,,"indigestion,passage_of_gases,vomiting",,internal_itching,,,loss_of_appetite,,,,
AIDS,,patches_in_throat,high_fever,,,,,,,,muscle_wasting,,extra_marital_contacts
Diabetes ,,,,,polyuria,,,blurred_and_distorted_vision,"excessive_hunger,fatigue,increased_appetite,lethargy",restlessness,,"obesity,weight_loss",irregular_sugar_level
Gastroenteritis,,,,"diarrhoea,vomiting",,,,sunken_eyes,,,,,dehydration
Bronchial Asthma,,"breathlessness,cough,mucoid_sputum",high_fever,,,,,,fatigue,,,,family_history
Hypertension ,"chest_pain,headache",,,,,,"dizziness,loss_of_balance",,,lack_of_concentration,,,
Migraine,headache,,,"acidity,indigestion",,,,blurred_and_distorted_vision,excessive_hunger,"depression,irritability",stiff_neck,,visual_disturbances
Cervical spondylosis,"back_pain,neck_pain",,,,,,"dizziness,loss_of_balance,weakness_in_limbs",,,,,,
Paralysis (brain hemorrhage),headache,,,vomiting,,,"altered_sensorium,weakness_of_one_body_side",,,,,,
Jaundice,abdominal_pain,,high_fever,vomiting,dark_urine,"itching,yellowish_skin",,,fatigue,,,weight_loss,
Malaria,"headache,muscle_pain",,"chills,high_fever,sweating","diarrhoea,nausea,vomiting",,,,,,,,,
Chicken pox,headache,,"high_fever,mild_fever",,,"itching,skin_rash",,,"fatigue,lethargy,loss_of_appetite,malaise",,,,"red_spots_over_body,swelled_lymph_nodes"
Dengue,"back_pain,headache,joint_pain,muscle_pain,pain_behind_the_eyes",,"chills,high_fever","nausea,vomiting",,skin_rash,,,"fatigue,loss_of_appetite,malaise",,,,red_spots_over_body
Typhoid,"abdominal_pain,belly_pain,headache",,"chills,high_fever","constipation,diarrhoea,nausea,vomiting",,,,,fatigue,,,,toxic_look_(typhos)
hepatitis A,"abdominal_pain,joint_pain,muscle_pain",,mild_fever,"diarrhoea,nausea,vomiting",dark_urine,yellowish_skin,,yellowing_of_eyes,loss_of_appetite,,,,
Hepatitis B,abdominal_pain,,,,"dark_urine,yellow_urine","itching,yellowish_skin",,yellowing_of_eyes,"fatigue,lethargy,loss_of_appetite,malaise",,,,"receiving_blood_transfusion,receiving_unsterile_injections"
Hepatitis C,,,,nausea,,yellowish_skin,,yellowing_of_eyes,"fatigue,loss_of_appetite",,,,family_history
Hepatitis D,"abdominal_pain,joint_pain",,,"nausea,vomiting",dark_urine,yellowish_skin,,yellowing_of_eyes,"fatigue,loss_of_appetite",,,,
Hepatitis E,"abdominal_pain,joint_pain",,high_fever,"nausea,stomach_bleeding,vomiting",dark_urine,yellowish_skin,coma,yellowing_of_eyes,"fatigue,loss_of_appetite",,,,acute_liver_failure
Alcoholic hepatitis,abdominal_pain,,,"swelling_of_stomach,vomiting",,yellowish_skin,,,,,,,"distention_of_abdomen,fluid_overload,history_of_alcohol_consumption"
Tuberculosis,chest_pain,"blood_in_sputum,breathlessness,cough,phlegm","chills,high_fever,mild_fever,sweating",vomiting,,,,yellowing_of_eyes,"fatigue,loss_of_appetite,malaise",,,weight_loss,swelled_lymph_nodes
Common Cold,"chest_pain,headache,muscle_pain","congestion,continuous_sneezing,cough,phlegm,runny_nose,throat_irritation","chills,high_fever",,,redness_of_eyes,,,"fatigue,malaise",,,,"loss_of_smell,sinus_pressure,swelled_lymph_nodes"
Pneumonia,chest_pain,"breathlessness,cough,phlegm,rusty_sputum","chills,high_fever,sweating",,,,,,"fatigue,malaise",,,,fast_heart_rate
Dimorphic hemmorhoids(piles),"pain_during_bowel_movements,pain_in_anal_region",,,constipation,,,,,,,,,"bloody_stool,irritation_in_anus"
Heart attack,chest_pain,breathlessness,sweating,vomiting,,,,,,,,,
Varicose veins,cramps,,,,,,,,fatigue,,,obesity,"bruising,prominent_veins_on_calf,swollen_blood_vessels,swollen_legs"
Hypothyroidism,,,,,,,dizziness,puffy_face_and_eyes,"fatigue,lethargy","depression,irritability,mood_swings",,weight_gain,"abnormal_menstruation,brittle_nails,cold_hands_and_feets,enlarged_thyroid,swollen_extremeties"
Hyperthyroidism,,,sweating,diarrhoea,,,muscle_weakness,,"excessive_hunger,fatigue","irritability,mood_swings,restlessness",,weight_loss,"abnormal_menstruation,fast_heart_rate"
Hypoglycemia,headache,,sweating,"nausea,vomiting",,,slurred_speech,blurred_and_distorted_vision,"excessive_hunger,fatigue","anxiety,irritability",,,"drying_and_tingling_lips,palpitations"
Osteoarthristis,"hip_joint_pain,joint_pain,knee_pain,neck_pain,painful_walking",,,,,,,,,,swelling_joints,,
Arthritis,painful_walking,,,,,,muscle_weakness,,,,"movement_stiffness,stiff_neck,swelling_joints",,
(vertigo) Paroymsal  Positional Vertigo,headache,,,"nausea,vomiting",,,"loss_of_balance,unsteadiness",,,,spinning_movements,,
Acne,,,,,,"blackheads,pus_filled_pimples,skin_rash",,,,,,,scurring
Urinary tract infection,,,,,"bladder_discomfort,burning_micturition,continuous_feel_of_urine,foul_smell_of_urine",,,,,,,,
Psoriasis,joint_pain,,,,,"skin_peeling,skin_rash",,,,,,,"inflammatory_nails,silver_like_dusting,small_dents_in_nails"
Impetigo,red_sore_around_nose,,high_fever,,,"blister,skin_rash",,,,,,,yellow_crust_ooze
Fungal infection,,,,,,"dischromic__patches,itching,nodal_skin_eruptions,skin_rash",,,,,,,
Allergy,,continuous_sneezing,"chills,shivering",,,,,watering_from_eyes,,,,,
GERD,"chest_pain,stomach_pain",cough,,"acidity,vomiting",,,,,,,,,ulcers_on_tongue
Chronic cholestasis,abdominal_pain,,,"nausea,vomiting",,"itching,yellowish_skin",,yellowing_of_eyes,loss_of_appetite,,,,
Drug Reaction,stomach_pain,,,,"burning_micturition,spotting__urination","itching,skin_rash",,,,,,,
Peptic ulcer diseae,abdominal_pain,,,"indigestion,passage_of_gases,vomiting",,internal_itching,,,loss_of_appetite,,,,
AIDS,,patches_in_throat,high_fever,,,,,,,,muscle_wasting,,extra_marital_contacts
Diabetes ,,,,,polyuria,,,blurred_and_distorted_vision,"excessive_hunger,fatigue,increased_appetite,lethargy",restlessness,,"obesity,weight_loss",irregular_sugar_level
Gastroenteritis,,,,"diarrhoea,vomiting",,,,sunken_eyes,,,,,dehydration
Bronchial Asthma,,"breathlessness,cough,mucoid_sputum",high_fever,,,,,,fatigue,,,,family_history
Hypertension ,"chest_pain,headache",,,,,,"dizziness,loss_of_balance",,,lack_of_concentration,,,
Migraine,headache,,,"acidity,indigestion",,,,blurred_and_distorted_vision,excessive_hunger,"depression,irritability",stiff_neck,,visual_disturbances
Cervical spondylosis,"back_pain,neck_pain",,,,,,"dizziness,loss_of_balance,weakness_in_limbs",,,,,,
Paralysis (brain hemorrhage),headache,,,vomiting,,,"altered_sensorium,weakness_of_one_body_side",,,,,,
Jaundice,abdominal_pain,,high_fever,vomiting,dark_urine,"itching,yellowish_skin",,,fatigue,,,weight_loss,
Malaria,"headache,muscle_pain",,"chills,high_fever,sweating","diarrhoea,nausea,vomiting",,,,,,,,,
Chicken pox,headache,,"high_fever,mild_fever",,,"itching,skin_rash",,,"fatigue,lethargy,loss_of_appetite,malaise",,,,"red_spots_over_body,swelled_lymph_nodes"
Dengue,"back_pain,headache,joint_pain,muscle_pain,pain_behind_the_eyes",,"chills,high_fever","nausea,vomiting",,skin_rash,,,"fatigue,loss_of_appetite,malaise",,,,red_spots_over_body
Typhoid,"abdominal_pain,belly_pain,headache",,"chills,high_fever","constipation,diarrhoea,nausea,vomiting",,,,,fatigue,,,,toxic_look_(typhos)
hepatitis A,"abdominal_pain,joint_pain,muscle_pain",,mild_fever,"diarrhoea,nausea,vomiting",dark_urine,yellowish_skin,,yellowing_of_eyes,loss_of_appetite,,,,
Hepatitis B,abdominal_pain,,,,"dark_urine,yellow_urine","itching,yellowish_skin",,yellowing_of_eyes,"fatigue,lethargy,loss_of_appetite,malaise",,,,"receiving_blood_transfusion,receiving_unsterile_injections"
Hepatitis C,,,,nausea,,yellowish_skin,,yellowing_of_eyes,"fatigue,loss_of_appetite",,,,family_history
Hepatitis D,"abdominal_pain,joint_pain",,,"nausea,vomiting",dark_urine,yellowish_skin,,yellowing_of_eyes,"fatigue,loss_of_appetite",,,,
Hepatitis E,"abdominal_pain,joint_pain",,high_fever,"nausea,stomach_bleeding,vomiting",dark_urine,yellowish_skin,coma,yellowing_of_eyes,"fatigue,loss_of_appetite",,,,acute_liver_failure
Alcoholic hepatitis,abdominal_pain,,,"swelling_of_stomach,vomiting",,yellowish_skin,,,,,,,"distention_of_abdomen,fluid_overload,history_of_alcohol_consumption"
Tuberculosis,chest_pain,"blood_in_sputum,breathlessness,cough,phlegm","chills,high_fever,mild_fever,sweating",vomiting,,,,yellowing_of_eyes,"fatigue,loss_of_appetite,malaise",,,weight_loss,swelled_lymph_nodes
Common Cold,"chest_pain,headache,muscle_pain","congestion,continuous_sneezing,cough,phlegm,runny_nose,throat_irritation","chills,high_fever",,,redness_of_eyes,,,"fatigue,malaise",,,,"loss_of_smell,sinus_pressure,swelled_lymph_nodes"
Pneumonia,chest_pain,"breathlessness,cough,phlegm,rusty_sputum","chills,high_fever,sweating",,,,,,"fatigue,malaise",,,,fast_heart_rate
Dimorphic hemmorhoids(piles),"pain_during_bowel_movements,pain_in_anal_region",,,constipation,,,,,,,,,"bloody_stool,irritation_in_anus"
Heart attack,chest_pain,breathlessness,sweating,vomiting,,,,,,,,,
Varicose veins,cramps,,,,,,,,fatigue,,,obesity,"bruising,prominent_veins_on_calf,swollen_blood_vessels,swollen_legs"
Hypothyroidism,,,,,,,dizziness,puffy_face_and_eyes,"fatigue,lethargy","depression,irritability,mood_swings",,weight_gain,"abnormal_menstruation,brittle_nails,cold_hands_and_feets,enlarged_thyroid,swollen_extremeties"
Hyperthyroidism,,,sweating,diarrhoea,,,muscle_weakness,,"excessive_hunger,fatigue","irritability,mood_swings,restlessness",,weight_loss,"abnormal_menstruation,fast_heart_rate"
Hypoglycemia,headache,,sweating,"nausea,vomiting",,,slurred_speech,blurred_and_distorted_vision,"excessive_hunger,fatigue","anxiety,irritability",,,"drying_and_tingling_lips,palpitations"
Osteoarthristis,"hip_joint_pain,joint_pain,knee_pain,neck_pain,painful_walking",,,,,,,,,,swelling_joints,,
Arthritis,painful_walking,,,,,,muscle_weakness,,,,"movement_stiffness,stiff_neck,swelling_joints",,
(vertigo) Paroymsal  Positional Vertigo,headache,,,"nausea,vomiting",,,"loss_of_balance,unsteadiness",,,,spinning_movements,,
Acne,,,,,,"blackheads,pus_filled_pimples,skin_rash",,,,,,,scurring
Urinary tract infection,,,,,"bladder_discomfort,burning_micturition,continuous_feel_of_urine,foul_smell_of_urine",,,,,,,,
Psoriasis,joint_pain,,,,,"skin_peeling,skin_rash",,,,,,,"inflammatory_nails,silver_like_dusting,small_dents_in_nails"
Impetigo,red_sore_around_nose,,high_fever,,,"blister,skin_rash",,,,,,,yellow_crust_ooze
Fungal infection,,,,,,"dischromic__patches,itching,nodal_skin_eruptions,skin_rash",,,,,,,
Allergy,,continuous_sneezing,"chills,shivering",,,,,watering_from_eyes,,,,,
GERD,"chest_pain,stomach_pain",cough,,"acidity,vomiting",,,,,,,,,ulcers_on_tongue
Chronic cholestasis,abdominal_pain,,,"nausea,vomiting",,"itching,yellowish_skin",,yellowing_of_eyes,loss_of_appetite,,,,
Drug Reaction,stomach_pain,,,,"burning_micturition,spotting__urination","itching,skin_rash",,,,,,,
Peptic ulcer diseae,abdominal_pain,,,"indigestion,passage_of_gases,vomiting",,internal_itching,,,loss_of_appetite,,,,
AIDS,,patches_in_throat,high_fever,,,,,,,,muscle_wasting,,extra_marital_contacts
Diabetes ,,,,,polyuria,,,blurred_and_distorted_vision,"excessive_hunger,fatigue,increased_appetite,lethargy",restlessness,,"obesity,weight_loss",irregular_sugar_level
Gastroenteritis,,,,"diarrhoea,vomiting",,,,sunken_eyes,,,,,dehydration
Bronchial Asthma,,"breathlessness,cough,mucoid_sputum",high_fever,,,,,,fatigue,,,,family_history
Hypertension ,"chest_pain,headache",,,,,,"dizziness,loss_of_balance",,,lack_of_concentration,,,
Migraine,headache,,,"acidity,indigestion",,,,blurred_and_distorted_vision,excessive_hunger,"depression,irritability",stiff_neck,,visual_disturbances
Cervical spondylosis,"back_pain,neck_pain",,,,,,"dizziness,loss_of_balance,weakness_in_limbs",,,,,,
Paralysis (brain hemorrhage),headache,,,vomiting,,,"altered_sensorium,weakness_of_one_body_side",,,,,,
Jaundice,abdominal_pain,,high_fever,vomiting,dark_urine,"itching,yellowish_skin",,,fatigue,,,weight_loss,
Malaria,"headache,muscle_pain",,"chills,high_fever,sweating","diarrhoea,nausea,vomiting",,,,,,,,,
Chicken pox,headache,,"high_fever,mild_fever",,,"itching,skin_rash",,,"fatigue,lethargy,loss_of_appetite,malaise",,,,"red_spots_over_body,swelled_lymph_nodes"
Dengue,"back_pain,headache,joint_pain,muscle_pain,pain_behind_the_eyes",,"chills,high_fever","nausea,vomiting",,skin_rash,,,"fatigue,loss_of_appetite,malaise",,,,red_spots_over_body
Typhoid,"abdominal_pain,belly_pain,headache",,"chills,high_fever","constipation,diarrhoea,nausea,vomiting",,,,,fatigue,,,,toxic_look_(typhos)
hepatitis A,"abdominal_pain,joint_pain,muscle_pain",,mild_fever,"diarrhoea,nausea,vomiting",dark_urine,yellowish_skin,,yellowing_of_eyes,loss_of_appetite,,,,
Hepatitis B,abdominal_pain,,,,"dark_urine,yellow_urine","itching,yellowish_skin",,yellowing_of_eyes,"fatigue,lethargy,loss_of_appetite,malaise",,,,"receiving_blood_transfusion,receiving_unsterile_injections"
Hepatitis C,,,,nausea,,yellowish_skin,,yellowing_of_eyes,"fatigue,loss_of_appetite",,,,family_history
Hepatitis D,"abdominal_pain,joint_pain",,,"nausea,vomiting",dark_urine,yellowish_skin,,yellowing_of_eyes,"fatigue,loss_of_appetite",,,,
Hepatitis E,"abdominal_pain,joint_pain",,high_fever,"nausea,stomach_bleeding,vomiting",dark_urine,yellowish_skin,coma,yellowing_of_eyes,"fatigue,loss_of_appetite",,,,acute_liver_failure
Alcoholic hepatitis,abdominal_pain,,,"swelling_of_stomach,vomiting",,yellowish_skin,,,,,,,"distention_of_abdomen,fluid_overload,history_of_alcohol_consumption"
Tuberculosis,chest_pain,"blood_in_sputum,breathlessness,cough,phlegm","chills,high_fever,mild_fever,sweating",vomiting,,,,yellowing_of_eyes,"fatigue,loss_of_appetite,malaise",,,weight_loss,swelled_lymph_nodes
Common Cold,"chest_pain,headache,muscle_pain","congestion,continuous_sneezing,cough,phlegm,runny_nose,throat_irritation","chills,high_fever",,,redness_of_eyes,,,"fatigue,malaise",,,,"loss_of_smell,sinus_pressure,swelled_lymph_nodes"
Pneumonia,chest_pain,"breathlessness,cough,phlegm,rusty_sputum","chills,high_fever,sweating",,,,,,"fatigue,malaise",,,,fast_heart_rate
Dimorphic hemmorhoids(piles),"pain_during_bowel_movements,pain_in_anal_region",,,constipation,,,,,,,,,"bloody_stool,irritation_in_anus"
Heart attack,chest_pain,breathlessness,sweating,vomiting,,,,,,,,,
Varicose veins,cramps,,,,,,,,fatigue,,,obesity,"bruising,prominent_veins_on_calf,swollen_blood_vessels,swollen_legs"
Hypothyroidism,,,,,,,dizziness,puffy_face_and_eyes,"fatigue,lethargy","depression,irritability,mood_swings",,weight_gain,"abnormal_menstruation,brittle_nails,cold_hands_and_feets,enlarged_thyroid,swollen_extremeties"
Hyperthyroidism,,,sweating,diarrhoea,,,muscle_weakness,,"excessive_hunger,fatigue","irritability,mood_swings,restlessness",,weight_loss,"abnormal_menstruation,fast_heart_rate"
Hypoglycemia,headache,,sweating,"nausea,vomiting",,,slurred_speech,blurred_and_distorted_vision,"excessive_hunger,fatigue","anxiety,irritability",,,"drying_and_tingling_lips,palpitations"
Osteoarthristis,"hip_joint_pain,joint_pain,knee_pain,neck_pain,painful_walking",,,,,,,,,,swelling_joints,,
Arthritis,painful_walking,,,,,,muscle_weakness,,,,"movement_stiffness,stiff_neck,swelling_joints",,
(vertigo) Paroymsal  Positional Vertigo,headache,,,"nausea,vomiting",,,"loss_of_balance,unsteadiness",,,,spinning_movements,,
Acne,,,,,,"blackheads,pus_filled_pimples,skin_rash",,,,,,,scurring
Urinary tract infection,,,,,"bladder_discomfort,burning_micturition,continuous_feel_of_urine,foul_smell_of_urine",,,,,,,,
Psoriasis,joint_pain,,,,,"skin_peeling,skin_rash",,,,,,,"inflammatory_nails,silver_like_dusting,small_dents_in_nails"
Impetigo,red_sore_around_nose,,high_fever,,,"blister,skin_rash",,,,,,,yellow_crust_ooze
Fungal infection,,,,,,"dischromic__patches,itching,nodal_skin_eruptions,skin_rash",,,,,,,
Allergy,,continuous_sneezing,"chills,shivering",,,,,watering_from_eyes,,,,,
GERD,"chest_pain,stomach_pain",cough,,"acidity,vomiting",,,,,,,,,ulcers_on_tongue
Chronic cholestasis,abdominal_pain,,,"nausea,vomiting",,"itching,yellowish_skin",,yellowing_of_eyes,loss_of_appetite,,,,
Drug Reaction,stomach_pain,,,,"burning_micturition,spotting__urination","itching,skin_rash",,,,,,,
Peptic ulcer diseae,abdominal_pain,,,"indigestion,passage_of_gases,vomiting",,internal_itching,,,loss_of_appetite,,,,
AIDS,,patches_in_throat,high_fever,,,,,,,,muscle_wasting,,extra_marital_contacts
Diabetes ,,,,,polyuria,,,blurred_and_distorted_vision,"excessive_hunger,fatigue,increased_appetite,lethargy",restlessness,,"obesity,weight_loss",irregular_sugar_level
Gastroenteritis,,,,"diarrhoea,vomiting",,,,sunken_eyes,,,,,dehydration
Bronchial Asthma,,"breathlessness,cough,mucoid_sputum",high_fever,,,,,,fatigue,,,,family_history
Hypertension ,"chest_pain,headache",,,,,,"dizziness,loss_of_balance",,,lack_of_concentration,,,
Migraine,headache,,,"acidity,indigestion",,,,blurred_and_distorted_vision,excessive_hunger,"depression,irritability",stiff_neck,,visual_disturbances
Cervical spondylosis,"back_pain,neck_pain",,,,,,"dizziness,loss_of_balance,weakness_in_limbs",,,,,,
Paralysis (brain hemorrhage),headache,,,vomiting,,,"altered_sensorium,weakness_of_one_body_side",,,,,,
Jaundice,abdominal_pain,,high_fever,vomiting,dark_urine,"itching,yellowish_skin",,,fatigue,,,weight_loss,
Malaria,"headache,muscle_pain",,"chills,high_fever,sweating","diarrhoea,nausea,vomiting",,,,,,,,,
Chicken pox,headache,,"high_fever,mild_fever",,,"itching,skin_rash",,,"fatigue,lethargy,loss_of_appetite,malaise",,,,"red_spots_over_body,swelled_lymph_nodes"
Dengue,"back_pain,headache,joint_pain,muscle_pain,pain_behind_the_eyes",,"chills,high_fever","nausea,vomiting",,skin_rash,,,"fatigue,loss_of_appetite,malaise",,,,red_spots_over_body
Typhoid,"abdominal_pain,belly_pain,headache",,"chills,high_fever","constipation,diarrhoea,nausea,vomiting",,,,,fatigue,,,,toxic_look_(typhos)
hepatitis A,"abdominal_pain,joint_pain,muscle_pain",,mild_fever,"diarrhoea,nausea,vomiting",dark_urine,yellowish_skin,,yellowing_of_eyes,loss_of_appetite,,,,
Hepatitis B,abdominal_pain,,,,"dark_urine,yellow_urine","itching,yellowish_skin",,yellowing_of_eyes,"fatigue,lethargy,loss_of_appetite,malaise",,,,"receiving_blood_transfusion,receiving_unsterile_injections"
Hepatitis C,,,,nausea,,yellowish_skin,,yellowing_of_eyes,"fatigue,loss_of_appetite",,,,family_history
Hepatitis D,"abdominal_pain,joint_pain",,,"nausea,vomiting",dark_urine,yellowish_skin,,yellowing_of_eyes,"fatigue,loss_of_appetite",,,,
Hepatitis E,"abdominal_pain,joint_pain",,high_fever,"nausea,stomach_bleeding,vomiting",dark_urine,yellowish_skin,coma,yellowing_of_eyes,"fatigue,loss_of_appetite",,,,acute_liver_failure
Alcoholic hepatitis,abdominal_pain,,,"swelling_of_stomach,vomiting",,yellowish_skin,,,,,,,"distention_of_abdomen,fluid_overload,history_of_alcohol_consumption"
Tuberculosis,chest_pain,"blood_in_sputum,breathlessness,cough,phlegm","chills,high_fever,mild_fever,sweating",vomiting,,,,yellowing_of_eyes,"fatigue,loss_of_appetite,malaise",,,weight_loss,swelled_lymph_nodes
Common Cold,"chest_pain,headache,muscle_pain","congestion,continuous_sneezing,cough,phlegm,runny_nose,throat_irritation","chills,high_fever",,,redness_of_eyes,,,"fatigue,malaise",,,,"loss_of_smell,sinus_pressure,swelled_lymph_nodes"
Pneumonia,chest_pain,"breathlessness,cough,phlegm,rusty_sputum","chills,high_fever,sweating",,,,,,"fatigue,malaise",,,,fast_heart_rate
Dimorphic hemmorhoids(piles),"pain_during_bowel_movements,pain_in_anal_region",,,constipation,,,,,,,,,"bloody_stool,irritation_in_anus"
Heart attack,chest_pain,breathlessness,sweating,vomiting,,,,,,,,,
Varicose veins,cramps,,,,,,,,fatigue,,,obesity,"bruising,prominent_veins_on_calf,swollen_blood_vessels,swollen_legs"
Hypothyroidism,,,,,,,dizziness,puffy_face_and_eyes,"fatigue,lethargy","depression,irritability,mood_swings",,weight_gain,"abnormal_menstruation,brittle_nails,cold_hands_and_feets,enlarged_thyroid,swollen_extremeties"
Hyperthyroidism,,,sweating,diarrhoea,,,muscle_weakness,,"excessive_hunger,fatigue","irritability,mood_swings,restlessness",,weight_loss,"abnormal_menstruation,fast_heart_rate"
Hypoglycemia,headache,,sweating,"nausea,vomiting",,,slurred_speech,blurred_and_distorted_vision,"excessive_hunger,fatigue","anxiety,irritability",,,"drying_and_tingling_lips,palpitations"
Osteoarthristis,"hip_joint_pain,joint_pain,knee_pain,neck_pain,painful_walking",,,,,,,,,,swelling_joints,,
Arthritis,painful_walking,,,,,,muscle_weakness,,,,"movement_stiffness,stiff_neck,swelling_joints",,
(vertigo) Paroymsal  Positional Vertigo,headache,,,"nausea,vomiting",,,"loss_of_balance,unsteadiness",,,,spinning_movements,,
Acne,,,,,,"blackheads,pus_filled_pimples,skin_rash",,,,,,,scurring
Urinary tract infection,,,,,"bladder_discomfort,burning_micturition,continuous_feel_of_urine,foul_smell_of_urine",,,,,,,,
Psoriasis,joint_pain,,,,,"skin_peeling,skin_rash",,,,,,,"inflammatory_nails,silver_like_dusting,small_dents_in_nails"
Impetigo,red_sore_around_nose,,high_fever,,,"blister,skin_rash",,,,,,,yellow_crust_ooze
Fungal infection,,,,,,"dischromic__patches,itching,nodal_skin_eruptions,skin_rash",,,,,,,
Allergy,,continuous_sneezing,"chills,shivering",,,,,watering_from_eyes,,,,,
GERD,"chest_pain,stomach_pain",cough,,"acidity,vomiting",,,,,,,,,ulcers_on_tongue
Chronic cholestasis,abdominal_pain,,,"nausea,vomiting",,"itching,yellowish_skin",,yellowing_of_eyes,loss_of_appetite,,,,
Drug Reaction,stomach_pain,,,,"burning_micturition,spotting__urination","itching,skin_rash",,,,,,,
Peptic ulcer diseae,abdominal_pain,,,"indigestion,passage_of_gases,vomiting",,internal_itching,,,loss_of_appetite,,,,
AIDS,,patches_in_throat,high_fever,,,,,,,,muscle_wasting,,extra_marital_contacts
Diabetes ,,,,,polyuria,,,blurred_and_distorted_vision,"excessive_hunger,fatigue,increased_appetite,lethargy",restlessness,,"obesity,weight_loss",irregular_sugar_level
Gastroenteritis,,,,"diarrhoea,vomiting",,,,sunken_eyes,,,,,dehydration
Bronchial Asthma,,"breathlessness,cough,mucoid_sputum",high_fever,,,,,,fatigue,,,,family_history
Hypertension ,"chest_pain,headache",,,,,,"dizziness,loss_of_balance",,,lack_of_concentration,,,
Migraine,headache,,,"acidity,indigestion",,,,blurred_and_distorted_vision,excessive_hunger,"depression,irritability",stiff_neck,,visual_disturbances
Cervical spondylosis,"back_pain,neck_pain",,,,,,"dizziness,loss_of_balance,weakness_in_limbs",,,,,,
Paralysis (brain hemorrhage),headache,,,vomiting,,,"altered_sensorium,weakness_of_one_body_side",,,,,,
Jaundice,abdominal_pain,,high_fever,vomiting,dark_urine,"itching,yellowish_skin",,,fatigue,,,weight_loss,
Malaria,"headache,muscle_pain",,"chills,high_fever,sweating","diarrhoea,nausea,vomiting",,,,,,,,,
Chicken pox,headache,,"high_fever,mild_fever",,,"itching,skin_rash",,,"fatigue,lethargy,loss_of_appetite,malaise",,,,"red_spots_over_body,swelled_lymph_nodes"
Dengue,"back_pain,headache,joint_pain,muscle_pain,pain_behind_the_eyes",,"chills,high_fever","nausea,vomiting",,skin_rash,,,"fatigue,loss_of_appetite,malaise",,,,red_spots_over_body
Typhoid,"abdominal_pain,belly_pain,headache",,"chills,high_fever","constipation,diarrhoea,nausea,vomiting",,,,,fatigue,,,,toxic_look_(typhos)
hepatitis A,"abdominal_pain,joint_pain,muscle_pain",,mild_fever,"diarrhoea,nausea,vomiting",dark_urine,yellowish_skin,,yellowing_of_eyes,loss_of_appetite,,,,
Hepatitis B,abdominal_pain,,,,"dark_urine,yellow_urine","itching,yellowish_skin",,yellowing_of_eyes,"fatigue,lethargy,loss_of_appetite,malaise",,,,"receiving_blood_transfusion,receiving_unsterile_injections"
Hepatitis C,,,,nausea,,yellowish_skin,,yellowing_of_eyes,"fatigue,loss_of_appetite",,,,family_history
Hepatitis D,"abdominal_pain,joint_pain",,,"nausea,vomiting",dark_urine,yellowish_skin,,yellowing_of_eyes,"fatigue,loss_of_appetite",,,,
Hepatitis E,"abdominal_pain,joint_pain",,high_fever,"nausea,stomach_bleeding,vomiting",dark_urine,yellowish_skin,coma,yellowing_of_eyes,"fatigue,loss_of_appetite",,,,acute_liver_failure
Alcoholic hepatitis,abdominal_pain,,,"swelling_of_stomach,vomiting",,yellowish_skin,,,,,,,"distention_of_abdomen,fluid_overload,history_of_alcohol_consumption"
Tuberculosis,chest_pain,"blood_in_sputum,breathlessness,cough,phlegm","chills,high_fever,mild_fever,sweating",vomiting,,,,yellowing_of_eyes,"fatigue,loss_of_appetite,malaise",,,weight_loss,swelled_lymph_nodes
Common Cold,"chest_pain,headache,muscle_pain","congestion,continuous_sneezing,cough,phlegm,runny_nose,throat_irritation","chills,high_fever",,,redness_of_eyes,,,"fatigue,malaise",,,,"loss_of_smell,sinus_pressure,swelled_lymph_nodes"
Pneumonia,chest_pain,"breathlessness,cough,phlegm,rusty_sputum","chills,high_fever,sweating",,,,,,"fatigue,malaise",,,,fast_heart_rate
Dimorphic hemmorhoids(piles),"pain_during_bowel_movements,pain_in_anal_region",,,constipation,,,,,,,,,"bloody_stool,irritation_in_anus"
Heart attack,chest_pain,breathlessness,sweating,vomiting,,,,,,,,,
Varicose veins,cramps,,,,,,,,fatigue,,,obesity,"bruising,prominent_veins_on_calf,swollen_blood_vessels,swollen_legs"
Hypothyroidism,,,,,,,dizziness,puffy_face_and_eyes,"fatigue,lethargy","depression,irritability,mood_swings",,weight_gain,"abnormal_menstruation,brittle_nails,cold_hands_and_feets,enlarged_thyroid,swollen_extremeties"
Hyperthyroidism,,,sweating,diarrhoea,,,muscle_weakness,,"excessive_hunger,fatigue","irritability,mood_swings,restlessness",,weight_loss,"abnormal_menstruation,fast_heart_rate"
Hypoglycemia,headache,,sweating,"nausea,vomiting",,,slurred_speech,blurred_and_distorted_vision,"excessive_hunger,fatigue","anxiety,irritability",,,"drying_and_tingling_lips,palpitations"
Osteoarthristis,"hip_joint_pain,joint_pain,knee_pain,neck_pain,painful_walking",,,,,,,,,,swelling_joints,,
Arthritis,painful_walking,,,,,,muscle_weakness,,,,"movement_stiffness,stiff_neck,swelling_joints",,
(vertigo) Paroymsal  Positional Vertigo,headache,,,"nausea,vomiting",,,"loss_of_balance,unsteadiness",,,,spinning_movements,,
Acne,,,,,,"blackheads,pus_filled_pimples,skin_rash",,,,,,,scurring
Urinary tract infection,,,,,"bladder_discomfort,burning_micturition,continuous_feel_of_urine,foul_smell_of_urine",,,,,,,,
Psoriasis,joint_pain,,,,,"skin_peeling,skin_rash",,,,,,,"inflammatory_nails,silver_like_dusting,small_dents_in_nails"
Impetigo,red_sore_around_nose,,high_fever,,,"blister,skin_rash",,,,,,,yellow_crust_ooze
Fungal infection,,,,,,"dischromic__patches,itching,nodal_skin_eruptions,skin_rash",,,,,,,
Allergy,,continuous_sneezing,"chills,shivering",,,,,watering_from_eyes,,,,,
GERD,"chest_pain,stomach_pain",cough,,"acidity,vomiting",,,,,,,,,ulcers_on_tongue
Chronic cholestasis,abdominal_pain,,,"nausea,vomiting",,"itching,yellowish_skin",,yellowing_of_eyes,loss_of_appetite,,,,
Drug Reaction,stomach_pain,,,,"burning_micturition,spotting__urination","itching,skin_rash",,,,,,,
Peptic ulcer diseae,abdominal_pain,,,"indigestion,passage_of_gases,vomiting",,internal_itching,,,loss_of_appetite,,,,
AIDS,,patches_in_throat,high_fever,,,,,,,,muscle_wasting,,extra_marital_contacts
Diabetes ,,,,,polyuria,,,blurred_and_distorted_vision,"excessive_hunger,fatigue,increased_appetite,lethargy",restlessness,,"obesity,weight_loss",irregular_sugar_level
Gastroenteritis,,,,"diarrhoea,vomiting",,,,sunken_eyes,,,,,dehydration
Bronchial Asthma,,"breathlessness,cough,mucoid_sputum",high_fever,,,,,,fatigue,,,,family_history
Hypertension ,"chest_pain,headache",,,,,,"dizziness,loss_of_balance",,,lack_of_concentration,,,
Migraine,headache,,,"acidity,indigestion",,,,blurred_and_distorted_vision,excessive_hunger,"depression,irritability",stiff_neck,,visual_disturbances
Cervical spondylosis,"back_pain,neck_pain",,,,,,"dizziness,loss_of_balance,weakness_in_limbs",,,,,,
Paralysis (brain hemorrhage),headache,,,vomiting,,,"altered_sensorium,weakness_of_one_body_side",,,,,,
Jaundice,abdominal_pain,,high_fever,vomiting,dark_urine,"itching,yellowish_skin",,,fatigue,,,weight_loss,
Malaria,"headache,muscle_pain",,"chills,high_fever,sweating","diarrhoea,nausea,vomiting",,,,,,,,,
Chicken pox,headache,,"high_fever,mild_fever",,,"itching,skin_rash",,,"fatigue,lethargy,loss_of_appetite,malaise",,,,"red_spots_over_body,swelled_lymph_nodes"
Dengue,"back_pain,headache,joint_pain,muscle_pain,pain_behind_the_eyes",,"chills,high_fever","nausea,vomiting",,skin_rash,,,"fatigue,loss_of_appetite,malaise",,,,red_spots_over_body
Typhoid,"abdominal_pain,belly_pain,headache",,"chills,high_fever","constipation,diarrhoea,nausea,vomiting",,,,,fatigue,,,,toxic_look_(typhos)
hepatitis A,"abdominal_pain,joint_pain,muscle_pain",,mild_fever,"diarrhoea,nausea,vomiting",dark_urine,yellowish_skin,,yellowing_of_eyes,loss_of_appetite,,,,
Hepatitis B,abdominal_pain,,,,"dark_urine,yellow_urine","itching,yellowish_skin",,yellowing_of_eyes,"fatigue,lethargy,loss_of_appetite,malaise",,,,"receiving_blood_transfusion,receiving_unsterile_injections"
Hepatitis C,,,,nausea,,yellowish_skin,,yellowing_of_eyes,"fatigue,loss_of_appetite",,,,family_history
Hepatitis D,"abdominal_pain,joint_pain",,,"nausea,vomiting",dark_urine,yellowish_skin,,yellowing_of_eyes,"fatigue,loss_of_appetite",,,,
Hepatitis E,"abdominal_pain,joint_pain",,high_fever,"nausea,stomach_bleeding,vomiting",dark_urine,yellowish_skin,coma,yellowing_of_eyes,"fatigue,loss_of_appetite",,,,acute_liver_failure
Alcoholic hepatitis,abdominal_pain,,,"swelling_of_stomach,vomiting",,yellowish_skin,,,,,,,"distention_of_abdomen,fluid_overload,history_of_alcohol_consumption"
Tuberculosis,chest_pain,"blood_in_sputum,breathlessness,cough,phlegm","chills,high_fever,mild_fever,sweating",vomiting,,,,yellowing_of_eyes,"fatigue,loss_of_appetite,malaise",,,weight_loss,swelled_lymph_nodes
Common Cold,"chest_pain,headache,muscle_pain","congestion,continuous_sneezing,cough,phlegm,runny_nose,throat_irritation","chills,high_fever",,,redness_of_eyes,,,"fatigue,malaise",,,,"loss_of_smell,sinus_pressure,swelled_lymph_nodes"
Pneumonia,chest_pain,"breathlessness,cough,phlegm,rusty_sputum","chills,high_fever,sweating",,,,,,"fatigue,malaise",,,,fast_heart_rate
Dimorphic hemmorhoids(piles),"pain_during_bowel_movements,pain_in_anal_region",,,constipation,,,,,,,,,"bloody_stool,irritation_in_anus"
Heart attack,chest_pain,breathlessness,sweating,vomiting,,,,,,,,,
Varicose veins,cramps,,,,,,,,fatigue,,,obesity,"bruising,prominent_veins_on_calf,swollen_blood_vessels,swollen_legs"
Hypothyroidism,,,,,,,dizziness,puffy_face_and_eyes,"fatigue,lethargy","depression,irritability,mood_swings",,weight_gain,"abnormal_menstruation,brittle_nails,cold_hands_and_feets,enlarged_thyroid,swollen_extremeties"
Hyperthyroidism,,,sweating,diarrhoea,,,muscle_weakness,,"excessive_hunger,fatigue","irritability,mood_swings,restlessness",,weight_loss,"abnormal_menstruation,fast_heart_rate"
Hypoglycemia,headache,,sweating,"nausea,vomiting",,,slurred_speech,blurred_and_distorted_vision,"excessive_hunger,fatigue","anxiety,irritability",,,"drying_and_tingling_lips,palpitations"
Osteoarthristis,"hip_joint_pain,joint_pain,knee_pain,neck_pain,painful_walking",,,,,,,,,,swelling_joints,,
Arthritis,painful_walking,,,,,,muscle_weakness,,,,"movement_stiffness,stiff_neck,swelling_joints",,
(vertigo) Paroymsal  Positional Vertigo,headache,,,"nausea,vomiting",,,"loss_of_balance,unsteadiness",,,,spinning_movements,,
Acne,,,,,,"blackheads,pus_filled_pimples,skin_rash",,,,,,,scurring
Urinary tract infection,,,,,"bladder_discomfort,burning_micturition,continuous_feel_of_urine,foul_smell_of_urine",,,,,,,,
Psoriasis,joint_pain,,,,,"skin_peeling,skin_rash",,,,,,,"inflammatory_nails,silver_like_dusting,small_dents_in_nails"
Impetigo,red_sore_around_nose,,high_fever,,,"blister,skin_rash",,,,,,,yellow_crust_ooze
Fungal infection,,,,,,"dischromic__patches,itching,nodal_skin_eruptions,skin_rash",,,,,,,
Allergy,,continuous_sneezing,"chills,shivering",,,,,watering_from_eyes,,,,,
GERD,"chest_pain,stomach_pain",cough,,"acidity,vomiting",,,,,,,,,ulcers_on_tongue
Chronic cholestasis,abdominal_pain,,,"nausea,vomiting",,"itching,yellowish_skin",,yellowing_of_eyes,loss_of_appetite,,,,
Drug Reaction,stomach_pain,,,,"burning_micturition,spotting__urination","itching,skin_rash",,,,,,,
Peptic ulcer diseae,abdominal_pain,,,"indigestion,passage_of_gases,vomiting",,internal_itching,,,loss_of_appetite,,,,
AIDS,,patches_in_throat,high_fever,,,,,,,,muscle_wasting,,extra_marital_contacts
Diabetes ,,,,,polyuria,,,blurred_and_distorted_vision,"excessive_hunger,fatigue,increased_appetite,lethargy",restlessness,,"obesity,weight_loss",irregular_sugar_level
Gastroenteritis,,,,"diarrhoea,vomiting",,,,sunken_eyes,,,,,dehydration
Bronchial Asthma,,"breathlessness,cough,mucoid_sputum",high_fever,,,,,,fatigue,,,,family_history
Hypertension ,"chest_pain,headache",,,,,,"dizziness,loss_of_balance",,,lack_of_concentration,,,
Migraine,headache,,,"acidity,indigestion",,,,blurred_and_distorted_vision,excessive_hunger,"depression,irritability",stiff_neck,,visual_disturbances
Cervical spondylosis,"back_pain,neck_pain",,,,,,"dizziness,loss_of_balance,weakness_in_limbs",,,,,,
Paralysis (brain hemorrhage),headache,,,vomiting,,,"altered_sensorium,weakness_of_one_body_side",,,,,,
Jaundice,abdominal_pain,,high_fever,vomiting,dark_urine,"itching,yellowish_skin",,,fatigue,,,weight_loss,
Malaria,"headache,muscle_pain",,"chills,high_fever,sweating","diarrhoea,nausea,vomiting",,,,,,,,,
Chicken pox,headache,,"high_fever,mild_fever",,,"itching,skin_rash",,,"fatigue,lethargy,loss_of_appetite,malaise",,,,"red_spots_over_body,swelled_lymph_nodes"
Dengue,"back_pain,headache,joint_pain,muscle_pain,pain_behind_the_eyes",,"chills,high_fever","nausea,vomiting",,skin_rash,,,"fatigue,loss_of_appetite,malaise",,,,red_spots_over_body
Typhoid,"abdominal_pain,belly_pain,headache",,"chills,high_fever","constipation,diarrhoea,nausea,vomiting",,,,,fatigue,,,,toxic_look_(typhos)
hepatitis A,"abdominal_pain,joint_pain,muscle_pain",,mild_fever,"diarrhoea,nausea,vomiting",dark_urine,yellowish_skin,,yellowing_of_eyes,loss_of_appetite,,,,
Hepatitis B,abdominal_pain,,,,"dark_urine,yellow_urine","itching,yellowish_skin",,yellowing_of_eyes,"fatigue,lethargy,loss_of_appetite,malaise",,,,"receiving_blood_transfusion,receiving_unsterile_injections"
Hepatitis C,,,,nausea,,yellowish_skin,,yellowing_of_eyes,"fatigue,loss_of_appetite",,,,family_history
Hepatitis D,"abdominal_pain,joint_pain",,,"nausea,vomiting",dark_urine,yellowish_skin,,yellowing_of_eyes,"fatigue,loss_of_appetite",,,,
Hepatitis E,"abdominal_pain,joint_pain",,high_fever,"nausea,stomach_bleeding,vomiting",dark_urine,yellowish_skin,coma,yellowing_of_eyes,"fatigue,loss_of_appetite",,,,acute_liver_failure
Alcoholic hepatitis,abdominal_pain,,,"swelling_of_stomach,vomiting",,yellowish_skin,,,,,,,"distention_of_abdomen,fluid_overload,history_of_alcohol_consumption"
Tuberculosis,chest_pain,"blood_in_sputum,breathlessness,cough,phlegm","chills,high_fever,mild_fever,sweating",vomiting,,,,yellowing_of_eyes,"fatigue,loss_of_appetite,malaise",,,weight_loss,swelled_lymph_nodes
Common Cold,"chest_pain,headache,muscle_pain","congestion,continuous_sneezing,cough,phlegm,runny_nose,throat_irritation","chills,high_fever",,,redness_of_eyes,,,"fatigue,malaise",,,,"loss_of_smell,sinus_pressure,swelled_lymph_nodes"
Pneumonia,chest_pain,"breathlessness,cough,phlegm,rusty_sputum","chills,high_fever,sweating",,,,,,"fatigue,malaise",,,,fast_heart_rate
Dimorphic hemmorhoids(piles),"pain_during_bowel_movements,pain_in_anal_region",,,constipation,,,,,,,,,"bloody_stool,irritation_in_anus"
Heart attack,chest_pain,breathlessness,sweating,vomiting,,,,,,,,,
Varicose veins,cramps,,,,,,,,fatigue,,,obesity,"bruising,prominent_veins_on_calf,swollen_blood_vessels,swollen_legs"
Hypothyroidism,,,,,,,dizziness,puffy_face_and_eyes,"fatigue,lethargy","depression,irritability,mood_swings",,weight_gain,"abnormal_menstruation,brittle_nails,cold_hands_and_feets,enlarged_thyroid,swollen_extremeties"
Hyperthyroidism,,,sweating,diarrhoea,,,muscle_weakness,,"excessive_hunger,fatigue","irritability,mood_swings,restlessness",,weight_loss,"abnormal_menstruation,fast_heart_rate"
Hypoglycemia,headache,,sweating,"nausea,vomiting",,,slurred_speech,blurred_and_distorted_vision,"excessive_hunger,fatigue","anxiety,irritability",,,"drying_and_tingling_lips,palpitations"
Osteoarthristis,"hip_joint_pain,joint_pain,knee_pain,neck_pain,painful_walking",,,,,,,,,,swelling_joints,,
Arthritis,painful_walking,,,,,,muscle_weakness,,,,"movement_stiffness,stiff_neck,swelling_joints",,
(vertigo) Paroymsal  Positional Vertigo,headache,,,"nausea,vomiting",,,"loss_of_balance,unsteadiness",,,,spinning_movements,,
Acne,,,,,,"blackheads,pus_filled_pimples,skin_rash",,,,,,,scurring
Urinary tract infection,,,,,"bladder_discomfort,burning_micturition,continuous_feel_of_urine,foul_smell_of_urine",,,,,,,,
Psoriasis,joint_pain,,,,,"skin_peeling,skin_rash",,,,,,,"inflammatory_nails,silver_like_dusting,small_dents_in_nails"
Impetigo,red_sore_around_nose,,high_fever,,,"blister,skin_rash",,,,,,,yellow_crust_ooze
Fungal infection,,,,,,"dischromic__patches,itching,nodal_skin_eruptions,skin_rash",,,,,,,
Allergy,,continuous_sneezing,"chills,shivering",,,,,watering_from_eyes,,,,,
GERD,"chest_pain,stomach_pain",cough,,"acidity,vomiting",,,,,,,,,ulcers_on_tongue
Chronic cholestasis,abdominal_pain,,,"nausea,vomiting",,"itching,yellowish_skin",,yellowing_of_eyes,loss_of_appetite,,,,
Drug Reaction,stomach_pain,,,,"burning_micturition,spotting__urination","itching,skin_rash",,,,,,,
Peptic ulcer diseae,abdominal_pain,,,"indigestion,passage_of_gases,vomiting",,internal_itching,,,loss_of_appetite,,,,
AIDS,,patches_in_throat,high_fever,,,,,,,,muscle_wasting,,extra_marital_contacts
Diabetes ,,,,,polyuria,,,blurred_and_distorted_vision,"excessive_hunger,fatigue,increased_appetite,lethargy",restlessness,,"obesity,weight_loss",irregular_sugar_level
Gastroenteritis,,,,"diarrhoea,vomiting",,,,sunken_eyes,,,,,dehydration
Bronchial Asthma,,"breathlessness,cough,mucoid_sputum",high_fever,,,,,,fatigue,,,,family_history
Hypertension ,"chest_pain,headache",,,,,,"dizziness,loss_of_balance",,,lack_of_concentration,,,
Migraine,headache,,,"acidity,indigestion",,,,blurred_and_distorted_vision,excessive_hunger,"depression,irritability",stiff_neck,,visual_disturbances
Cervical spondylosis,"back_pain,neck_pain",,,,,,"dizziness,loss_of_balance,weakness_in_limbs",,,,,,
Paralysis (brain hemorrhage),headache,,,vomiting,,,"altered_sensorium,weakness_of_one_body_side",,,,,,
Jaundice,abdominal_pain,,high_fever,vomiting,dark_urine,"itching,yellowish_skin",,,fatigue,,,weight_loss,
Malaria,"headache,muscle_pain",,"chills,high_fever,sweating","diarrhoea,nausea,vomiting",,,,,,,,,
Chicken pox,headache,,"high_fever,mild_fever",,,"itching,skin_rash",,,"fatigue,lethargy,loss_of_appetite,malaise",,,,"red_spots_over_body,swelled_lymph_nodes"
Dengue,"back_pain,headache,joint_pain,muscle_pain,pain_behind_the_eyes",,"chills,high_fever","nausea,vomiting",,skin_rash,,,"fatigue,loss_of_appetite,malaise",,,,red_spots_over_body
Typhoid,"abdominal_pain,belly_pain,headache",,"chills,high_fever","constipation,diarrhoea,nausea,vomiting",,,,,fatigue,,,,toxic_look_(typhos)
hepatitis A,"abdominal_pain,joint_pain,muscle_pain",,mild_fever,"diarrhoea,nausea,vomiting",dark_urine,yellowish_skin,,yellowing_of_eyes,loss_of_appetite,,,,
Hepatitis B,abdominal_pain,,,,"dark_urine,yellow_urine","itching,yellowish_skin",,yellowing_of_eyes,"fatigue,lethargy,loss_of_appetite,malaise",,,,"receiving_blood_transfusion,receiving_unsterile_injections"
Hepatitis C,,,,nausea,,yellowish_skin,,yellowing_of_eyes,"fatigue,loss_of_appetite",,,,family_history
Hepatitis D,"abdominal_pain,joint_pain",,,"nausea,vomiting",dark_urine,yellowish_skin,,yellowing_of_eyes,"fatigue,loss_of_appetite",,,,
Hepatitis E,"abdominal_pain,joint_pain",,high_fever,"nausea,stomach_bleeding,vomiting",dark_urine,yellowish_skin,coma,yellowing_of_eyes,"fatigue,loss_of_appetite",,,,acute_liver_failure
Alcoholic hepatitis,abdominal_pain,,,"swelling_of_stomach,vomiting",,yellowish_skin,,,,,,,"distention_of_abdomen,fluid_overload,history_of_alcohol_consumption"
Tuberculosis,chest_pain,"blood_in_sputum,breathlessness,cough,phlegm","chills,high_fever,mild_fever,sweating",vomiting,,,,yellowing_of_eyes,"fatigue,loss_of_appetite,malaise",,,weight_loss,swelled_lymph_nodes
Common Cold,"chest_pain,headache,muscle_pain","congestion,continuous_sneezing,cough,phlegm,runny_nose,throat_irritation","chills,high_fever",,,redness_of_eyes,,,"fatigue,malaise",,,,"loss_of_smell,sinus_pressure,swelled_lymph_nodes"
Pneumonia,chest_pain,"breathlessness,cough,phlegm,rusty_sputum","chills,high_fever,sweating",,,,,,"fatigue,malaise",,,,fast_heart_rate
Dimorphic hemmorhoids(piles),"pain_during_bowel_movements,pain_in_anal_region",,,constipation,,,,,,,,,"bloody_stool,irritation_in_anus"
Heart attack,chest_pain,breathlessness,sweating,vomiting,,,,,,,,,
Varicose veins,cramps,,,,,,,,fatigue,,,obesity,"bruising,prominent_veins_on_calf,swollen_blood_vessels,swollen_legs"
Hypothyroidism,,,,,,,dizziness,puffy_face_and_eyes,"fatigue,lethargy","depression,irritability,mood_swings",,weight_gain,"abnormal_menstruation,brittle_nails,cold_hands_and_feets,enlarged_thyroid,swollen_extremeties"
Hyperthyroidism,,,sweating,diarrhoea,,,muscle_weakness,,"excessive_hunger,fatigue","irritability,mood_swings,restlessness",,weight_loss,"abnormal_menstruation,fast_heart_rate"
Hypoglycemia,headache,,sweating,"nausea,vomiting",,,slurred_speech,blurred_and_distorted_vision,"excessive_hunger,fatigue","anxiety,irritability",,,"drying_and_tingling_lips,palpitations"
Osteoarthristis,"hip_joint_pain,joint_pain,knee_pain,neck_pain,painful_walking",,,,,,,,,,swelling_joints,,
Arthritis,painful_walking,,,,,,muscle_weakness,,,,"movement_stiffness,stiff_neck,swelling_joints",,
(vertigo) Paroymsal  Positional Vertigo,headache,,,"nausea,vomiting",,,"loss_of_balance,unsteadiness",,,,spinning_movements,,
Acne,,,,,,"blackheads,pus_filled_pimples,skin_rash",,,,,,,scurring
Urinary tract infection,,,,,"bladder_discomfort,burning_micturition,continuous_feel_of_urine,foul_smell_of_urine",,,,,,,,
Psoriasis,joint_pain,,,,,"skin_peeling,skin_rash",,,,,,,"inflammatory_nails,silver_like_dusting,small_dents_in_nails"
Impetigo,red_sore_around_nose,,high_fever,,,"blister,skin_rash",,,,,,,yellow_crust_ooze
Fungal infection,,,,,,"dischromic__patches,itching,nodal_skin_eruptions,skin_rash",,,,,,,
Allergy,,continuous_sneezing,"chills,shivering",,,,,watering_from_eyes,,,,,
GERD,"chest_pain,stomach_pain",cough,,"acidity,vomiting",,,,,,,,,ulcers_on_tongue
Chronic cholestasis,abdominal_pain,,,"nausea,vomiting",,"itching,yellowish_skin",,yellowing_of_eyes,loss_of_appetite,,,,
Drug Reaction,stomach_pain,,,,"burning_micturition,spotting__urination","itching,skin_rash",,,,,,,
Peptic ulcer diseae,abdominal_pain,,,"indigestion,passage_of_gases,vomiting",,internal_itching,,,loss_of_appetite,,,,
AIDS,,patches_in_throat,high_fever,,,,,,,,muscle_wasting,,extra_marital_contacts
Diabetes ,,,,,polyuria,,,blurred_and_distorted_vision,"excessive_hunger,fatigue,increased_appetite,lethargy",restlessness,,"obesity,weight_loss",irregular_sugar_level
Gastroenteritis,,,,"diarrhoea,vomiting",,,,sunken_eyes,,,,,dehydration
Bronchial Asthma,,"breathlessness,cough,mucoid_sputum",high_fever,,,,,,fatigue,,,,family_history
Hypertension ,"chest_pain,headache",,,,,,"dizziness,loss_of_balance",,,lack_of_concentration,,,
Migraine,headache,,,"acidity,indigestion",,,,blurred_and_distorted_vision,excessive_hunger,"depression,irritability",stiff_neck,,visual_disturbances
Cervical spondylosis,"back_pain,neck_pain",,,,,,"dizziness,loss_of_balance,weakness_in_limbs",,,,,,
Paralysis (brain hemorrhage),headache,,,vomiting,,,"altered_sensorium,weakness_of_one_body_side",,,,,,
Jaundice,abdominal_pain,,high_fever,vomiting,dark_urine,"itching,yellowish_skin",,,fatigue,,,weight_loss,
Malaria,"headache,muscle_pain",,"chills,high_fever,sweating","diarrhoea,nausea,vomiting",,,,,,,,,
Chicken pox,headache,,"high_fever,mild_fever",,,"itching,skin_rash",,,"fatigue,lethargy,loss_of_appetite,malaise",,,,"red_spots_over_body,swelled_lymph_nodes"
Dengue,"back_pain,headache,joint_pain,muscle_pain,pain_behind_the_eyes",,"chills,high_fever","nausea,vomiting",,skin_rash,,,"fatigue,loss_of_appetite,malaise",,,,red_spots_over_body
Typhoid,"abdominal_pain,belly_pain,headache",,"chills,high_fever","constipation,diarrhoea,nausea,vomiting",,,,,fatigue,,,,toxic_look_(typhos)
hepatitis A,"abdominal_pain,joint_pain,muscle_pain",,mild_fever,"diarrhoea,nausea,vomiting",dark_urine,yellowish_skin,,yellowing_of_eyes,loss_of_appetite,,,,
Hepatitis B,abdominal_pain,,,,"dark_urine,yellow_urine","itching,yellowish_skin",,yellowing_of_eyes,"fatigue,lethargy,loss_of_appetite,malaise",,,,"receiving_blood_transfusion,receiving_unsterile_injections"
Hepatitis C,,,,nausea,,yellowish_skin,,yellowing_of_eyes,"fatigue,loss_of_appetite",,,,family_history
Hepatitis D,"abdominal_pain,joint_pain",,,"nausea,vomiting",dark_urine,yellowish_skin,,yellowing_of_eyes,"fatigue,loss_of_appetite",,,,
Hepatitis E,"abdominal_pain,joint_pain",,high_fever,"nausea,stomach_bleeding,vomiting",dark_urine,yellowish_skin,coma,yellowing_of_eyes,"fatigue,loss_of_appetite",,,,acute_liver_failure
Alcoholic hepatitis,abdominal_pain,,,"swelling_of_stomach,vomiting",,yellowish_skin,,,,,,,"distention_of_abdomen,fluid_overload,history_of_alcohol_consumption"
Tuberculosis,chest_pain,"blood_in_sputum,breathlessness,cough,phlegm","chills,high_fever,mild_fever,sweating",vomiting,,,,yellowing_of_eyes,"fatigue,loss_of_appetite,malaise",,,weight_loss,swelled_lymph_nodes
Common Cold,"chest_pain,headache,muscle_pain","congestion,continuous_sneezing,cough,phlegm,runny_nose,throat_irritation","chills,high_fever",,,redness_of_eyes,,,"fatigue,malaise",,,,"loss_of_smell,sinus_pressure,swelled_lymph_nodes"
Pneumonia,chest_pain,"breathlessness,cough,phlegm,rusty_sputum","chills,high_fever,sweating",,,,,,"fatigue,malaise",,,,fast_heart_rate
Dimorphic hemmorhoids(piles),"pain_during_bowel_movements,pain_in_anal_region",,,constipation,,,,,,,,,"bloody_stool,irritation_in_anus"
Heart attack,chest_pain,breathlessness,sweating,vomiting,,,,,,,,,
Varicose veins,cramps,,,,,,,,fatigue,,,obesity,"bruising,prominent_veins_on_calf,swollen_blood_vessels,swollen_legs"
Hypothyroidism,,,,,,,dizziness,puffy_face_and_eyes,"fatigue,lethargy","depression,irritability,mood_swings",,weight_gain,"abnormal_menstruation,brittle_nails,cold_hands_and_feets,enlarged_thyroid,swollen_extremeties"
Hyperthyroidism,,,sweating,diarrhoea,,,muscle_weakness,,"excessive_hunger,fatigue","irritability,mood_swings,restlessness",,weight_loss,"abnormal_menstruation,fast_heart_rate"
Hypoglycemia,headache,,sweating,"nausea,vomiting",,,slurred_speech,blurred_and_distorted_vision,"excessive_hunger,fatigue","anxiety,irritability",,,"drying_and_tingling_lips,palpitations"
Osteoarthristis,"hip_joint_pain,joint_pain,knee_pain,neck_pain,painful_walking",,,,,,,,,,swelling_joints,,
Arthritis,painful_walking,,,,,,muscle_weakness,,,,"movement_stiffness,stiff_neck,swelling_joints",,
(vertigo) Paroymsal  Positional Vertigo,headache,,,"nausea,vomiting",,,"loss_of_balance,unsteadiness",,,,spinning_movements,,
Acne,,,,,,"blackheads,pus_filled_pimples,skin_rash",,,,,,,scurring
Urinary tract infection,,,,,"bladder_discomfort,burning_micturition,continuous_feel_of_urine,foul_smell_of_urine",,,,,,,,
Psoriasis,joint_pain,,,,,"skin_peeling,skin_rash",,,,,,,"inflammatory_nails,silver_like_dusting,small_dents_in_nails"
Impetigo,red_sore_around_nose,,high_fever,,,"blister,skin_rash",,,,,,,yellow_crust_ooze
Fungal infection,,,,,,"dischromic__patches,itching,nodal_skin_eruptions,skin_rash",,,,,,,
Allergy,,continuous_sneezing,"chills,shivering",,,,,watering_from_eyes,,,,,
GERD,"chest_pain,stomach_pain",cough,,"acidity,vomiting",,,,,,,,,ulcers_on_tongue
Chronic cholestasis,abdominal_pain,,,"nausea,vomiting",,"itching,yellowish_skin",,yellowing_of_eyes,loss_of_appetite,,,,
Drug Reaction,stomach_pain,,,,"burning_micturition,spotting__urination","itching,skin_rash",,,,,,,
Peptic ulcer diseae,abdominal_pain,,,"indigestion,passage_of_gases,vomiting",,internal_itching,,,loss_of_appetite,,,,
AIDS,,patches_in_throat,high_fever,,,,,,,,muscle_wasting,,extra_marital_contacts
Diabetes ,,,,,polyuria,,,blurred_and_distorted_vision,"excessive_hunger,fatigue,increased_appetite,lethargy",restlessness,,"obesity,weight_loss",irregular_sugar_level
Gastroenteritis,,,,"diarrhoea,vomiting",,,,sunken_eyes,,,,,dehydration
Bronchial Asthma,,"breathlessness,cough,mucoid_sputum",high_fever,,,,,,fatigue,,,,family_history
Hypertension ,"chest_pain,headache",,,,,,"dizziness,loss_of_balance",,,lack_of_concentration,,,
Migraine,headache,,,"acidity,indigestion",,,,blurred_and_distorted_vision,excessive_hunger,"depression,irritability",stiff_neck,,visual_disturbances
Cervical spondylosis,"back_pain,neck_pain",,,,,,"dizziness,loss_of_balance,weakness_in_limbs",,,,,,
Paralysis (brain hemorrhage),headache,,,vomiting,,,"altered_sensorium,weakness_of_one_body_side",,,,,,
Jaundice,abdominal_pain,,high_fever,vomiting,dark_urine,"itching,yellowish_skin",,,fatigue,,,weight_loss,
Malaria,"headache,muscle_pain",,"chills,high_fever,sweating","diarrhoea,nausea,vomiting",,,,,,,,,
Chicken pox,headache,,"high_fever,mild_fever",,,"itching,skin_rash",,,"fatigue,lethargy,loss_of_appetite,malaise",,,,"red_spots_over_body,swelled_lymph_nodes"
Dengue,"back_pain,headache,joint_pain,muscle_pain,pain_behind_the_eyes",,"chills,high_fever","nausea,vomiting",,skin_rash,,,"fatigue,loss_of_appetite,malaise",,,,red_spots_over_body
Typhoid,"abdominal_pain,belly_pain,headache",,"chills,high_fever","constipation,diarrhoea,nausea,vomiting",,,,,fatigue,,,,toxic_look_(typhos)
hepatitis A,"abdominal_pain,joint_pain,muscle_pain",,mild_fever,"diarrhoea,nausea,vomiting",dark_urine,yellowish_skin,,yellowing_of_eyes,loss_of_appetite,,,,
Hepatitis B,abdominal_pain,,,,"dark_urine,yellow_urine","itching,yellowish_skin",,yellowing_of_eyes,"fatigue,lethargy,loss_of_appetite,malaise",,,,"receiving_blood_transfusion,receiving_unsterile_injections"
Hepatitis C,,,,nausea,,yellowish_skin,,yellowing_of_eyes,"fatigue,loss_of_appetite",,,,family_history
Hepatitis D,"abdominal_pain,joint_pain",,,"nausea,vomiting",dark_urine,yellowish_skin,,yellowing_of_eyes,"fatigue,loss_of_appetite",,,,
Hepatitis E,"abdominal_pain,joint_pain",,high_fever,"nausea,stomach_bleeding,vomiting",dark_urine,yellowish_skin,coma,yellowing_of_eyes,"fatigue,loss_of_appetite",,,,acute_liver_failure
Alcoholic hepatitis,abdominal_pain,,,"swelling_of_stomach,vomiting",,yellowish_skin,,,,,,,"distention_of_abdomen,fluid_overload,history_of_alcohol_consumption"
Tuberculosis,chest_pain,"blood_in_sputum,breathlessness,cough,phlegm","chills,high_fever,mild_fever,sweating",vomiting,,,,yellowing_of_eyes,"fatigue,loss_of_appetite,malaise",,,weight_loss,swelled_lymph_nodes
Common Cold,"chest_pain,headache,muscle_pain","congestion,continuous_sneezing,cough,phlegm,runny_nose,throat_irritation","chills,high_fever",,,redness_of_eyes,,,"fatigue,malaise",,,,"loss_of_smell,sinus_pressure,swelled_lymph_nodes"
Pneumonia,chest_pain,"breathlessness,cough,phlegm,rusty_sputum","chills,high_fever,sweating",,,,,,"fatigue,malaise",,,,fast_heart_rate
Dimorphic hemmorhoids(piles),"pain_during_bowel_movements,pain_in_anal_region",,,constipation,,,,,,,,,"bloody_stool,irritation_in_anus"
Heart attack,chest_pain,breathlessness,sweating,vomiting,,,,,,,,,
Varicose veins,cramps,,,,,,,,fatigue,,,obesity,"bruising,prominent_veins_on_calf,swollen_blood_vessels,swollen_legs"
Hypothyroidism,,,,,,,dizziness,puffy_face_and_eyes,"fatigue,lethargy","depression,irritability,mood_swings",,weight_gain,"abnormal_menstruation,brittle_nails,cold_hands_and_feets,enlarged_thyroid,swollen_extremeties"
Hyperthyroidism,,,sweating,diarrhoea,,,muscle_weakness,,"excessive_hunger,fatigue","irritability,mood_swings,restlessness",,weight_loss,"abnormal_menstruation,fast_heart_rate"
Hypoglycemia,headache,,sweating,"nausea,vomiting",,,slurred_speech,blurred_and_distorted_vision,"excessive_hunger,fatigue","anxiety,irritability",,,"drying_and_tingling_lips,palpitations"
Osteoarthristis,"hip_joint_pain,joint_pain,knee_pain,neck_pain,painful_walking",,,,,,,,,,swelling_joints,,
Arthritis,painful_walking,,,,,,muscle_weakness,,,,"movement_stiffness,stiff_neck,swelling_joints",,
(vertigo) Paroymsal  Positional Vertigo,headache,,,"nausea,vomiting",,,"loss_of_balance,unsteadiness",,,,spinning_movements,,
Acne,,,,,,"blackheads,pus_filled_pimples,skin_rash",,,,,,,scurring
Urinary tract infection,,,,,"bladder_discomfort,burning_micturition,continuous_feel_of_urine,foul_smell_of_urine",,,,,,,,
Psoriasis,joint_pain,,,,,"skin_peeling,skin_rash",,,,,,,"inflammatory_nails,silver_like_dusting,small_dents_in_nails"
Impetigo,red_sore_around_nose,,high_fever,,,"blister,skin_rash",,,,,,,yellow_crust_ooze
Fungal infection,,,,,,"dischromic__patches,itching,nodal_skin_eruptions,skin_rash",,,,,,,
Allergy,,continuous_sneezing,"chills,shivering",,,,,watering_from_eyes,,,,,
GERD,"chest_pain,stomach_pain",cough,,"acidity,vomiting",,,,,,,,,ulcers_on_tongue
Chronic cholestasis,abdominal_pain,,,"nausea,vomiting",,"itching,yellowish_skin",,yellowing_of_eyes,loss_of_appetite,,,,
Drug Reaction,stomach_pain,,,,"burning_micturition,spotting__urination","itching,skin_rash",,,,,,,
Peptic ulcer diseae,abdominal_pain,,,"indigestion,passage_of_gases,vomiting",,internal_itching,,,loss_of_appetite,,,,
AIDS,,patches_in_throat,high_fever,,,,,,,,muscle_wasting,,extra_marital_contacts
Diabetes ,,,,,polyuria,,,blurred_and_distorted_vision,"excessive_hunger,fatigue,increased_appetite,lethargy",restlessness,,"obesity,weight_loss",irregular_sugar_level
Gastroenteritis,,,,"diarrhoea,vomiting",,,,sunken_eyes,,,,,dehydration
Bronchial Asthma,,"breathlessness,cough,mucoid_sputum",high_fever,,,,,,fatigue,,,,family_history
Hypertension ,"chest_pain,headache",,,,,,"dizziness,loss_of_balance",,,lack_of_concentration,,,
Migraine,headache,,,"acidity,indigestion",,,,blurred_and_distorted_vision,excessive_hunger,"depression,irritability",stiff_neck,,visual_disturbances
Cervical spondylosis,"back_pain,neck_pain",,,,,,"dizziness,loss_of_balance,weakness_in_limbs",,,,,,
Paralysis (brain hemorrhage),headache,,,vomiting,,,"altered_sensorium,weakness_of_one_body_side",,,,,,
Jaundice,abdominal_pain,,high_fever,vomiting,dark_urine,"itching,yellowish_skin",,,fatigue,,,weight_loss,
Malaria,"headache,muscle_pain",,"chills,high_fever,sweating","diarrhoea,nausea,vomiting",,,,,,,,,
Chicken pox,headache,,"high_fever,mild_fever",,,"itching,skin_rash",,,"fatigue,lethargy,loss_of_appetite,malaise",,,,"red_spots_over_body,swelled_lymph_nodes"
Dengue,"back_pain,headache,joint_pain,muscle_pain,pain_behind_the_eyes",,"chills,high_fever","nausea,vomiting",,skin_rash,,,"fatigue,loss_of_appetite,malaise",,,,red_spots_over_body
Typhoid,"abdominal_pain,belly_pain,headache",,"chills,high_fever","constipation,diarrhoea,nausea,vomiting",,,,,fatigue,,,,toxic_look_(typhos)
hepatitis A,"abdominal_pain,joint_pain,muscle_pain",,mild_fever,"diarrhoea,nausea,vomiting",dark_urine,yellowish_skin,,yellowing_of_eyes,loss_of_appetite,,,,
Hepatitis B,abdominal_pain,,,,"dark_urine,yellow_urine","itching,yellowish_skin",,yellowing_of_eyes,"fatigue,lethargy,loss_of_appetite,malaise",,,,"receiving_blood_transfusion,receiving_unsterile_injections"
Hepatitis C,,,,nausea,,yellowish_skin,,yellowing_of_eyes,"fatigue,loss_of_appetite",,,,family_history
Hepatitis D,"abdominal_pain,joint_pain",,,"nausea,vomiting",dark_urine,yellowish_skin,,yellowing_of_eyes,"fatigue,loss_of_appetite",,,,
Hepatitis E,"abdominal_pain,joint_pain",,high_fever,"nausea,stomach_bleeding,vomiting",dark_urine,yellowish_skin,coma,yellowing_of_eyes,"fatigue,loss_of_appetite",,,,acute_liver_failure
Alcoholic hepatitis,abdominal_pain,,,"swelling_of_stomach,vomiting",,yellowish_skin,,,,,,,"distention_of_abdomen,fluid_overload,history_of_alcohol_consumption"
Tuberculosis,chest_pain,"blood_in_sputum,breathlessness,cough,phlegm","chills,high_fever,mild_fever,sweating",vomiting,,,,yellowing_of_eyes,"fatigue,loss_of_appetite,malaise",,,weight_loss,swelled_lymph_nodes
Common Cold,"chest_pain,headache,muscle_pain","congestion,continuous_sneezing,cough,phlegm,runny_nose,throat_irritation","chills,high_fever",,,redness_of_eyes,,,"fatigue,malaise",,,,"loss_of_smell,sinus_pressure,swelled_lymph_nodes"
Pneumonia,chest_pain,"breathlessness,cough,phlegm,rusty_sputum","chills,high_fever,sweating",,,,,,"fatigue,malaise",,,,fast_heart_rate
Dimorphic hemmorhoids(piles),"pain_during_bowel_movements,pain_in_anal_region",,,constipation,,,,,,,,,"bloody_stool,irritation_in_anus"
Heart attack,chest_pain,breathlessness,sweating,vomiting,,,,,,,,,
Varicose veins,cramps,,,,,,,,fatigue,,,obesity,"bruising,prominent_veins_on_calf,swollen_blood_vessels,swollen_legs"
Hypothyroidism,,,,,,,dizziness,puffy_face_and_eyes,"fatigue,lethargy","depression,irritability,mood_swings",,weight_gain,"abnormal_menstruation,brittle_nails,cold_hands_and_feets,enlarged_thyroid,swollen_extremeties"
Hyperthyroidism,,,sweating,diarrhoea,,,muscle_weakness,,"excessive_hunger,fatigue","irritability,mood_swings,restlessness",,weight_loss,"abnormal_menstruation,fast_heart_rate"
Hypoglycemia,headache,,sweating,"nausea,vomiting",,,slurred_speech,blurred_and_distorted_vision,"excessive_hunger,fatigue","anxiety,irritability",,,"drying_and_tingling_lips,palpitations"
Osteoarthristis,"hip_joint_pain,joint_pain,knee_pain,neck_pain,painful_walking",,,,,,,,,,swelling_joints,,
Arthritis,painful_walking,,,,,,muscle_weakness,,,,"movement_stiffness,stiff_neck,swelling_joints",,
(vertigo) Paroymsal  Positional Vertigo,headache,,,"nausea,vomiting",,,"loss_of_balance,unsteadiness",,,,spinning_movements,,
Acne,,,,,,"blackheads,pus_filled_pimples,skin_rash",,,,,,,scurring
Urinary tract infection,,,,,"bladder_discomfort,burning_micturition,continuous_feel_of_urine,foul_smell_of_urine",,,,,,,,
Psoriasis,joint_pain,,,,,"skin_peeling,skin_rash",,,,,,,"inflammatory_nails,silver_like_dusting,small_dents_in_nails"
Impetigo,red_sore_around_nose,,high_fever,,,"blister,skin_rash",,,,,,,yellow_crust_ooze
Fungal infection,,,,,,"dischromic__patches,itching,nodal_skin_eruptions,skin_rash",,,,,,,
Allergy,,continuous_sneezing,"chills,shivering",,,,,watering_from_eyes,,,,,
GERD,"chest_pain,stomach_pain",cough,,"acidity,vomiting",,,,,,,,,ulcers_on_tongue
Chronic cholestasis,abdominal_pain,,,"nausea,vomiting",,"itching,yellowish_skin",,yellowing_of_eyes,loss_of_appetite,,,,
Drug Reaction,stomach_pain,,,,"burning_micturition,spotting__urination","itching,skin_rash",,,,,,,
Peptic ulcer diseae,abdominal_pain,,,"indigestion,passage_of_gases,vomiting",,internal_itching,,,loss_of_appetite,,,,
AIDS,,patches_in_throat,high_fever,,,,,,,,muscle_wasting,,extra_marital_contacts
Diabetes ,,,,,polyuria,,,blurred_and_distorted_vision,"excessive_hunger,fatigue,increased_appetite,lethargy",restlessness,,"obesity,weight_loss",irregular_sugar_level
Gastroenteritis,,,,"diarrhoea,vomiting",,,,sunken_eyes,,,,,dehydration
Bronchial Asthma,,"breathlessness,cough,mucoid_sputum",high_fever,,,,,,fatigue,,,,family_history
Hypertension ,"chest_pain,headache",,,,,,"dizziness,loss_of_balance",,,lack_of_concentration,,,
Migraine,headache,,,"acidity,indigestion",,,,blurred_and_distorted_vision,excessive_hunger,"depression,irritability",stiff_neck,,visual_disturbances
Cervical spondylosis,"back_pain,neck_pain",,,,,,"dizziness,loss_of_balance,weakness_in_limbs",,,,,,
Paralysis (brain hemorrhage),headache,,,vomiting,,,"altered_sensorium,weakness_of_one_body_side",,,,,,
Jaundice,abdominal_pain,,high_fever,vomiting,dark_urine,"itching,yellowish_skin",,,fatigue,,,weight_loss,
Malaria,"headache,muscle_pain",,"chills,high_fever,sweating","diarrhoea,nausea,vomiting",,,,,,,,,
Chicken pox,headache,,"high_fever,mild_fever",,,"itching,skin_rash",,,"fatigue,lethargy,loss_of_appetite,malaise",,,,"red_spots_over_body,swelled_lymph_nodes"
Dengue,"back_pain,headache,joint_pain,muscle_pain,pain_behind_the_eyes",,"chills,high_fever","nausea,vomiting",,skin_rash,,,"fatigue,loss_of_appetite,malaise",,,,red_spots_over_body
Typhoid,"abdominal_pain,belly_pain,headache",,"chills,high_fever","constipation,diarrhoea,nausea,vomiting",,,,,fatigue,,,,toxic_look_(typhos)
hepatitis A,"abdominal_pain,joint_pain,muscle_pain",,mild_fever,"diarrhoea,nausea,vomiting",dark_urine,yellowish_skin,,yellowing_of_eyes,loss_of_appetite,,,,
Hepatitis B,abdominal_pain,,,,"dark_urine,yellow_urine","itching,yellowish_skin",,yellowing_of_eyes,"fatigue,lethargy,loss_of_appetite,malaise",,,,"receiving_blood_transfusion,receiving_unsterile_injections"
Hepatitis C,,,,nausea,,yellowish_skin,,yellowing_of_eyes,"fatigue,loss_of_appetite",,,,family_history
Hepatitis D,"abdominal_pain,joint_pain",,,"nausea,vomiting",dark_urine,yellowish_skin,,yellowing_of_eyes,"fatigue,loss_of_appetite",,,,
Hepatitis E,"abdominal_pain,joint_pain",,high_fever,"nausea,stomach_bleeding,vomiting",dark_urine,yellowish_skin,coma,yellowing_of_eyes,"fatigue,loss_of_appetite",,,,acute_liver_failure
Alcoholic hepatitis,abdominal_pain,,,"swelling_of_stomach,vomiting",,yellowish_skin,,,,,,,"distention_of_abdomen,fluid_overload,history_of_alcohol_consumption"
Tuberculosis,chest_pain,"blood_in_sputum,breathlessness,cough,phlegm","chills,high_fever,mild_fever,sweating",vomiting,,,,yellowing_of_eyes,"fatigue,loss_of_appetite,malaise",,,weight_loss,swelled_lymph_nodes
Common Cold,"chest_pain,headache,muscle_pain","congestion,continuous_sneezing,cough,phlegm,runny_nose,throat_irritation","chills,high_fever",,,redness_of_eyes,,,"fatigue,malaise",,,,"loss_of_smell,sinus_pressure,swelled_lymph_nodes"
Pneumonia,chest_pain,"breathlessness,cough,phlegm,rusty_sputum","chills,high_fever,sweating",,,,,,"fatigue,malaise",,,,fast_heart_rate
Dimorphic hemmorhoids(piles),"pain_during_bowel_movements,pain_in_anal_region",,,constipation,,,,,,,,,"bloody_stool,irritation_in_anus"
Heart attack,chest_pain,breathlessness,sweating,vomiting,,,,,,,,,
Varicose veins,cramps,,,,,,,,fatigue,,,obesity,"bruising,prominent_veins_on_calf,swollen_blood_vessels,swollen_legs"
Hypothyroidism,,,,,,,dizziness,puffy_face_and_eyes,"fatigue,lethargy","depression,irritability,mood_swings",,weight_gain,"abnormal_menstruation,brittle_nails,cold_hands_and_feets,enlarged_thyroid,swollen_extremeties"
Hyperthyroidism,,,sweating,diarrhoea,,,muscle_weakness,,"excessive_hunger,fatigue","irritability,mood_swings,restlessness",,weight_loss,"abnormal_menstruation,fast_heart_rate"
Hypoglycemia,headache,,sweating,"nausea,vomiting",,,slurred_speech,blurred_and_distorted_vision,"excessive_hunger,fatigue","anxiety,irritability",,,"drying_and_tingling_lips,palpitations"
Osteoarthristis,"hip_joint_pain,joint_pain,knee_pain,neck_pain,painful_walking",,,,,,,,,,swelling_joints,,
Arthritis,painful_walking,,,,,,muscle_weakness,,,,"movement_stiffness,stiff_neck,swelling_joints",,
(vertigo) Paroymsal  Positional Vertigo,headache,,,"nausea,vomiting",,,"loss_of_balance,unsteadiness",,,,spinning_movements,,
Acne,,,,,,"blackheads,pus_filled_pimples,skin_rash",,,,,,,scurring
Urinary tract infection,,,,,"bladder_discomfort,burning_micturition,continuous_feel_of_urine,foul_smell_of_urine",,,,,,,,
Psoriasis,joint_pain,,,,,"skin_peeling,skin_rash",,,,,,,"inflammatory_nails,silver_like_dusting,small_dents_in_nails"
Impetigo,red_sore_around_nose,,high_fever,,,"blister,skin_rash",,,,,,,yellow_crust_ooze
Fungal infection,,,,,,"dischromic__patches,itching,nodal_skin_eruptions,skin_rash",,,,,,,
Allergy,,continuous_sneezing,"chills,shivering",,,,,watering_from_eyes,,,,,
GERD,"chest_pain,stomach_pain",cough,,"acidity,vomiting",,,,,,,,,ulcers_on_tongue
Chronic cholestasis,abdominal_pain,,,"nausea,vomiting",,"itching,yellowish_skin",,yellowing_of_eyes,loss_of_appetite,,,,
Drug Reaction,stomach_pain,,,,"burning_micturition,spotting__urination","itching,skin_rash",,,,,,,
Peptic ulcer diseae,abdominal_pain,,,"indigestion,passage_of_gases,vomiting",,internal_itching,,,loss_of_appetite,,,,
AIDS,,patches_in_throat,high_fever,,,,,,,,muscle_wasting,,extra_marital_contacts
Diabetes ,,,,,polyuria,,,blurred_and_distorted_vision,"excessive_hunger,fatigue,increased_appetite,lethargy",restlessness,,"obesity,weight_loss",irregular_sugar_level
Gastroenteritis,,,,"diarrhoea,vomiting",,,,sunken_eyes,,,,,dehydration
Bronchial Asthma,,"breathlessness,cough,mucoid_sputum",high_fever,,,,,,fatigue,,,,family_history
Hypertension ,"chest_pain,headache",,,,,,"dizziness,loss_of_balance",,,lack_of_concentration,,,
Migraine,headache,,,"acidity,indigestion",,,,blurred_and_distorted_vision,excessive_hunger,"depression,irritability",stiff_neck,,visual_disturbances
Cervical spondylosis,"back_pain,neck_pain",,,,,,"dizziness,loss_of_balance,weakness_in_limbs",,,,,,
Paralysis (brain hemorrhage),headache,,,vomiting,,,"altered_sensorium,weakness_of_one_body_side",,,,,,
Jaundice,abdominal_pain,,high_fever,vomiting,dark_urine,"itching,yellowish_skin",,,fatigue,,,weight_loss,
Malaria,"headache,muscle_pain",,"chills,high_fever,sweating","diarrhoea,nausea,vomiting",,,,,,,,,
Chicken pox,headache,,"high_fever,mild_fever",,,"itching,skin_rash",,,"fatigue,lethargy,loss_of_appetite,malaise",,,,"red_spots_over_body,swelled_lymph_nodes"
Dengue,"back_pain,headache,joint_pain,muscle_pain,pain_behind_the_eyes",,"chills,high_fever","nausea,vomiting",,skin_rash,,,"fatigue,loss_of_appetite,malaise",,,,red_spots_over_body
Typhoid,"abdominal_pain,belly_pain,headache",,"chills,high_fever","constipation,diarrhoea,nausea,vomiting",,,,,fatigue,,,,toxic_look_(typhos)
hepatitis A,"abdominal_pain,joint_pain,muscle_pain",,mild_fever,"diarrhoea,nausea,vomiting",dark_urine,yellowish_skin,,yellowing_of_eyes,loss_of_appetite,,,,
Hepatitis B,abdominal_pain,,,,"dark_urine,yellow_urine","itching,yellowish_skin",,yellowing_of_eyes,"fatigue,lethargy,loss_of_appetite,malaise",,,,"receiving_blood_transfusion,receiving_unsterile_injections"
Hepatitis C,,,,nausea,,yellowish_skin,,yellowing_of_eyes,"fatigue,loss_of_appetite",,,,family_history
Hepatitis D,"abdominal_pain,joint_pain",,,"nausea,vomiting",dark_urine,yellowish_skin,,yellowing_of_eyes,"fatigue,loss_of_appetite",,,,
Hepatitis E,"abdominal_pain,joint_pain",,high_fever,"nausea,stomach_bleeding,vomiting",dark_urine,yellowish_skin,coma,yellowing_of_eyes,"fatigue,loss_of_appetite",,,,acute_liver_failure
Alcoholic hepatitis,abdominal_pain,,,"swelling_of_stomach,vomiting",,yellowish_skin,,,,,,,"distention_of_abdomen,fluid_overload,history_of_alcohol_consumption"
Tuberculosis,chest_pain,"blood_in_sputum,breathlessness,cough,phlegm","chills,high_fever,mild_fever,sweating",vomiting,,,,yellowing_of_eyes,"fatigue,loss_of_appetite,malaise",,,weight_loss,swelled_lymph_nodes
Common Cold,"chest_pain,headache,muscle_pain","congestion,continuous_sneezing,cough,phlegm,runny_nose,throat_irritation","chills,high_fever",,,redness_of_eyes,,,"fatigue,malaise",,,,"loss_of_smell,sinus_pressure,swelled_lymph_nodes"
Pneumonia,chest_pain,"breathlessness,cough,phlegm,rusty_sputum","chills,high_fever,sweating",,,,,,"fatigue,malaise",,,,fast_heart_rate
Dimorphic hemmorhoids(piles),"pain_during_bowel_movements,pain_in_anal_region",,,constipation,,,,,,,,,"bloody_stool,irritation_in_anus"
Heart attack,chest_pain,breathlessness,sweating,vomiting,,,,,,,,,
Varicose veins,cramps,,,,,,,,fatigue,,,obesity,"bruising,prominent_veins_on_calf,swollen_blood_vessels,swollen_legs"
Hypothyroidism,,,,,,,dizziness,puffy_face_and_eyes,"fatigue,lethargy","depression,irritability,mood_swings",,weight_gain,"abnormal_menstruation,brittle_nails,cold_hands_and_feets,enlarged_thyroid,swollen_extremeties"
Hyperthyroidism,,,sweating,diarrhoea,,,muscle_weakness,,"excessive_hunger,fatigue","irritability,mood_swings,restlessness",,weight_loss,"abnormal_menstruation,fast_heart_rate"
Hypoglycemia,headache,,sweating,"nausea,vomiting",,,slurred_speech,blurred_and_distorted_vision,"excessive_hunger,fatigue","anxiety,irritability",,,"drying_and_tingling_lips,palpitations"
Osteoarthristis,"hip_joint_pain,joint_pain,knee_pain,neck_pain,painful_walking",,,,,,,,,,swelling_joints,,
Arthritis,painful_walking,,,,,,muscle_weakness,,,,"movement_stiffness,stiff_neck,swelling_joints",,
(vertigo) Paroymsal  Positional Vertigo,headache,,,"nausea,vomiting",,,"loss_of_balance,unsteadiness",,,,spinning_movements,,
Acne,,,,,,"blackheads,pus_filled_pimples,skin_rash",,,,,,,scurring
Urinary tract infection,,,,,"bladder_discomfort,burning_micturition,continuous_feel_of_urine,foul_smell_of_urine",,,,,,,,
Psoriasis,joint_pain,,,,,"skin_peeling,skin_rash",,,,,,,"inflammatory_nails,silver_like_dusting,small_dents_in_nails"
Impetigo,red_sore_around_nose,,high_fever,,,"blister,skin_rash",,,,,,,yellow_crust_ooze
Fungal infection,,,,,,"dischromic__patches,itching,nodal_skin_eruptions,skin_rash",,,,,,,
Allergy,,continuous_sneezing,"chills,shivering",,,,,watering_from_eyes,,,,,
GERD,"chest_pain,stomach_pain",cough,,"acidity,vomiting",,,,,,,,,ulcers_on_tongue
Chronic cholestasis,abdominal_pain,,,"nausea,vomiting",,"itching,yellowish_skin",,yellowing_of_eyes,loss_of_appetite,,,,
Drug Reaction,stomach_pain,,,,"burning_micturition,spotting__urination","itching,skin_rash",,,,,,,
Peptic ulcer diseae,abdominal_pain,,,"indigestion,passage_of_gases,vomiting",,internal_itching,,,loss_of_appetite,,,,
AIDS,,patches_in_throat,high_fever,,,,,,,,muscle_wasting,,extra_marital_contacts
Diabetes ,,,,,polyuria,,,blurred_and_distorted_vision,"excessive_hunger,fatigue,increased_appetite,lethargy",restlessness,,"obesity,weight_loss",irregular_sugar_level
Gastroenteritis,,,,"diarrhoea,vomiting",,,,sunken_eyes,,,,,dehydration
Bronchial Asthma,,"breathlessness,cough,mucoid_sputum",high_fever,,,,,,fatigue,,,,family_history
Hypertension ,"chest_pain,headache",,,,,,"dizziness,loss_of_balance",,,lack_of_concentration,,,
Migraine,headache,,,"acidity,indigestion",,,,blurred_and_distorted_vision,excessive_hunger,"depression,irritability",stiff_neck,,visual_disturbances
Cervical spondylosis,"back_pain,neck_pain",,,,,,"dizziness,loss_of_balance,weakness_in_limbs",,,,,,
Paralysis (brain hemorrhage),headache,,,vomiting,,,"altered_sensorium,weakness_of_one_body_side",,,,,,
Jaundice,abdominal_pain,,high_fever,vomiting,dark_urine,"itching,yellowish_skin",,,fatigue,,,weight_loss,
Malaria,"headache,muscle_pain",,"chills,high_fever,sweating","diarrhoea,nausea,vomiting",,,,,,,,,
Chicken pox,headache,,"high_fever,mild_fever",,,"itching,skin_rash",,,"fatigue,lethargy,loss_of_appetite,malaise",,,,"red_spots_over_body,swelled_lymph_nodes"
Dengue,"back_pain,headache,joint_pain,muscle_pain,pain_behind_the_eyes",,"chills,high_fever","nausea,vomiting",,skin_rash,,,"fatigue,loss_of_appetite,malaise",,,,red_spots_over_body
Typhoid,"abdominal_pain,belly_pain,headache",,"chills,high_fever","constipation,diarrhoea,nausea,vomiting",,,,,fatigue,,,,toxic_look_(typhos)
hepatitis A,"abdominal_pain,joint_pain,muscle_pain",,mild_fever,"diarrhoea,nausea,vomiting",dark_urine,yellowish_skin,,yellowing_of_eyes,loss_of_appetite,,,,
Hepatitis B,abdominal_pain,,,,"dark_urine,yellow_urine","itching,yellowish_skin",,yellowing_of_eyes,"fatigue,lethargy,loss_of_appetite,malaise",,,,"receiving_blood_transfusion,receiving_unsterile_injections"
Hepatitis C,,,,nausea,,yellowish_skin,,yellowing_of_eyes,"fatigue,loss_of_appetite",,,,family_history
Hepatitis D,"abdominal_pain,joint_pain",,,"nausea,vomiting",dark_urine,yellowish_skin,,yellowing_of_eyes,"fatigue,loss_of_appetite",,,,
Hepatitis E,"abdominal_pain,joint_pain",,high_fever,"nausea,stomach_bleeding,vomiting",dark_urine,yellowish_skin,coma,yellowing_of_eyes,"fatigue,loss_of_appetite",,,,acute_liver_failure
Alcoholic hepatitis,abdominal_pain,,,"swelling_of_stomach,vomiting",,yellowish_skin,,,,,,,"distention_of_abdomen,fluid_overload,history_of_alcohol_consumption"
Tuberculosis,chest_pain,"blood_in_sputum,breathlessness,cough,phlegm","chills,high_fever,mild_fever,sweating",vomiting,,,,yellowing_of_eyes,"fatigue,loss_of_appetite,malaise",,,weight_loss,swelled_lymph_nodes
Common Cold,"chest_pain,headache,muscle_pain","congestion,continuous_sneezing,cough,phlegm,runny_nose,throat_irritation","chills,high_fever",,,redness_of_eyes,,,"fatigue,malaise",,,,"loss_of_smell,sinus_pressure,swelled_lymph_nodes"
Pneumonia,chest_pain,"breathlessness,cough,phlegm,rusty_sputum","chills,high_fever,sweating",,,,,,"fatigue,malaise",,,,fast_heart_rate
Dimorphic hemmorhoids(piles),"pain_during_bowel_movements,pain_in_anal_region",,,constipation,,,,,,,,,"bloody_stool,irritation_in_anus"
Heart attack,chest_pain,breathlessness,sweating,vomiting,,,,,,,,,
Varicose veins,cramps,,,,,,,,fatigue,,,obesity,"bruising,prominent_veins_on_calf,swollen_blood_vessels,swollen_legs"
Hypothyroidism,,,,,,,dizziness,puffy_face_and_eyes,"fatigue,lethargy","depression,irritability,mood_swings",,weight_gain,"abnormal_menstruation,brittle_nails,cold_hands_and_feets,enlarged_thyroid,swollen_extremeties"
Hyperthyroidism,,,sweating,diarrhoea,,,muscle_weakness,,"excessive_hunger,fatigue","irritability,mood_swings,restlessness",,weight_loss,"abnormal_menstruation,fast_heart_rate"
Hypoglycemia,headache,,sweating,"nausea,vomiting",,,slurred_speech,blurred_and_distorted_vision,"excessive_hunger,fatigue","anxiety,irritability",,,"drying_and_tingling_lips,palpitations"
Osteoarthristis,"hip_joint_pain,joint_pain,knee_pain,neck_pain,painful_walking",,,,,,,,,,swelling_joints,,
Arthritis,painful_walking,,,,,,muscle_weakness,,,,"movement_stiffness,stiff_neck,swelling_joints",,
(vertigo) Paroymsal  Positional Vertigo,headache,,,"nausea,vomiting",,,"loss_of_balance,unsteadiness",,,,spinning_movements,,
Acne,,,,,,"blackheads,pus_filled_pimples,skin_rash",,,,,,,scurring
Urinary tract infection,,,,,"bladder_discomfort,burning_micturition,continuous_feel_of_urine,foul_smell_of_urine",,,,,,,,
Psoriasis,joint_pain,,,,,"skin_peeling,skin_rash",,,,,,,"inflammatory_nails,silver_like_dusting,small_dents_in_nails"
Impetigo,red_sore_around_nose,,high_fever,,,"blister,skin_rash",,,,,,,yellow_crust_ooze
Fungal infection,,,,,,"dischromic__patches,itching,nodal_skin_eruptions,skin_rash",,,,,,,
Allergy,,continuous_sneezing,"chills,shivering",,,,,watering_from_eyes,,,,,
GERD,"chest_pain,stomach_pain",cough,,"acidity,vomiting",,,,,,,,,ulcers_on_tongue
Chronic cholestasis,abdominal_pain,,,"nausea,vomiting",,"itching,yellowish_skin",,yellowing_of_eyes,loss_of_appetite,,,,
Drug Reaction,stomach_pain,,,,"burning_micturition,spotting__urination","itching,skin_rash",,,,,,,
Peptic ulcer diseae,abdominal_pain,,,"indigestion,passage_of_gases,vomiting",,internal_itching,,,loss_of_appetite,,,,
AIDS,,patches_in_throat,high_fever,,,,,,,,muscle_wasting,,extra_marital_contacts
Diabetes ,,,,,polyuria,,,blurred_and_distorted_vision,"excessive_hunger,fatigue,increased_appetite,lethargy",restlessness,,"obesity,weight_loss",irregular_sugar_level
Gastroenteritis,,,,"diarrhoea,vomiting",,,,sunken_eyes,,,,,dehydration
Bronchial Asthma,,"breathlessness,cough,mucoid_sputum",high_fever,,,,,,fatigue,,,,family_history
Hypertension ,"chest_pain,headache",,,,,,"dizziness,loss_of_balance",,,lack_of_concentration,,,
Migraine,headache,,,"acidity,indigestion",,,,blurred_and_distorted_vision,excessive_hunger,"depression,irritability",stiff_neck,,visual_disturbances
Cervical spondylosis,"back_pain,neck_pain",,,,,,"dizziness,loss_of_balance,weakness_in_limbs",,,,,,
Paralysis (brain hemorrhage),headache,,,vomiting,,,"altered_sensorium,weakness_of_one_body_side",,,,,,
Jaundice,abdominal_pain,,high_fever,vomiting,dark_urine,"itching,yellowish_skin",,,fatigue,,,weight_loss,
Malaria,"headache,muscle_pain",,"chills,high_fever,sweating","diarrhoea,nausea,vomiting",,,,,,,,,
Chicken pox,headache,,"high_fever,mild_fever",,,"itching,skin_rash",,,"fatigue,lethargy,loss_of_appetite,malaise",,,,"red_spots_over_body,swelled_lymph_nodes"
Dengue,"back_pain,headache,joint_pain,muscle_pain,pain_behind_the_eyes",,"chills,high_fever","nausea,vomiting",,skin_rash,,,"fatigue,loss_of_appetite,malaise",,,,red_spots_over_body
Typhoid,"abdominal_pain,belly_pain,headache",,"chills,high_fever","constipation,diarrhoea,nausea,vomiting",,,,,fatigue,,,,toxic_look_(typhos)
hepatitis A,"abdominal_pain,joint_pain,muscle_pain",,mild_fever,"diarrhoea,nausea,vomiting",dark_urine,yellowish_skin,,yellowing_of_eyes,loss_of_appetite,,,,
Hepatitis B,abdominal_pain,,,,"dark_urine,yellow_urine","itching,yellowish_skin",,yellowing_of_eyes,"fatigue,lethargy,loss_of_appetite,malaise",,,,"receiving_blood_transfusion,receiving_unsterile_injections"
Hepatitis C,,,,nausea,,yellowish_skin,,yellowing_of_eyes,"fatigue,loss_of_appetite",,,,family_history
Hepatitis D,"abdominal_pain,joint_pain",,,"nausea,vomiting",dark_urine,yellowish_skin,,yellowing_of_eyes,"fatigue,loss_of_appetite",,,,
Hepatitis E,"abdominal_pain,joint_pain",,high_fever,"nausea,stomach_bleeding,vomiting",dark_urine,yellowish_skin,coma,yellowing_of_eyes,"fatigue,loss_of_appetite",,,,acute_liver_failure
Alcoholic hepatitis,abdominal_pain,,,"swelling_of_stomach,vomiting",,yellowish_skin,,,,,,,"distention_of_abdomen,fluid_overload,history_of_alcohol_consumption"
Tuberculosis,chest_pain,"blood_in_sputum,breathlessness,cough,phlegm","chills,high_fever,mild_fever,sweating",vomiting,,,,yellowing_of_eyes,"fatigue,loss_of_appetite,malaise",,,weight_loss,swelled_lymph_nodes
Common Cold,"chest_pain,headache,muscle_pain","congestion,continuous_sneezing,cough,phlegm,runny_nose,throat_irritation","chills,high_fever",,,redness_of_eyes,,,"fatigue,malaise",,,,"loss_of_smell,sinus_pressure,swelled_lymph_nodes"
Pneumonia,chest_pain,"breathlessness,cough,phlegm,rusty_sputum","chills,high_fever,sweating",,,,,,"fatigue,malaise",,,,fast_heart_rate
Dimorphic hemmorhoids(piles),"pain_during_bowel_movements,pain_in_anal_region",,,constipation,,,,,,,,,"bloody_stool,irritation_in_anus"
Heart attack,chest_pain,breathlessness,sweating,vomiting,,,,,,,,,
Varicose veins,cramps,,,,,,,,fatigue,,,obesity,"bruising,prominent_veins_on_calf,swollen_blood_vessels,swollen_legs"
Hypothyroidism,,,,,,,dizziness,puffy_face_and_eyes,"fatigue,lethargy","depression,irritability,mood_swings",,weight_gain,"abnormal_menstruation,brittle_nails,cold_hands_and_feets,enlarged_thyroid,swollen_extremeties"
Hyperthyroidism,,,sweating,diarrhoea,,,muscle_weakness,,"excessive_hunger,fatigue","irritability,mood_swings,restlessness",,weight_loss,"abnormal_menstruation,fast_heart_rate"
Hypoglycemia,headache,,sweating,"nausea,vomiting",,,slurred_speech,blurred_and_distorted_vision,"excessive_hunger,fatigue","anxiety,irritability",,,"drying_and_tingling_lips,palpitations"
Osteoarthristis,"hip_joint_pain,joint_pain,knee_pain,neck_pain,painful_walking",,,,,,,,,,swelling_joints,,
Arthritis,painful_walking,,,,,,muscle_weakness,,,,"movement_stiffness,stiff_neck,swelling_joints",,
(vertigo) Paroymsal  Positional Vertigo,headache,,,"nausea,vomiting",,,"loss_of_balance,unsteadiness",,,,spinning_movements,,
Acne,,,,,,"blackheads,pus_filled_pimples,skin_rash",,,,,,,scurring
Urinary tract infection,,,,,"bladder_discomfort,burning_micturition,continuous_feel_of_urine,foul_smell_of_urine",,,,,,,,
Psoriasis,joint_pain,,,,,"skin_peeling,skin_rash",,,,,,,"inflammatory_nails,silver_like_dusting,small_dents_in_nails"
Impetigo,red_sore_around_nose,,high_fever,,,"blister,skin_rash",,,,,,,yellow_crust_ooze
Fungal infection,,,,,,"dischromic__patches,itching,nodal_skin_eruptions,skin_rash",,,,,,,
Allergy,,continuous_sneezing,"chills,shivering",,,,,watering_from_eyes,,,,,
GERD,"chest_pain,stomach_pain",cough,,"acidity,vomiting",,,,,,,,,ulcers_on_tongue
Chronic cholestasis,abdominal_pain,,,"nausea,vomiting",,"itching,yellowish_skin",,yellowing_of_eyes,loss_of_appetite,,,,
Drug Reaction,stomach_pain,,,,"burning_micturition,spotting__urination","itching,skin_rash",,,,,,,
Peptic ulcer diseae,abdominal_pain,,,"indigestion,passage_of_gases,vomiting",,internal_itching,,,loss_of_appetite,,,,
AIDS,,patches_in_throat,high_fever,,,,,,,,muscle_wasting,,extra_marital_contacts
Diabetes ,,,,,polyuria,,,blurred_and_distorted_vision,"excessive_hunger,fatigue,increased_appetite,lethargy",restlessness,,"obesity,weight_loss",irregular_sugar_level
Gastroenteritis,,,,"diarrhoea,vomiting",,,,sunken_eyes,,,,,dehydration
Bronchial Asthma,,"breathlessness,cough,mucoid_sputum",high_fever,,,,,,fatigue,,,,family_history
Hypertension ,"chest_pain,headache",,,,,,"dizziness,loss_of_balance",,,lack_of_concentration,,,
Migraine,headache,,,"acidity,indigestion",,,,blurred_and_distorted_vision,excessive_hunger,"depression,irritability",stiff_neck,,visual_disturbances
Cervical spondylosis,"back_pain,neck_pain",,,,,,"dizziness,loss_of_balance,weakness_in_limbs",,,,,,
Paralysis (brain hemorrhage),headache,,,vomiting,,,"altered_sensorium,weakness_of_one_body_side",,,,,,
Jaundice,abdominal_pain,,high_fever,vomiting,dark_urine,"itching,yellowish_skin",,,fatigue,,,weight_loss,
Malaria,"headache,muscle_pain",,"chills,high_fever,sweating","diarrhoea,nausea,vomiting",,,,,,,,,
Chicken pox,headache,,"high_fever,mild_fever",,,"itching,skin_rash",,,"fatigue,lethargy,loss_of_appetite,malaise",,,,"red_spots_over_body,swelled_lymph_nodes"
Dengue,"back_pain,headache,joint_pain,muscle_pain,pain_behind_the_eyes",,"chills,high_fever","nausea,vomiting",,skin_rash,,,"fatigue,loss_of_appetite,malaise",,,,red_spots_over_body
Typhoid,"abdominal_pain,belly_pain,headache",,"chills,high_fever","constipation,diarrhoea,nausea,vomiting",,,,,fatigue,,,,toxic_look_(typhos)
hepatitis A,"abdominal_pain,joint_pain,muscle_pain",,mild_fever,"diarrhoea,nausea,vomiting",dark_urine,yellowish_skin,,yellowing_of_eyes,loss_of_appetite,,,,
Hepatitis B,abdominal_pain,,,,"dark_urine,yellow_urine","itching,yellowish_skin",,yellowing_of_eyes,"fatigue,lethargy,loss_of_appetite,malaise",,,,"receiving_blood_transfusion,receiving_unsterile_injections"
Hepatitis C,,,,nausea,,yellowish_skin,,yellowing_of_eyes,"fatigue,loss_of_appetite",,,,family_history
Hepatitis D,"abdominal_pain,joint_pain",,,"nausea,vomiting",dark_urine,yellowish_skin,,yellowing_of_eyes,"fatigue,loss_of_appetite",,,,
Hepatitis E,"abdominal_pain,joint_pain",,high_fever,"nausea,stomach_bleeding,vomiting",dark_urine,yellowish_skin,coma,yellowing_of_eyes,"fatigue,loss_of_appetite",,,,acute_liver_failure
Alcoholic hepatitis,abdominal_pain,,,"swelling_of_stomach,vomiting",,yellowish_skin,,,,,,,"distention_of_abdomen,fluid_overload,history_of_alcohol_consumption"
Tuberculosis,chest_pain,"blood_in_sputum,breathlessness,cough,phlegm","chills,high_fever,mild_fever,sweating",vomiting,,,,yellowing_of_eyes,"fatigue,loss_of_appetite,malaise",,,weight_loss,swelled_lymph_nodes
Common Cold,"chest_pain,headache,muscle_pain","congestion,continuous_sneezing,cough,phlegm,runny_nose,throat_irritation","chills,high_fever",,,redness_of_eyes,,,"fatigue,malaise",,,,"loss_of_smell,sinus_pressure,swelled_lymph_nodes"
Pneumonia,chest_pain,"breathlessness,cough,phlegm,rusty_sputum","chills,high_fever,sweating",,,,,,"fatigue,malaise",,,,fast_heart_rate
Dimorphic hemmorhoids(piles),"pain_during_bowel_movements,pain_in_anal_region",,,constipation,,,,,,,,,"bloody_stool,irritation_in_anus"
Heart attack,chest_pain,breathlessness,sweating,vomiting,,,,,,,,,
Varicose veins,cramps,,,,,,,,fatigue,,,obesity,"bruising,prominent_veins_on_calf,swollen_blood_vessels,swollen_legs"
Hypothyroidism,,,,,,,dizziness,puffy_face_and_eyes,"fatigue,lethargy","depression,irritability,mood_swings",,weight_gain,"abnormal_menstruation,brittle_nails,cold_hands_and_feets,enlarged_thyroid,swollen_extremeties"
Hyperthyroidism,,,sweating,diarrhoea,,,muscle_weakness,,"excessive_hunger,fatigue","irritability,mood_swings,restlessness",,weight_loss,"abnormal_menstruation,fast_heart_rate"
Hypoglycemia,headache,,sweating,"nausea,vomiting",,,slurred_speech,blurred_and_distorted_vision,"excessive_hunger,fatigue","anxiety,irritability",,,"drying_and_tingling_lips,palpitations"
Osteoarthristis,"hip_joint_pain,joint_pain,knee_pain,neck_pain,painful_walking",,,,,,,,,,swelling_joints,,
Arthritis,painful_walking,,,,,,muscle_weakness,,,,"movement_stiffness,stiff_neck,swelling_joints",,
(vertigo) Paroymsal  Positional Vertigo,headache,,,"nausea,vomiting",,,"loss_of_balance,unsteadiness",,,,spinning_movements,,
Acne,,,,,,"blackheads,pus_filled_pimples,skin_rash",,,,,,,scurring
Urinary tract infection,,,,,"bladder_discomfort,burning_micturition,continuous_feel_of_urine,foul_smell_of_urine",,,,,,,,
Psoriasis,joint_pain,,,,,"skin_peeling,skin_rash",,,,,,,"inflammatory_nails,silver_like_dusting,small_dents_in_nails"
Impetigo,red_sore_around_nose,,high_fever,,,"blister,skin_rash",,,,,,,yellow_crust_ooze
Fungal infection,,,,,,"dischromic__patches,itching,nodal_skin_eruptions,skin_rash",,,,,,,
Allergy,,continuous_sneezing,"chills,shivering",,,,,watering_from_eyes,,,,,
GERD,"chest_pain,stomach_pain",cough,,"acidity,vomiting",,,,,,,,,ulcers_on_tongue
Chronic cholestasis,abdominal_pain,,,"nausea,vomiting",,"itching,yellowish_skin",,yellowing_of_eyes,loss_of_appetite,,,,
Drug Reaction,stomach_pain,,,,"burning_micturition,spotting__urination","itching,skin_rash",,,,,,,
Peptic ulcer diseae,abdominal_pain,,,"indigestion,passage_of_gases,vomiting",,internal_itching,,,loss_of_appetite,,,,
AIDS,,patches_in_throat,high_fever,,,,,,,,muscle_wasting,,extra_marital_contacts
Diabetes ,,,,,polyuria,,,blurred_and_distorted_vision,"excessive_hunger,fatigue,increased_appetite,lethargy",restlessness,,"obesity,weight_loss",irregular_sugar_level
Gastroenteritis,,,,"diarrhoea,vomiting",,,,sunken_eyes,,,,,dehydration
Bronchial Asthma,,"breathlessness,cough,mucoid_sputum",high_fever,,,,,,fatigue,,,,family_history
Hypertension ,"chest_pain,headache",,,,,,"dizziness,loss_of_balance",,,lack_of_concentration,,,
Migraine,headache,,,"acidity,indigestion",,,,blurred_and_distorted_vision,excessive_hunger,"depression,irritability",stiff_neck,,visual_disturbances
Cervical spondylosis,"back_pain,neck_pain",,,,,,"dizziness,loss_of_balance,weakness_in_limbs",,,,,,
Paralysis (brain hemorrhage),headache,,,vomiting,,,"altered_sensorium,weakness_of_one_body_side",,,,,,
Jaundice,abdominal_pain,,high_fever,vomiting,dark_urine,"itching,yellowish_skin",,,fatigue,,,weight_loss,
Malaria,"headache,muscle_pain",,"chills,high_fever,sweating","diarrhoea,nausea,vomiting",,,,,,,,,
Chicken pox,headache,,"high_fever,mild_fever",,,"itching,skin_rash",,,"fatigue,lethargy,loss_of_appetite,malaise",,,,"red_spots_over_body,swelled_lymph_nodes"
Dengue,"back_pain,headache,joint_pain,muscle_pain,pain_behind_the_eyes",,"chills,high_fever","nausea,vomiting",,skin_rash,,,"fatigue,loss_of_appetite,malaise",,,,red_spots_over_body
Typhoid,"abdominal_pain,belly_pain,headache",,"chills,high_fever","constipation,diarrhoea,nausea,vomiting",,,,,fatigue,,,,toxic_look_(typhos)
hepatitis A,"abdominal_pain,joint_pain,muscle_pain",,mild_fever,"diarrhoea,nausea,vomiting",dark_urine,yellowish_skin,,yellowing_of_eyes,loss_of_appetite,,,,
Hepatitis B,abdominal_pain,,,,"dark_urine,yellow_urine","itching,yellowish_skin",,yellowing_of_eyes,"fatigue,lethargy,loss_of_appetite,malaise",,,,"receiving_blood_transfusion,receiving_unsterile_injections"
Hepatitis C,,,,nausea,,yellowish_skin,,yellowing_of_eyes,"fatigue,loss_of_appetite",,,,family_history
Hepatitis D,"abdominal_pain,joint_pain",,,"nausea,vomiting",dark_urine,yellowish_skin,,yellowing_of_eyes,"fatigue,loss_of_appetite",,,,
Hepatitis E,"abdominal_pain,joint_pain",,high_fever,"nausea,stomach_bleeding,vomiting",dark_urine,yellowish_skin,coma,yellowing_of_eyes,"fatigue,loss_of_appetite",,,,acute_liver_failure
Alcoholic hepatitis,abdominal_pain,,,"swelling_of_stomach,vomiting",,yellowish_skin,,,,,,,"distention_of_abdomen,fluid_overload,history_of_alcohol_consumption"
Tuberculosis,chest_pain,"blood_in_sputum,breathlessness,cough,phlegm","chills,high_fever,mild_fever,sweating",vomiting,,,,yellowing_of_eyes,"fatigue,loss_of_appetite,malaise",,,weight_loss,swelled_lymph_nodes
Common Cold,"chest_pain,headache,muscle_pain","congestion,continuous_sneezing,cough,phlegm,runny_nose,throat_irritation","chills,high_fever",,,redness_of_eyes,,,"fatigue,malaise",,,,"loss_of_smell,sinus_pressure,swelled_lymph_nodes"
Pneumonia,chest_pain,"breathlessness,cough,phlegm,rusty_sputum","chills,high_fever,sweating",,,,,,"fatigue,malaise",,,,fast_heart_rate
Dimorphic hemmorhoids(piles),"pain_during_bowel_movements,pain_in_anal_region",,,constipation,,,,,,,,,"bloody_stool,irritation_in_anus"
Heart attack,chest_pain,breathlessness,sweating,vomiting,,,,,,,,,
Varicose veins,cramps,,,,,,,,fatigue,,,obesity,"bruising,prominent_veins_on_calf,swollen_blood_vessels,swollen_legs"
Hypothyroidism,,,,,,,dizziness,puffy_face_and_eyes,"fatigue,lethargy","depression,irritability,mood_swings",,weight_gain,"abnormal_menstruation,brittle_nails,cold_hands_and_feets,enlarged_thyroid,swollen_extremeties"
Hyperthyroidism,,,sweating,diarrhoea,,,muscle_weakness,,"excessive_hunger,fatigue","irritability,mood_swings,restlessness",,weight_loss,"abnormal_menstruation,fast_heart_rate"
Hypoglycemia,headache,,sweating,"nausea,vomiting",,,slurred_speech,blurred_and_distorted_vision,"excessive_hunger,fatigue","anxiety,irritability",,,"drying_and_tingling_lips,palpitations"
Osteoarthristis,"hip_joint_pain,joint_pain,knee_pain,neck_pain,painful_walking",,,,,,,,,,swelling_joints,,
Arthritis,painful_walking,,,,,,muscle_weakness,,,,"movement_stiffness,stiff_neck,swelling_joints",,
(vertigo) Paroymsal  Positional Vertigo,headache,,,"nausea,vomiting",,,"loss_of_balance,unsteadiness",,,,spinning_movements,,
Acne,,,,,,"blackheads,pus_filled_pimples,skin_rash",,,,,,,scurring
Urinary tract infection,,,,,"bladder_discomfort,burning_micturition,continuous_feel_of_urine,foul_smell_of_urine",,,,,,,,
Psoriasis,joint_pain,,,,,"skin_peeling,skin_rash",,,,,,,"inflammatory_nails,silver_like_dusting,small_dents_in_nails"
Impetigo,red_sore_around_nose,,high_fever,,,"blister,skin_rash",,,,,,,yellow_crust_ooze
Fungal infection,,,,,,"dischromic__patches,itching,nodal_skin_eruptions,skin_rash",,,,,,,
Allergy,,continuous_sneezing,"chills,shivering",,,,,watering_from_eyes,,,,,
GERD,"chest_pain,stomach_pain",cough,,"acidity,vomiting",,,,,,,,,ulcers_on_tongue
Chronic cholestasis,abdominal_pain,,,"nausea,vomiting",,"itching,yellowish_skin",,yellowing_of_eyes,loss_of_appetite,,,,
Drug Reaction,stomach_pain,,,,"burning_micturition,spotting__urination","itching,skin_rash",,,,,,,
Peptic ulcer diseae,abdominal_pain,,,"indigestion,passage_of_gases,vomiting",,internal_itching,,,loss_of_appetite,,,,
AIDS,,patches_in_throat,high_fever,,,,,,,,muscle_wasting,,extra_marital_contacts
Diabetes ,,,,,polyuria,,,blurred_and_distorted_vision,"excessive_hunger,fatigue,increased_appetite,lethargy",restlessness,,"obesity,weight_loss",irregular_sugar_level
Gastroenteritis,,,,"diarrhoea,vomiting",,,,sunken_eyes,,,,,dehydration
Bronchial Asthma,,"breathlessness,cough,mucoid_sputum",high_fever,,,,,,fatigue,,,,family_history
Hypertension ,"chest_pain,headache",,,,,,"dizziness,loss_of_balance",,,lack_of_concentration,,,
Migraine,headache,,,"acidity,indigestion",,,,blurred_and_distorted_vision,excessive_hunger,"depression,irritability",stiff_neck,,visual_disturbances
Cervical spondylosis,"back_pain,neck_pain",,,,,,"dizziness,loss_of_balance,weakness_in_limbs",,,,,,
Paralysis (brain hemorrhage),headache,,,vomiting,,,"altered_sensorium,weakness_of_one_body_side",,,,,,
Jaundice,abdominal_pain,,high_fever,vomiting,dark_urine,"itching,yellowish_skin",,,fatigue,,,weight_loss,
Malaria,"headache,muscle_pain",,"chills,high_fever,sweating","diarrhoea,nausea,vomiting",,,,,,,,,
Chicken pox,headache,,"high_fever,mild_fever",,,"itching,skin_rash",,,"fatigue,lethargy,loss_of_appetite,malaise",,,,"red_spots_over_body,swelled_lymph_nodes"
Dengue,"back_pain,headache,joint_pain,muscle_pain,pain_behind_the_eyes",,"chills,high_fever","nausea,vomiting",,skin_rash,,,"fatigue,loss_of_appetite,malaise",,,,red_spots_over_body
Typhoid,"abdominal_pain,belly_pain,headache",,"chills,high_fever","constipation,diarrhoea,nausea,vomiting",,,,,fatigue,,,,toxic_look_(typhos)
hepatitis A,"abdominal_pain,joint_pain,muscle_pain",,mild_fever,"diarrhoea,nausea,vomiting",dark_urine,yellowish_skin,,yellowing_of_eyes,loss_of_appetite,,,,
Hepatitis B,abdominal_pain,,,,"dark_urine,yellow_urine","itching,yellowish_skin",,yellowing_of_eyes,"fatigue,lethargy,loss_of_appetite,malaise",,,,"receiving_blood_transfusion,receiving_unsterile_injections"
Hepatitis C,,,,nausea,,yellowish_skin,,yellowing_of_eyes,"fatigue,loss_of_appetite",,,,family_history
Hepatitis D,"abdominal_pain,joint_pain",,,"nausea,vomiting",dark_urine,yellowish_skin,,yellowing_of_eyes,"fatigue,loss_of_appetite",,,,
Hepatitis E,"abdominal_pain,joint_pain",,high_fever,"nausea,stomach_bleeding,vomiting",dark_urine,yellowish_skin,coma,yellowing_of_eyes,"fatigue,loss_of_appetite",,,,acute_liver_failure
Alcoholic hepatitis,abdominal_pain,,,"swelling_of_stomach,vomiting",,yellowish_skin,,,,,,,"distention_of_abdomen,fluid_overload,history_of_alcohol_consumption"
Tuberculosis,chest_pain,"blood_in_sputum,breathlessness,cough,phlegm","chills,high_fever,mild_fever,sweating",vomiting,,,,yellowing_of_eyes,"fatigue,loss_of_appetite,malaise",,,weight_loss,swelled_lymph_nodes
Common Cold,"chest_pain,headache,muscle_pain","congestion,continuous_sneezing,cough,phlegm,runny_nose,throat_irritation","chills,high_fever",,,redness_of_eyes,,,"fatigue,malaise",,,,"loss_of_smell,sinus_pressure,swelled_lymph_nodes"
Pneumonia,chest_pain,"breathlessness,cough,phlegm,rusty_sputum","chills,high_fever,sweating",,,,,,"fatigue,malaise",,,,fast_heart_rate
Dimorphic hemmorhoids(piles),"pain_during_bowel_movements,pain_in_anal_region",,,constipation,,,,,,,,,"bloody_stool,irritation_in_anus"
Heart attack,chest_pain,breathlessness,sweating,vomiting,,,,,,,,,
Varicose veins,cramps,,,,,,,,fatigue,,,obesity,"bruising,prominent_veins_on_calf,swollen_blood_vessels,swollen_legs"
Hypothyroidism,,,,,,,dizziness,puffy_face_and_eyes,"fatigue,lethargy","depression,irritability,mood_swings",,weight_gain,"abnormal_menstruation,brittle_nails,cold_hands_and_feets,enlarged_thyroid,swollen_extremeties"
Hyperthyroidism,,,sweating,diarrhoea,,,muscle_weakness,,"excessive_hunger,fatigue","irritability,mood_swings,restlessness",,weight_loss,"abnormal_menstruation,fast_heart_rate"
Hypoglycemia,headache,,sweating,"nausea,vomiting",,,slurred_speech,blurred_and_distorted_vision,"excessive_hunger,fatigue","anxiety,irritability",,,"drying_and_tingling_lips,palpitations"
Osteoarthristis,"hip_joint_pain,joint_pain,knee_pain,neck_pain,painful_walking",,,,,,,,,,swelling_joints,,
Arthritis,painful_walking,,,,,,muscle_weakness,,,,"movement_stiffness,stiff_neck,swelling_joints",,
(vertigo) Paroymsal  Positional Vertigo,headache,,,"nausea,vomiting",,,"loss_of_balance,unsteadiness",,,,spinning_movements,,
Acne,,,,,,"blackheads,pus_filled_pimples,skin_rash",,,,,,,scurring
Urinary tract infection,,,,,"bladder_discomfort,burning_micturition,continuous_feel_of_urine,foul_smell_of_urine",,,,,,,,
Psoriasis,joint_pain,,,,,"skin_peeling,skin_rash",,,,,,,"inflammatory_nails,silver_like_dusting,small_dents_in_nails"
Impetigo,red_sore_around_nose,,high_fever,,,"blister,skin_rash",,,,,,,yellow_crust_ooze
Fungal infection,,,,,,"dischromic__patches,itching,nodal_skin_eruptions,skin_rash",,,,,,,
Allergy,,continuous_sneezing,"chills,shivering",,,,,watering_from_eyes,,,,,
GERD,"chest_pain,stomach_pain",cough,,"acidity,vomiting",,,,,,,,,ulcers_on_tongue
Chronic cholestasis,abdominal_pain,,,"nausea,vomiting",,"itching,yellowish_skin",,yellowing_of_eyes,loss_of_appetite,,,,
Drug Reaction,stomach_pain,,,,"burning_micturition,spotting__urination","itching,skin_rash",,,,,,,
Peptic ulcer diseae,abdominal_pain,,,"indigestion,passage_of_gases,vomiting",,internal_itching,,,loss_of_appetite,,,,
AIDS,,patches_in_throat,high_fever,,,,,,,,muscle_wasting,,extra_marital_contacts
Diabetes ,,,,,polyuria,,,blurred_and_distorted_vision,"excessive_hunger,fatigue,increased_appetite,lethargy",restlessness,,"obesity,weight_loss",irregular_sugar_level
Gastroenteritis,,,,"diarrhoea,vomiting",,,,sunken_eyes,,,,,dehydration
Bronchial Asthma,,"breathlessness,cough,mucoid_sputum",high_fever,,,,,,fatigue,,,,family_history
Hypertension ,"chest_pain,headache",,,,,,"dizziness,loss_of_balance",,,lack_of_concentration,,,
Migraine,headache,,,"acidity,indigestion",,,,blurred_and_distorted_vision,excessive_hunger,"depression,irritability",stiff_neck,,visual_disturbances
Cervical spondylosis,"back_pain,neck_pain",,,,,,"dizziness,loss_of_balance,weakness_in_limbs",,,,,,
Paralysis (brain hemorrhage),headache,,,vomiting,,,"altered_sensorium,weakness_of_one_body_side",,,,,,
Jaundice,abdominal_pain,,high_fever,vomiting,dark_urine,"itching,yellowish_skin",,,fatigue,,,weight_loss,
Malaria,"headache,muscle_pain",,"chills,high_fever,sweating","diarrhoea,nausea,vomiting",,,,,,,,,
Chicken pox,headache,,"high_fever,mild_fever",,,"itching,skin_rash",,,"fatigue,lethargy,loss_of_appetite,malaise",,,,"red_spots_over_body,swelled_lymph_nodes"
Dengue,"back_pain,headache,joint_pain,muscle_pain,pain_behind_the_eyes",,"chills,high_fever","nausea,vomiting",,skin_rash,,,"fatigue,loss_of_appetite,malaise",,,,red_spots_over_body
Typhoid,"abdominal_pain,belly_pain,headache",,"chills,high_fever","constipation,diarrhoea,nausea,vomiting",,,,,fatigue,,,,toxic_look_(typhos)
hepatitis A,"abdominal_pain,joint_pain,muscle_pain",,mild_fever,"diarrhoea,nausea,vomiting",dark_urine,yellowish_skin,,yellowing_of_eyes,loss_of_appetite,,,,
Hepatitis B,abdominal_pain,,,,"dark_urine,yellow_urine","itching,yellowish_skin",,yellowing_of_eyes,"fatigue,lethargy,loss_of_appetite,malaise",,,,"receiving_blood_transfusion,receiving_unsterile_injections"
Hepatitis C,,,,nausea,,yellowish_skin,,yellowing_of_eyes,"fatigue,loss_of_appetite",,,,family_history
Hepatitis D,"abdominal_pain,joint_pain",,,"nausea,vomiting",dark_urine,yellowish_skin,,yellowing_of_eyes,"fatigue,loss_of_appetite",,,,
Hepatitis E,"abdominal_pain,joint_pain",,high_fever,"nausea,stomach_bleeding,vomiting",dark_urine,yellowish_skin,coma,yellowing_of_eyes,"fatigue,loss_of_appetite",,,,acute_liver_failure
Alcoholic hepatitis,abdominal_pain,,,"swelling_of_stomach,vomiting",,yellowish_skin,,,,,,,"distention_of_abdomen,fluid_overload,history_of_alcohol_consumption"
Tuberculosis,chest_pain,"blood_in_sputum,breathlessness,cough,phlegm","chills,high_fever,mild_fever,sweating",vomiting,,,,yellowing_of_eyes,"fatigue,loss_of_appetite,malaise",,,weight_loss,swelled_lymph_nodes
Common Cold,"chest_pain,headache,muscle_pain","congestion,continuous_sneezing,cough,phlegm,runny_nose,throat_irritation","chills,high_fever",,,redness_of_eyes,,,"fatigue,malaise",,,,"loss_of_smell,sinus_pressure,swelled_lymph_nodes"
Pneumonia,chest_pain,"breathlessness,cough,phlegm,rusty_sputum","chills,high_fever,sweating",,,,,,"fatigue,malaise",,,,fast_heart_rate
Dimorphic hemmorhoids(piles),"pain_during_bowel_movements,pain_in_anal_region",,,constipation,,,,,,,,,"bloody_stool,irritation_in_anus"
Heart attack,chest_pain,breathlessness,sweating,vomiting,,,,,,,,,
Varicose veins,cramps,,,,,,,,fatigue,,,obesity,"bruising,prominent_veins_on_calf,swollen_blood_vessels,swollen_legs"
Hypothyroidism,,,,,,,dizziness,puffy_face_and_eyes,"fatigue,lethargy","depression,irritability,mood_swings",,weight_gain,"abnormal_menstruation,brittle_nails,cold_hands_and_feets,enlarged_thyroid,swollen_extremeties"
Hyperthyroidism,,,sweating,diarrhoea,,,muscle_weakness,,"excessive_hunger,fatigue","irritability,mood_swings,restlessness",,weight_loss,"abnormal_menstruation,fast_heart_rate"
Hypoglycemia,headache,,sweating,"nausea,vomiting",,,slurred_speech,blurred_and_distorted_vision,"excessive_hunger,fatigue","anxiety,irritability",,,"drying_and_tingling_lips,palpitations"
Osteoarthristis,"hip_joint_pain,joint_pain,knee_pain,neck_pain,painful_walking",,,,,,,,,,swelling_joints,,
Arthritis,painful_walking,,,,,,muscle_weakness,,,,"movement_stiffness,stiff_neck,swelling_joints",,
(vertigo) Paroymsal  Positional Vertigo,headache,,,"nausea,vomiting",,,"loss_of_balance,unsteadiness",,,,spinning_movements,,
Acne,,,,,,"blackheads,pus_filled_pimples,skin_rash",,,,,,,scurring
Urinary tract infection,,,,,"bladder_discomfort,burning_micturition,continuous_feel_of_urine,foul_smell_of_urine",,,,,,,,
Psoriasis,joint_pain,,,,,"skin_peeling,skin_rash",,,,,,,"inflammatory_nails,silver_like_dusting,small_dents_in_nails"
Impetigo,red_sore_around_nose,,high_fever,,,"blister,skin_rash",,,,,,,yellow_crust_ooze
Fungal infection,,,,,,"dischromic__patches,itching,nodal_skin_eruptions,skin_rash",,,,,,,
Allergy,,continuous_sneezing,"chills,shivering",,,,,watering_from_eyes,,,,,
GERD,"chest_pain,stomach_pain",cough,,"acidity,vomiting",,,,,,,,,ulcers_on_tongue
Chronic cholestasis,abdominal_pain,,,"nausea,vomiting",,"itching,yellowish_skin",,yellowing_of_eyes,loss_of_appetite,,,,
Drug Reaction,stomach_pain,,,,"burning_micturition,spotting__urination","itching,skin_rash",,,,,,,
Peptic ulcer diseae,abdominal_pain,,,"indigestion,passage_of_gases,vomiting",,internal_itching,,,loss_of_appetite,,,,
AIDS,,patches_in_throat,high_fever,,,,,,,,muscle_wasting,,extra_marital_contacts
Diabetes ,,,,,polyuria,,,blurred_and_distorted_vision,"excessive_hunger,fatigue,increased_appetite,lethargy",restlessness,,"obesity,weight_loss",irregular_sugar_level
Gastroenteritis,,,,"diarrhoea,vomiting",,,,sunken_eyes,,,,,dehydration
Bronchial Asthma,,"breathlessness,cough,mucoid_sputum",high_fever,,,,,,fatigue,,,,family_history
Hypertension ,"chest_pain,headache",,,,,,"dizziness,loss_of_balance",,,lack_of_concentration,,,
Migraine,headache,,,"acidity,indigestion",,,,blurred_and_distorted_vision,excessive_hunger,"depression,irritability",stiff_neck,,visual_disturbances
Cervical spondylosis,"back_pain,neck_pain",,,,,,"dizziness,loss_of_balance,weakness_in_limbs",,,,,,
Paralysis (brain hemorrhage),headache,,,vomiting,,,"altered_sensorium,weakness_of_one_body_side",,,,,,
Jaundice,abdominal_pain,,high_fever,vomiting,dark_urine,"itching,yellowish_skin",,,fatigue,,,weight_loss,
Malaria,"headache,muscle_pain",,"chills,high_fever,sweating","diarrhoea,nausea,vomiting",,,,,,,,,
Chicken pox,headache,,"high_fever,mild_fever",,,"itching,skin_rash",,,"fatigue,lethargy,loss_of_appetite,malaise",,,,"red_spots_over_body,swelled_lymph_nodes"
Dengue,"back_pain,headache,joint_pain,muscle_pain,pain_behind_the_eyes",,"chills,high_fever","nausea,vomiting",,skin_rash,,,"fatigue,loss_of_appetite,malaise",,,,red_spots_over_body
Typhoid,"abdominal_pain,belly_pain,headache",,"chills,high_fever","constipation,diarrhoea,nausea,vomiting",,,,,fatigue,,,,toxic_look_(typhos)
hepatitis A,"abdominal_pain,joint_pain,muscle_pain",,mild_fever,"diarrhoea,nausea,vomiting",dark_urine,yellowish_skin,,yellowing_of_eyes,loss_of_appetite,,,,
Hepatitis B,abdominal_pain,,,,"dark_urine,yellow_urine","itching,yellowish_skin",,yellowing_of_eyes,"fatigue,lethargy,loss_of_appetite,malaise",,,,"receiving_blood_transfusion,receiving_unsterile_injections"
Hepatitis C,,,,nausea,,yellowish_skin,,yellowing_of_eyes,"fatigue,loss_of_appetite",,,,family_history
Hepatitis D,"abdominal_pain,joint_pain",,,"nausea,vomiting",dark_urine,yellowish_skin,,yellowing_of_eyes,"fatigue,loss_of_appetite",,,,
Hepatitis E,"abdominal_pain,joint_pain",,high_fever,"nausea,stomach_bleeding,vomiting",dark_urine,yellowish_skin,coma,yellowing_of_eyes,"fatigue,loss_of_appetite",,,,acute_liver_failure
Alcoholic hepatitis,abdominal_pain,,,"swelling_of_stomach,vomiting",,yellowish_skin,,,,,,,"distention_of_abdomen,fluid_overload,history_of_alcohol_consumption"
Tuberculosis,chest_pain,"blood_in_sputum,breathlessness,cough,phlegm","chills,high_fever,mild_fever,sweating",vomiting,,,,yellowing_of_eyes,"fatigue,loss_of_appetite,malaise",,,weight_loss,swelled_lymph_nodes
Common Cold,"chest_pain,headache,muscle_pain","congestion,continuous_sneezing,cough,phlegm,runny_nose,throat_irritation","chills,high_fever",,,redness_of_eyes,,,"fatigue,malaise",,,,"loss_of_smell,sinus_pressure,swelled_lymph_nodes"
Pneumonia,chest_pain,"breathlessness,cough,phlegm,rusty_sputum","chills,high_fever,sweating",,,,,,"fatigue,malaise",,,,fast_heart_rate
Dimorphic hemmorhoids(piles),"pain_during_bowel_movements,pain_in_anal_region",,,constipation,,,,,,,,,"bloody_stool,irritation_in_anus"
Heart attack,chest_pain,breathlessness,sweating,vomiting,,,,,,,,,
Varicose veins,cramps,,,,,,,,fatigue,,,obesity,"bruising,prominent_veins_on_calf,swollen_blood_vessels,swollen_legs"
Hypothyroidism,,,,,,,dizziness,puffy_face_and_eyes,"fatigue,lethargy","depression,irritability,mood_swings",,weight_gain,"abnormal_menstruation,brittle_nails,cold_hands_and_feets,enlarged_thyroid,swollen_extremeties"
Hyperthyroidism,,,sweating,diarrhoea,,,muscle_weakness,,"excessive_hunger,fatigue","irritability,mood_swings,restlessness",,weight_loss,"abnormal_menstruation,fast_heart_rate"
Hypoglycemia,headache,,sweating,"nausea,vomiting",,,slurred_speech,blurred_and_distorted_vision,"excessive_hunger,fatigue","anxiety,irritability",,,"drying_and_tingling_lips,palpitations"
Osteoarthristis,"hip_joint_pain,joint_pain,knee_pain,neck_pain,painful_walking",,,,,,,,,,swelling_joints,,
Arthritis,painful_walking,,,,,,muscle_weakness,,,,"movement_stiffness,stiff_neck,swelling_joints",,
(vertigo) Paroymsal  Positional Vertigo,headache,,,"nausea,vomiting",,,"loss_of_balance,unsteadiness",,,,spinning_movements,,
Acne,,,,,,"blackheads,pus_filled_pimples,skin_rash",,,,,,,scurring
Urinary tract infection,,,,,"bladder_discomfort,burning_micturition,continuous_feel_of_urine,foul_smell_of_urine",,,,,,,,
Psoriasis,joint_pain,,,,,"skin_peeling,skin_rash",,,,,,,"inflammatory_nails,silver_like_dusting,small_dents_in_nails"
Impetigo,red_sore_around_nose,,high_fever,,,"blister,skin_rash",,,,,,,yellow_crust_ooze
Fungal infection,,,,,,"dischromic__patches,itching,nodal_skin_eruptions,skin_rash",,,,,,,
Allergy,,continuous_sneezing,"chills,shivering",,,,,watering_from_eyes,,,,,
GERD,"chest_pain,stomach_pain",cough,,"acidity,vomiting",,,,,,,,,ulcers_on_tongue
Chronic cholestasis,abdominal_pain,,,"nausea,vomiting",,"itching,yellowish_skin",,yellowing_of_eyes,loss_of_appetite,,,,
Drug Reaction,stomach_pain,,,,"burning_micturition,spotting__urination","itching,skin_rash",,,,,,,
Peptic ulcer diseae,abdominal_pain,,,"indigestion,passage_of_gases,vomiting",,internal_itching,,,loss_of_appetite,,,,
AIDS,,patches_in_throat,high_fever,,,,,,,,muscle_wasting,,extra_marital_contacts
Diabetes ,,,,,polyuria,,,blurred_and_distorted_vision,"excessive_hunger,fatigue,increased_appetite,lethargy",restlessness,,"obesity,weight_loss",irregular_sugar_level
Gastroenteritis,,,,"diarrhoea,vomiting",,,,sunken_eyes,,,,,dehydration
Bronchial Asthma,,"breathlessness,cough,mucoid_sputum",high_fever,,,,,,fatigue,,,,family_history
Hypertension ,"chest_pain,headache",,,,,,"dizziness,loss_of_balance",,,lack_of_concentration,,,
Migraine,headache,,,"acidity,indigestion",,,,blurred_and_distorted_vision,excessive_hunger,"depression,irritability",stiff_neck,,visual_disturbances
Cervical spondylosis,"back_pain,neck_pain",,,,,,"dizziness,loss_of_balance,weakness_in_limbs",,,,,,
Paralysis (brain hemorrhage),headache,,,vomiting,,,"altered_sensorium,weakness_of_one_body_side",,,,,,
Jaundice,abdominal_pain,,high_fever,vomiting,dark_urine,"itching,yellowish_skin",,,fatigue,,,weight_loss,
Malaria,"headache,muscle_pain",,"chills,high_fever,sweating","diarrhoea,nausea,vomiting",,,,,,,,,
Chicken pox,headache,,"high_fever,mild_fever",,,"itching,skin_rash",,,"fatigue,lethargy,loss_of_appetite,malaise",,,,"red_spots_over_body,swelled_lymph_nodes"
Dengue,"back_pain,headache,joint_pain,muscle_pain,pain_behind_the_eyes",,"chills,high_fever","nausea,vomiting",,skin_rash,,,"fatigue,loss_of_appetite,malaise",,,,red_spots_over_body
Typhoid,"abdominal_pain,belly_pain,headache",,"chills,high_fever","constipation,diarrhoea,nausea,vomiting",,,,,fatigue,,,,toxic_look_(typhos)
hepatitis A,"abdominal_pain,joint_pain,muscle_pain",,mild_fever,"diarrhoea,nausea,vomiting",dark_urine,yellowish_skin,,yellowing_of_eyes,loss_of_appetite,,,,
Hepatitis B,abdominal_pain,,,,"dark_urine,yellow_urine","itching,yellowish_skin",,yellowing_of_eyes,"fatigue,lethargy,loss_of_appetite,malaise",,,,"receiving_blood_transfusion,receiving_unsterile_injections"
Hepatitis C,,,,nausea,,yellowish_skin,,yellowing_of_eyes,"fatigue,loss_of_appetite",,,,family_history
Hepatitis D,"abdominal_pain,joint_pain",,,"nausea,vomiting",dark_urine,yellowish_skin,,yellowing_of_eyes,"fatigue,loss_of_appetite",,,,
Hepatitis E,"abdominal_pain,joint_pain",,high_fever,"nausea,stomach_bleeding,vomiting",dark_urine,yellowish_skin,coma,yellowing_of_eyes,"fatigue,loss_of_appetite",,,,acute_liver_failure
Alcoholic hepatitis,abdominal_pain,,,"swelling_of_stomach,vomiting",,yellowish_skin,,,,,,,"distention_of_abdomen,fluid_overload,history_of_alcohol_consumption"
Tuberculosis,chest_pain,"blood_in_sputum,breathlessness,cough,phlegm","chills,high_fever,mild_fever,sweating",vomiting,,,,yellowing_of_eyes,"fatigue,loss_of_appetite,malaise",,,weight_loss,swelled_lymph_nodes
Common Cold,"chest_pain,headache,muscle_pain","congestion,continuous_sneezing,cough,phlegm,runny_nose,throat_irritation","chills,high_fever",,,redness_of_eyes,,,"fatigue,malaise",,,,"loss_of_smell,sinus_pressure,swelled_lymph_nodes"
Pneumonia,chest_pain,"breathlessness,cough,phlegm,rusty_sputum","chills,high_fever,sweating",,,,,,"fatigue,malaise",,,,fast_heart_rate
Dimorphic hemmorhoids(piles),"pain_during_bowel_movements,pain_in_anal_region",,,constipation,,,,,,,,,"bloody_stool,irritation_in_anus"
Heart attack,chest_pain,breathlessness,sweating,vomiting,,,,,,,,,
Varicose veins,cramps,,,,,,,,fatigue,,,obesity,"bruising,prominent_veins_on_calf,swollen_blood_vessels,swollen_legs"
Hypothyroidism,,,,,,,dizziness,puffy_face_and_eyes,"fatigue,lethargy","depression,irritability,mood_swings",,weight_gain,"abnormal_menstruation,brittle_nails,cold_hands_and_feets,enlarged_thyroid,swollen_extremeties"
Hyperthyroidism,,,sweating,diarrhoea,,,muscle_weakness,,"excessive_hunger,fatigue","irritability,mood_swings,restlessness",,weight_loss,"abnormal_menstruation,fast_heart_rate"
Hypoglycemia,headache,,sweating,"nausea,vomiting",,,slurred_speech,blurred_and_distorted_vision,"excessive_hunger,fatigue","anxiety,irritability",,,"drying_and_tingling_lips,palpitations"
Osteoarthristis,"hip_joint_pain,joint_pain,knee_pain,neck_pain,painful_walking",,,,,,,,,,swelling_joints,,
Arthritis,painful_walking,,,,,,muscle_weakness,,,,"movement_stiffness,stiff_neck,swelling_joints",,
(vertigo) Paroymsal  Positional Vertigo,headache,,,"nausea,vomiting",,,"loss_of_balance,unsteadiness",,,,spinning_movements,,
Acne,,,,,,"blackheads,pus_filled_pimples,skin_rash",,,,,,,scurring
Urinary tract infection,,,,,"bladder_discomfort,burning_micturition,continuous_feel_of_urine,foul_smell_of_urine",,,,,,,,
Psoriasis,joint_pain,,,,,"skin_peeling,skin_rash",,,,,,,"inflammatory_nails,silver_like_dusting,small_dents_in_nails"
Impetigo,red_sore_around_nose,,high_fever,,,"blister,skin_rash",,,,,,,yellow_crust_ooze
Fungal infection,,,,,,"dischromic__patches,itching,nodal_skin_eruptions,skin_rash",,,,,,,
Allergy,,continuous_sneezing,"chills,shivering",,,,,watering_from_eyes,,,,,
GERD,"chest_pain,stomach_pain",cough,,"acidity,vomiting",,,,,,,,,ulcers_on_tongue
Chronic cholestasis,abdominal_pain,,,"nausea,vomiting",,"itching,yellowish_skin",,yellowing_of_eyes,loss_of_appetite,,,,
Drug Reaction,stomach_pain,,,,"burning_micturition,spotting__urination","itching,skin_rash",,,,,,,
Peptic ulcer diseae,abdominal_pain,,,"indigestion,passage_of_gases,vomiting",,internal_itching,,,loss_of_appetite,,,,
AIDS,,patches_in_throat,high_fever,,,,,,,,muscle_wasting,,extra_marital_contacts
Diabetes ,,,,,polyuria,,,blurred_and_distorted_vision,"excessive_hunger,fatigue,increased_appetite,lethargy",restlessness,,"obesity,weight_loss",irregular_sugar_level
Gastroenteritis,,,,"diarrhoea,vomiting",,,,sunken_eyes,,,,,dehydration
Bronchial Asthma,,"breathlessness,cough,mucoid_sputum",high_fever,,,,,,fatigue,,,,family_history
Hypertension ,"chest_pain,headache",,,,,,"dizziness,loss_of_balance",,,lack_of_concentration,,,
Migraine,headache,,,"acidity,indigestion",,,,blurred_and_distorted_vision,excessive_hunger,"depression,irritability",stiff_neck,,visual_disturbances
Cervical spondylosis,"back_pain,neck_pain",,,,,,"dizziness,loss_of_balance,weakness_in_limbs",,,,,,
Paralysis (brain hemorrhage),headache,,,vomiting,,,"altered_sensorium,weakness_of_one_body_side",,,,,,
Jaundice,abdominal_pain,,high_fever,vomiting,dark_urine,"itching,yellowish_skin",,,fatigue,,,weight_loss,
Malaria,"headache,muscle_pain",,"chills,high_fever,sweating","diarrhoea,nausea,vomiting",,,,,,,,,
Chicken pox,headache,,"high_fever,mild_fever",,,"itching,skin_rash",,,"fatigue,lethargy,loss_of_appetite,malaise",,,,"red_spots_over_body,swelled_lymph_nodes"
Dengue,"back_pain,headache,joint_pain,muscle_pain,pain_behind_the_eyes",,"chills,high_fever","nausea,vomiting",,skin_rash,,,"fatigue,loss_of_appetite,malaise",,,,red_spots_over_body
Typhoid,"abdominal_pain,belly_pain,headache",,"chills,high_fever","constipation,diarrhoea,nausea,vomiting",,,,,fatigue,,,,toxic_look_(typhos)
hepatitis A,"abdominal_pain,joint_pain,muscle_pain",,mild_fever,"diarrhoea,nausea,vomiting",dark_urine,yellowish_skin,,yellowing_of_eyes,loss_of_appetite,,,,
Hepatitis B,abdominal_pain,,,,"dark_urine,yellow_urine","itching,yellowish_skin",,yellowing_of_eyes,"fatigue,lethargy,loss_of_appetite,malaise",,,,"receiving_blood_transfusion,receiving_unsterile_injections"
Hepatitis C,,,,nausea,,yellowish_skin,,yellowing_of_eyes,"fatigue,loss_of_appetite",,,,family_history
Hepatitis D,"abdominal_pain,joint_pain",,,"nausea,vomiting",dark_urine,yellowish_skin,,yellowing_of_eyes,"fatigue,loss_of_appetite",,,,
Hepatitis E,"abdominal_pain,joint_pain",,high_fever,"nausea,stomach_bleeding,vomiting",dark_urine,yellowish_skin,coma,yellowing_of_eyes,"fatigue,loss_of_appetite",,,,acute_liver_failure
Alcoholic hepatitis,abdominal_pain,,,"swelling_of_stomach,vomiting",,yellowish_skin,,,,,,,"distention_of_abdomen,fluid_overload,history_of_alcohol_consumption"
Tuberculosis,chest_pain,"blood_in_sputum,breathlessness,cough,phlegm","chills,high_fever,mild_fever,sweating",vomiting,,,,yellowing_of_eyes,"fatigue,loss_of_appetite,malaise",,,weight_loss,swelled_lymph_nodes
Common Cold,"chest_pain,headache,muscle_pain","congestion,continuous_sneezing,cough,phlegm,runny_nose,throat_irritation","chills,high_fever",,,redness_of_eyes,,,"fatigue,malaise",,,,"loss_of_smell,sinus_pressure,swelled_lymph_nodes"
Pneumonia,chest_pain,"breathlessness,cough,phlegm,rusty_sputum","chills,high_fever,sweating",,,,,,"fatigue,malaise",,,,fast_heart_rate
Dimorphic hemmorhoids(piles),"pain_during_bowel_movements,pain_in_anal_region",,,constipation,,,,,,,,,"bloody_stool,irritation_in_anus"
Heart attack,chest_pain,breathlessness,sweating,vomiting,,,,,,,,,
Varicose veins,cramps,,,,,,,,fatigue,,,obesity,"bruising,prominent_veins_on_calf,swollen_blood_vessels,swollen_legs"
Hypothyroidism,,,,,,,dizziness,puffy_face_and_eyes,"fatigue,lethargy","depression,irritability,mood_swings",,weight_gain,"abnormal_menstruation,brittle_nails,cold_hands_and_feets,enlarged_thyroid,swollen_extremeties"
Hyperthyroidism,,,sweating,diarrhoea,,,muscle_weakness,,"excessive_hunger,fatigue","irritability,mood_swings,restlessness",,weight_loss,"abnormal_menstruation,fast_heart_rate"
Hypoglycemia,headache,,sweating,"nausea,vomiting",,,slurred_speech,blurred_and_distorted_vision,"excessive_hunger,fatigue","anxiety,irritability",,,"drying_and_tingling_lips,palpitations"
Osteoarthristis,"hip_joint_pain,joint_pain,knee_pain,neck_pain,painful_walking",,,,,,,,,,swelling_joints,,
Arthritis,painful_walking,,,,,,muscle_weakness,,,,"movement_stiffness,stiff_neck,swelling_joints",,
(vertigo) Paroymsal  Positional Vertigo,headache,,,"nausea,vomiting",,,"loss_of_balance,unsteadiness",,,,spinning_movements,,
Acne,,,,,,"blackheads,pus_filled_pimples,skin_rash",,,,,,,scurring
Urinary tract infection,,,,,"bladder_discomfort,burning_micturition,continuous_feel_of_urine,foul_smell_of_urine",,,,,,,,
Psoriasis,joint_pain,,,,,"skin_peeling,skin_rash",,,,,,,"inflammatory_nails,silver_like_dusting,small_dents_in_nails"
Impetigo,red_sore_around_nose,,high_fever,,,"blister,skin_rash",,,,,,,yellow_crust_ooze
Fungal infection,,,,,,"dischromic__patches,itching,nodal_skin_eruptions,skin_rash",,,,,,,
Allergy,,continuous_sneezing,"chills,shivering",,,,,watering_from_eyes,,,,,
GERD,"chest_pain,stomach_pain",cough,,"acidity,vomiting",,,,,,,,,ulcers_on_tongue
Chronic cholestasis,abdominal_pain,,,"nausea,vomiting",,"itching,yellowish_skin",,yellowing_of_eyes,loss_of_appetite,,,,
Drug Reaction,stomach_pain,,,,"burning_micturition,spotting__urination","itching,skin_rash",,,,,,,
Peptic ulcer diseae,abdominal_pain,,,"indigestion,passage_of_gases,vomiting",,internal_itching,,,loss_of_appetite,,,,
AIDS,,patches_in_throat,high_fever,,,,,,,,muscle_wasting,,extra_marital_contacts
Diabetes ,,,,,polyuria,,,blurred_and_distorted_vision,"excessive_hunger,fatigue,increased_appetite,lethargy",restlessness,,"obesity,weight_loss",irregular_sugar_level
Gastroenteritis,,,,"diarrhoea,vomiting",,,,sunken_eyes,,,,,dehydration
Bronchial Asthma,,"breathlessness,cough,mucoid_sputum",high_fever,,,,,,fatigue,,,,family_history
Hypertension ,"chest_pain,headache",,,,,,"dizziness,loss_of_balance",,,lack_of_concentration,,,
Migraine,headache,,,"acidity,indigestion",,,,blurred_and_distorted_vision,excessive_hunger,"depression,irritability",stiff_neck,,visual_disturbances
Cervical spondylosis,"back_pain,neck_pain",,,,,,"dizziness,loss_of_balance,weakness_in_limbs",,,,,,
Paralysis (brain hemorrhage),headache,,,vomiting,,,"altered_sensorium,weakness_of_one_body_side",,,,,,
Jaundice,abdominal_pain,,high_fever,vomiting,dark_urine,"itching,yellowish_skin",,,fatigue,,,weight_loss,
Malaria,"headache,muscle_pain",,"chills,high_fever,sweating","diarrhoea,nausea,vomiting",,,,,,,,,
Chicken pox,headache,,"high_fever,mild_fever",,,"itching,skin_rash",,,"fatigue,lethargy,loss_of_appetite,malaise",,,,"red_spots_over_body,swelled_lymph_nodes"
Dengue,"back_pain,headache,joint_pain,muscle_pain,pain_behind_the_eyes",,"chills,high_fever","nausea,vomiting",,skin_rash,,,"fatigue,loss_of_appetite,malaise",,,,red_spots_over_body
Typhoid,"abdominal_pain,belly_pain,headache",,"chills,high_fever","constipation,diarrhoea,nausea,vomiting",,,,,fatigue,,,,toxic_look_(typhos)
hepatitis A,"abdominal_pain,joint_pain,muscle_pain",,mild_fever,"diarrhoea,nausea,vomiting",dark_urine,yellowish_skin,,yellowing_of_eyes,loss_of_appetite,,,,
Hepatitis B,abdominal_pain,,,,"dark_urine,yellow_urine","itching,yellowish_skin",,yellowing_of_eyes,"fatigue,lethargy,loss_of_appetite,malaise",,,,"receiving_blood_transfusion,receiving_unsterile_injections"
Hepatitis C,,,,nausea,,yellowish_skin,,yellowing_of_eyes,"fatigue,loss_of_appetite",,,,family_history
Hepatitis D,"abdominal_pain,joint_pain",,,"nausea,vomiting",dark_urine,yellowish_skin,,yellowing_of_eyes,"fatigue,loss_of_appetite",,,,
Hepatitis E,"abdominal_pain,joint_pain",,high_fever,"nausea,stomach_bleeding,vomiting",dark_urine,yellowish_skin,coma,yellowing_of_eyes,"fatigue,loss_of_appetite",,,,acute_liver_failure
Alcoholic hepatitis,abdominal_pain,,,"swelling_of_stomach,vomiting",,yellowish_skin,,,,,,,"distention_of_abdomen,fluid_overload,history_of_alcohol_consumption"
Tuberculosis,chest_pain,"blood_in_sputum,breathlessness,cough,phlegm","chills,high_fever,mild_fever,sweating",vomiting,,,,yellowing_of_eyes,"fatigue,loss_of_appetite,malaise",,,weight_loss,swelled_lymph_nodes
Common Cold,"chest_pain,headache,muscle_pain","congestion,continuous_sneezing,cough,phlegm,runny_nose,throat_irritation","chills,high_fever",,,redness_of_eyes,,,"fatigue,malaise",,,,"loss_of_smell,sinus_pressure,swelled_lymph_nodes"
Pneumonia,chest_pain,"breathlessness,cough,phlegm,rusty_sputum","chills,high_fever,sweating",,,,,,"fatigue,malaise",,,,fast_heart_rate
Dimorphic hemmorhoids(piles),"pain_during_bowel_movements,pain_in_anal_region",,,constipation,,,,,,,,,"bloody_stool,irritation_in_anus"
Heart attack,chest_pain,breathlessness,sweating,vomiting,,,,,,,,,
Varicose veins,cramps,,,,,,,,fatigue,,,obesity,"bruising,prominent_veins_on_calf,swollen_blood_vessels,swollen_legs"
Hypothyroidism,,,,,,,dizziness,puffy_face_and_eyes,"fatigue,lethargy","depression,irritability,mood_swings",,weight_gain,"abnormal_menstruation,brittle_nails,cold_hands_and_feets,enlarged_thyroid,swollen_extremeties"
Hyperthyroidism,,,sweating,diarrhoea,,,muscle_weakness,,"excessive_hunger,fatigue","irritability,mood_swings,restlessness",,weight_loss,"abnormal_menstruation,fast_heart_rate"
Hypoglycemia,headache,,sweating,"nausea,vomiting",,,slurred_speech,blurred_and_distorted_vision,"excessive_hunger,fatigue","anxiety,irritability",,,"drying_and_tingling_lips,palpitations"
Osteoarthristis,"hip_joint_pain,joint_pain,knee_pain,neck_pain,painful_walking",,,,,,,,,,swelling_joints,,
Arthritis,painful_walking,,,,,,muscle_weakness,,,,"movement_stiffness,stiff_neck,swelling_joints",,
(vertigo) Paroymsal  Positional Vertigo,headache,,,"nausea,vomiting",,,"loss_of_balance,unsteadiness",,,,spinning_movements,,
Acne,,,,,,"blackheads,pus_filled_pimples,skin_rash",,,,,,,scurring
Urinary tract infection,,,,,"bladder_discomfort,burning_micturition,continuous_feel_of_urine,foul_smell_of_urine",,,,,,,,
Psoriasis,joint_pain,,,,,"skin_peeling,skin_rash",,,,,,,"inflammatory_nails,silver_like_dusting,small_dents_in_nails"
Impetigo,red_sore_around_nose,,high_fever,,,"blister,skin_rash",,,,,,,yellow_crust_ooze
Fungal infection,,,,,,"dischromic__patches,itching,nodal_skin_eruptions,skin_rash",,,,,,,
Allergy,,continuous_sneezing,"chills,shivering",,,,,watering_from_eyes,,,,,
GERD,"chest_pain,stomach_pain",cough,,"acidity,vomiting",,,,,,,,,ulcers_on_tongue
Chronic cholestasis,abdominal_pain,,,"nausea,vomiting",,"itching,yellowish_skin",,yellowing_of_eyes,loss_of_appetite,,,,
Drug Reaction,stomach_pain,,,,"burning_micturition,spotting__urination","itching,skin_rash",,,,,,,
Peptic ulcer diseae,abdominal_pain,,,"indigestion,passage_of_gases,vomiting",,internal_itching,,,loss_of_appetite,,,,
AIDS,,patches_in_throat,high_fever,,,,,,,,muscle_wasting,,extra_marital_contacts
Diabetes ,,,,,polyuria,,,blurred_and_distorted_vision,"excessive_hunger,fatigue,increased_appetite,lethargy",restlessness,,"obesity,weight_loss",irregular_sugar_level
Gastroenteritis,,,,"diarrhoea,vomiting",,,,sunken_eyes,,,,,dehydration
Bronchial Asthma,,"breathlessness,cough,mucoid_sputum",high_fever,,,,,,fatigue,,,,family_history
Hypertension ,"chest_pain,headache",,,,,,"dizziness,loss_of_balance",,,lack_of_concentration,,,
Migraine,headache,,,"acidity,indigestion",,,,blurred_and_distorted_vision,excessive_hunger,"depression,irritability",stiff_neck,,visual_disturbances
Cervical spondylosis,"back_pain,neck_pain",,,,,,"dizziness,loss_of_balance,weakness_in_limbs",,,,,,
Paralysis (brain hemorrhage),headache,,,vomiting,,,"altered_sensorium,weakness_of_one_body_side",,,,,,
Jaundice,abdominal_pain,,high_fever,vomiting,dark_urine,"itching,yellowish_skin",,,fatigue,,,weight_loss,
Malaria,"headache,muscle_pain",,"chills,high_fever,sweating","diarrhoea,nausea,vomiting",,,,,,,,,
Chicken pox,headache,,"high_fever,mild_fever",,,"itching,skin_rash",,,"fatigue,lethargy,loss_of_appetite,malaise",,,,"red_spots_over_body,swelled_lymph_nodes"
Dengue,"back_pain,headache,joint_pain,muscle_pain,pain_behind_the_eyes",,"chills,high_fever","nausea,vomiting",,skin_rash,,,"fatigue,loss_of_appetite,malaise",,,,red_spots_over_body
Typhoid,"abdominal_pain,belly_pain,headache",,"chills,high_fever","constipation,diarrhoea,nausea,vomiting",,,,,fatigue,,,,toxic_look_(typhos)
hepatitis A,"abdominal_pain,joint_pain,muscle_pain",,mild_fever,"diarrhoea,nausea,vomiting",dark_urine,yellowish_skin,,yellowing_of_eyes,loss_of_appetite,,,,
Hepatitis B,abdominal_pain,,,,"dark_urine,yellow_urine","itching,yellowish_skin",,yellowing_of_eyes,"fatigue,lethargy,loss_of_appetite,malaise",,,,"receiving_blood_transfusion,receiving_unsterile_injections"
Hepatitis C,,,,nausea,,yellowish_skin,,yellowing_of_eyes,"fatigue,loss_of_appetite",,,,family_history
Hepatitis D,"abdominal_pain,joint_pain",,,"nausea,vomiting",dark_urine,yellowish_skin,,yellowing_of_eyes,"fatigue,loss_of_appetite",,,,
Hepatitis E,"abdominal_pain,joint_pain",,high_fever,"nausea,stomach_bleeding,vomiting",dark_urine,yellowish_skin,coma,yellowing_of_eyes,"fatigue,loss_of_appetite",,,,acute_liver_failure
Alcoholic hepatitis,abdominal_pain,,,"swelling_of_stomach,vomiting",,yellowish_skin,,,,,,,"distention_of_abdomen,fluid_overload,history_of_alcohol_consumption"
Tuberculosis,chest_pain,"blood_in_sputum,breathlessness,cough,phlegm","chills,high_fever,mild_fever,sweating",vomiting,,,,yellowing_of_eyes,"fatigue,loss_of_appetite,malaise",,,weight_loss,swelled_lymph_nodes
Common Cold,"chest_pain,headache,muscle_pain","congestion,continuous_sneezing,cough,phlegm,runny_nose,throat_irritation","chills,high_fever",,,redness_of_eyes,,,"fatigue,malaise",,,,"loss_of_smell,sinus_pressure,swelled_lymph_nodes"
Pneumonia,chest_pain,"breathlessness,cough,phlegm,rusty_sputum","chills,high_fever,sweating",,,,,,"fatigue,malaise",,,,fast_heart_rate
Dimorphic hemmorhoids(piles),"pain_during_bowel_movements,pain_in_anal_region",,,constipation,,,,,,,,,"bloody_stool,irritation_in_anus"
Heart attack,chest_pain,breathlessness,sweating,vomiting,,,,,,,,,
Varicose veins,cramps,,,,,,,,fatigue,,,obesity,"bruising,prominent_veins_on_calf,swollen_blood_vessels,swollen_legs"
Hypothyroidism,,,,,,,dizziness,puffy_face_and_eyes,"fatigue,lethargy","depression,irritability,mood_swings",,weight_gain,"abnormal_menstruation,brittle_nails,cold_hands_and_feets,enlarged_thyroid,swollen_extremeties"
Hyperthyroidism,,,sweating,diarrhoea,,,muscle_weakness,,"excessive_hunger,fatigue","irritability,mood_swings,restlessness",,weight_loss,"abnormal_menstruation,fast_heart_rate"
Hypoglycemia,headache,,sweating,"nausea,vomiting",,,slurred_speech,blurred_and_distorted_vision,"excessive_hunger,fatigue","anxiety,irritability",,,"drying_and_tingling_lips,palpitations"
Osteoarthristis,"hip_joint_pain,joint_pain,knee_pain,neck_pain,painful_walking",,,,,,,,,,swelling_joints,,
Arthritis,painful_walking,,,,,,muscle_weakness,,,,"movement_stiffness,stiff_neck,swelling_joints",,
(vertigo) Paroymsal  Positional Vertigo,headache,,,"nausea,vomiting",,,"loss_of_balance,unsteadiness",,,,spinning_movements,,
Acne,,,,,,"blackheads,pus_filled_pimples,skin_rash",,,,,,,scurring
Urinary tract infection,,,,,"bladder_discomfort,burning_micturition,continuous_feel_of_urine,foul_smell_of_urine",,,,,,,,
Psoriasis,joint_pain,,,,,"skin_peeling,skin_rash",,,,,,,"inflammatory_nails,silver_like_dusting,small_dents_in_nails"
Impetigo,red_sore_around_nose,,high_fever,,,"blister,skin_rash",,,,,,,yellow_crust_ooze
Fungal infection,,,,,,"dischromic__patches,itching,nodal_skin_eruptions,skin_rash",,,,,,,
Allergy,,continuous_sneezing,"chills,shivering",,,,,watering_from_eyes,,,,,
GERD,"chest_pain,stomach_pain",cough,,"acidity,vomiting",,,,,,,,,ulcers_on_tongue
Chronic cholestasis,abdominal_pain,,,"nausea,vomiting",,"itching,yellowish_skin",,yellowing_of_eyes,loss_of_appetite,,,,
Drug Reaction,stomach_pain,,,,"burning_micturition,spotting__urination","itching,skin_rash",,,,,,,
Peptic ulcer diseae,abdominal_pain,,,"indigestion,passage_of_gases,vomiting",,internal_itching,,,loss_of_appetite,,,,
AIDS,,patches_in_throat,high_fever,,,,,,,,muscle_wasting,,extra_marital_contacts
Diabetes ,,,,,polyuria,,,blurred_and_distorted_vision,"excessive_hunger,fatigue,increased_appetite,lethargy",restlessness,,"obesity,weight_loss",irregular_sugar_level
Gastroenteritis,,,,"diarrhoea,vomiting",,,,sunken_eyes,,,,,dehydration
Bronchial Asthma,,"breathlessness,cough,mucoid_sputum",high_fever,,,,,,fatigue,,,,family_history
Hypertension ,"chest_pain,headache",,,,,,"dizziness,loss_of_balance",,,lack_of_concentration,,,
Migraine,headache,,,"acidity,indigestion",,,,blurred_and_distorted_vision,excessive_hunger,"depression,irritability",stiff_neck,,visual_disturbances
Cervical spondylosis,"back_pain,neck_pain",,,,,,"dizziness,loss_of_balance,weakness_in_limbs",,,,,,
Paralysis (brain hemorrhage),headache,,,vomiting,,,"altered_sensorium,weakness_of_one_body_side",,,,,,
Jaundice,abdominal_pain,,high_fever,vomiting,dark_urine,"itching,yellowish_skin",,,fatigue,,,weight_loss,
Malaria,"headache,muscle_pain",,"chills,high_fever,sweating","diarrhoea,nausea,vomiting",,,,,,,,,
Chicken pox,headache,,"high_fever,mild_fever",,,"itching,skin_rash",,,"fatigue,lethargy,loss_of_appetite,malaise",,,,"red_spots_over_body,swelled_lymph_nodes"
Dengue,"back_pain,headache,joint_pain,muscle_pain,pain_behind_the_eyes",,"chills,high_fever","nausea,vomiting",,skin_rash,,,"fatigue,loss_of_appetite,malaise",,,,red_spots_over_body
Typhoid,"abdominal_pain,belly_pain,headache",,"chills,high_fever","constipation,diarrhoea,nausea,vomiting",,,,,fatigue,,,,toxic_look_(typhos)
hepatitis A,"abdominal_pain,joint_pain,muscle_pain",,mild_fever,"diarrhoea,nausea,vomiting",dark_urine,yellowish_skin,,yellowing_of_eyes,loss_of_appetite,,,,
Hepatitis B,abdominal_pain,,,,"dark_urine,yellow_urine","itching,yellowish_skin",,yellowing_of_eyes,"fatigue,lethargy,loss_of_appetite,malaise",,,,"receiving_blood_transfusion,receiving_unsterile_injections"
Hepatitis C,,,,nausea,,yellowish_skin,,yellowing_of_eyes,"fatigue,loss_of_appetite",,,,family_history
Hepatitis D,"abdominal_pain,joint_pain",,,"nausea,vomiting",dark_urine,yellowish_skin,,yellowing_of_eyes,"fatigue,loss_of_appetite",,,,
Hepatitis E,"abdominal_pain,joint_pain",,high_fever,"nausea,stomach_bleeding,vomiting",dark_urine,yellowish_skin,coma,yellowing_of_eyes,"fatigue,loss_of_appetite",,,,acute_liver_failure
Alcoholic hepatitis,abdominal_pain,,,"swelling_of_stomach,vomiting",,yellowish_skin,,,,,,,"distention_of_abdomen,fluid_overload,history_of_alcohol_consumption"
Tuberculosis,chest_pain,"blood_in_sputum,breathlessness,cough,phlegm","chills,high_fever,mild_fever,sweating",vomiting,,,,yellowing_of_eyes,"fatigue,loss_of_appetite,malaise",,,weight_loss,swelled_lymph_nodes
Common Cold,"chest_pain,headache,muscle_pain","congestion,continuous_sneezing,cough,phlegm,runny_nose,throat_irritation","chills,high_fever",,,redness_of_eyes,,,"fatigue,malaise",,,,"loss_of_smell,sinus_pressure,swelled_lymph_nodes"
Pneumonia,chest_pain,"breathlessness,cough,phlegm,rusty_sputum","chills,high_fever,sweating",,,,,,"fatigue,malaise",,,,fast_heart_rate
Dimorphic hemmorhoids(piles),"pain_during_bowel_movements,pain_in_anal_region",,,constipation,,,,,,,,,"bloody_stool,irritation_in_anus"
Heart attack,chest_pain,breathlessness,sweating,vomiting,,,,,,,,,
Varicose veins,cramps,,,,,,,,fatigue,,,obesity,"bruising,prominent_veins_on_calf,swollen_blood_vessels,swollen_legs"
Hypothyroidism,,,,,,,dizziness,puffy_face_and_eyes,"fatigue,lethargy","depression,irritability,mood_swings",,weight_gain,"abnormal_menstruation,brittle_nails,cold_hands_and_feets,enlarged_thyroid,swollen_extremeties"
Hyperthyroidism,,,sweating,diarrhoea,,,muscle_weakness,,"excessive_hunger,fatigue","irritability,mood_swings,restlessness",,weight_loss,"abnormal_menstruation,fast_heart_rate"
Hypoglycemia,headache,,sweating,"nausea,vomiting",,,slurred_speech,blurred_and_distorted_vision,"excessive_hunger,fatigue","anxiety,irritability",,,"drying_and_tingling_lips,palpitations"
Osteoarthristis,"hip_joint_pain,joint_pain,knee_pain,neck_pain,painful_walking",,,,,,,,,,swelling_joints,,
Arthritis,painful_walking,,,,,,muscle_weakness,,,,"movement_stiffness,stiff_neck,swelling_joints",,
(vertigo) Paroymsal  Positional Vertigo,headache,,,"nausea,vomiting",,,"loss_of_balance,unsteadiness",,,,spinning_movements,,
Acne,,,,,,"blackheads,pus_filled_pimples,skin_rash",,,,,,,scurring
Urinary tract infection,,,,,"bladder_discomfort,burning_micturition,continuous_feel_of_urine,foul_smell_of_urine",,,,,,,,
Psoriasis,joint_pain,,,,,"skin_peeling,skin_rash",,,,,,,"inflammatory_nails,silver_like_dusting,small_dents_in_nails"
Impetigo,red_sore_around_nose,,high_fever,,,"blister,skin_rash",,,,,,,yellow_crust_ooze
Fungal infection,,,,,,"dischromic__patches,itching,nodal_skin_eruptions,skin_rash",,,,,,,
Allergy,,continuous_sneezing,"chills,shivering",,,,,watering_from_eyes,,,,,
GERD,"chest_pain,stomach_pain",cough,,"acidity,vomiting",,,,,,,,,ulcers_on_tongue
Chronic cholestasis,abdominal_pain,,,"nausea,vomiting",,"itching,yellowish_skin",,yellowing_of_eyes,loss_of_appetite,,,,
Drug Reaction,stomach_pain,,,,"burning_micturition,spotting__urination","itching,skin_rash",,,,,,,
Peptic ulcer diseae,abdominal_pain,,,"indigestion,passage_of_gases,vomiting",,internal_itching,,,loss_of_appetite,,,,
AIDS,,patches_in_throat,high_fever,,,,,,,,muscle_wasting,,extra_marital_contacts
Diabetes ,,,,,polyuria,,,blurred_and_distorted_vision,"excessive_hunger,fatigue,increased_appetite,lethargy",restlessness,,"obesity,weight_loss",irregular_sugar_level
Gastroenteritis,,,,"diarrhoea,vomiting",,,,sunken_eyes,,,,,dehydration
Bronchial Asthma,,"breathlessness,cough,mucoid_sputum",high_fever,,,,,,fatigue,,,,family_history
Hypertension ,"chest_pain,headache",,,,,,"dizziness,loss_of_balance",,,lack_of_concentration,,,
Migraine,headache,,,"acidity,indigestion",,,,blurred_and_distorted_vision,excessive_hunger,"depression,irritability",stiff_neck,,visual_disturbances
Cervical spondylosis,"back_pain,neck_pain",,,,,,"dizziness,loss_of_balance,weakness_in_limbs",,,,,,
Paralysis (brain hemorrhage),headache,,,vomiting,,,"altered_sensorium,weakness_of_one_body_side",,,,,,
Jaundice,abdominal_pain,,high_fever,vomiting,dark_urine,"itching,yellowish_skin",,,fatigue,,,weight_loss,
Malaria,"headache,muscle_pain",,"chills,high_fever,sweating","diarrhoea,nausea,vomiting",,,,,,,,,
Chicken pox,headache,,"high_fever,mild_fever",,,"itching,skin_rash",,,"fatigue,lethargy,loss_of_appetite,malaise",,,,"red_spots_over_body,swelled_lymph_nodes"
Dengue,"back_pain,headache,joint_pain,muscle_pain,pain_behind_the_eyes",,"chills,high_fever","nausea,vomiting",,skin_rash,,,"fatigue,loss_of_appetite,malaise",,,,red_spots_over_body
Typhoid,"abdominal_pain,belly_pain,headache",,"chills,high_fever","constipation,diarrhoea,nausea,vomiting",,,,,fatigue,,,,toxic_look_(typhos)
hepatitis A,"abdominal_pain,joint_pain,muscle_pain",,mild_fever,"diarrhoea,nausea,vomiting",dark_urine,yellowish_skin,,yellowing_of_eyes,loss_of_appetite,,,,
Hepatitis B,abdominal_pain,,,,"dark_urine,yellow_urine","itching,yellowish_skin",,yellowing_of_eyes,"fatigue,lethargy,loss_of_appetite,malaise",,,,"receiving_blood_transfusion,receiving_unsterile_injections"
Hepatitis C,,,,nausea,,yellowish_skin,,yellowing_of_eyes,"fatigue,loss_of_appetite",,,,family_history
Hepatitis D,"abdominal_pain,joint_pain",,,"nausea,vomiting",dark_urine,yellowish_skin,,yellowing_of_eyes,"fatigue,loss_of_appetite",,,,
Hepatitis E,"abdominal_pain,joint_pain",,high_fever,"nausea,stomach_bleeding,vomiting",dark_urine,yellowish_skin,coma,yellowing_of_eyes,"fatigue,loss_of_appetite",,,,acute_liver_failure
Alcoholic hepatitis,abdominal_pain,,,"swelling_of_stomach,vomiting",,yellowish_skin,,,,,,,"distention_of_abdomen,fluid_overload,history_of_alcohol_consumption"
Tuberculosis,chest_pain,"blood_in_sputum,breathlessness,cough,phlegm","chills,high_fever,mild_fever,sweating",vomiting,,,,yellowing_of_eyes,"fatigue,loss_of_appetite,malaise",,,weight_loss,swelled_lymph_nodes
Common Cold,"chest_pain,headache,muscle_pain","congestion,continuous_sneezing,cough,phlegm,runny_nose,throat_irritation","chills,high_fever",,,redness_of_eyes,,,"fatigue,malaise",,,,"loss_of_smell,sinus_pressure,swelled_lymph_nodes"
Pneumonia,chest_pain,"breathlessness,cough,phlegm,rusty_sputum","chills,high_fever,sweating",,,,,,"fatigue,malaise",,,,fast_heart_rate
Dimorphic hemmorhoids(piles),"pain_during_bowel_movements,pain_in_anal_region",,,constipation,,,,,,,,,"bloody_stool,irritation_in_anus"
Heart attack,chest_pain,breathlessness,sweating,vomiting,,,,,,,,,
Varicose veins,cramps,,,,,,,,fatigue,,,obesity,"bruising,prominent_veins_on_calf,swollen_blood_vessels,swollen_legs"
Hypothyroidism,,,,,,,dizziness,puffy_face_and_eyes,"fatigue,lethargy","depression,irritability,mood_swings",,weight_gain,"abnormal_menstruation,brittle_nails,cold_hands_and_feets,enlarged_thyroid,swollen_extremeties"
Hyperthyroidism,,,sweating,diarrhoea,,,muscle_weakness,,"excessive_hunger,fatigue","irritability,mood_swings,restlessness",,weight_loss,"abnormal_menstruation,fast_heart_rate"
Hypoglycemia,headache,,sweating,"nausea,vomiting",,,slurred_speech,blurred_and_distorted_vision,"excessive_hunger,fatigue","anxiety,irritability",,,"drying_and_tingling_lips,palpitations"
Osteoarthristis,"hip_joint_pain,joint_pain,knee_pain,neck_pain,painful_walking",,,,,,,,,,swelling_joints,,
Arthritis,painful_walking,,,,,,muscle_weakness,,,,"movement_stiffness,stiff_neck,swelling_joints",,
(vertigo) Paroymsal  Positional Vertigo,headache,,,"nausea,vomiting",,,"loss_of_balance,unsteadiness",,,,spinning_movements,,
Acne,,,,,,"blackheads,pus_filled_pimples,skin_rash",,,,,,,scurring
Urinary tract infection,,,,,"bladder_discomfort,burning_micturition,continuous_feel_of_urine,foul_smell_of_urine",,,,,,,,
Psoriasis,joint_pain,,,,,"skin_peeling,skin_rash",,,,,,,"inflammatory_nails,silver_like_dusting,small_dents_in_nails"
Impetigo,red_sore_around_nose,,high_fever,,,"blister,skin_rash",,,,,,,yellow_crust_ooze
Fungal infection,,,,,,"dischromic__patches,itching,nodal_skin_eruptions,skin_rash",,,,,,,
Allergy,,continuous_sneezing,"chills,shivering",,,,,watering_from_eyes,,,,,
GERD,"chest_pain,stomach_pain",cough,,"acidity,vomiting",,,,,,,,,ulcers_on_tongue
Chronic cholestasis,abdominal_pain,,,"nausea,vomiting",,"itching,yellowish_skin",,yellowing_of_eyes,loss_of_appetite,,,,
Drug Reaction,stomach_pain,,,,"burning_micturition,spotting__urination","itching,skin_rash",,,,,,,
Peptic ulcer diseae,abdominal_pain,,,"indigestion,passage_of_gases,vomiting",,internal_itching,,,loss_of_appetite,,,,
AIDS,,patches_in_throat,high_fever,,,,,,,,muscle_wasting,,extra_marital_contacts
Diabetes ,,,,,polyuria,,,blurred_and_distorted_vision,"excessive_hunger,fatigue,increased_appetite,lethargy",restlessness,,"obesity,weight_loss",irregular_sugar_level
Gastroenteritis,,,,"diarrhoea,vomiting",,,,sunken_eyes,,,,,dehydration
Bronchial Asthma,,"breathlessness,cough,mucoid_sputum",high_fever,,,,,,fatigue,,,,family_history
Hypertension ,"chest_pain,headache",,,,,,"dizziness,loss_of_balance",,,lack_of_concentration,,,
Migraine,headache,,,"acidity,indigestion",,,,blurred_and_distorted_vision,excessive_hunger,"depression,irritability",stiff_neck,,visual_disturbances
Cervical spondylosis,"back_pain,neck_pain",,,,,,"dizziness,loss_of_balance,weakness_in_limbs",,,,,,
Paralysis (brain hemorrhage),headache,,,vomiting,,,"altered_sensorium,weakness_of_one_body_side",,,,,,
Jaundice,abdominal_pain,,high_fever,vomiting,dark_urine,"itching,yellowish_skin",,,fatigue,,,weight_loss,
Malaria,"headache,muscle_pain",,"chills,high_fever,sweating","diarrhoea,nausea,vomiting",,,,,,,,,
Chicken pox,headache,,"high_fever,mild_fever",,,"itching,skin_rash",,,"fatigue,lethargy,loss_of_appetite,malaise",,,,"red_spots_over_body,swelled_lymph_nodes"
Dengue,"back_pain,headache,joint_pain,muscle_pain,pain_behind_the_eyes",,"chills,high_fever","nausea,vomiting",,skin_rash,,,"fatigue,loss_of_appetite,malaise",,,,red_spots_over_body
Typhoid,"abdominal_pain,belly_pain,headache",,"chills,high_fever","constipation,diarrhoea,nausea,vomiting",,,,,fatigue,,,,toxic_look_(typhos)
hepatitis A,"abdominal_pain,joint_pain,muscle_pain",,mild_fever,"diarrhoea,nausea,vomiting",dark_urine,yellowish_skin,,yellowing_of_eyes,loss_of_appetite,,,,
Hepatitis B,abdominal_pain,,,,"dark_urine,yellow_urine","itching,yellowish_skin",,yellowing_of_eyes,"fatigue,lethargy,loss_of_appetite,malaise",,,,"receiving_blood_transfusion,receiving_unsterile_injections"
Hepatitis C,,,,nausea,,yellowish_skin,,yellowing_of_eyes,"fatigue,loss_of_appetite",,,,family_history
Hepatitis D,"abdominal_pain,joint_pain",,,"nausea,vomiting",dark_urine,yellowish_skin,,yellowing_of_eyes,"fatigue,loss_of_appetite",,,,
Hepatitis E,"abdominal_pain,joint_pain",,high_fever,"nausea,stomach_bleeding,vomiting",dark_urine,yellowish_skin,coma,yellowing_of_eyes,"fatigue,loss_of_appetite",,,,acute_liver_failure
Alcoholic hepatitis,abdominal_pain,,,"swelling_of_stomach,vomiting",,yellowish_skin,,,,,,,"distention_of_abdomen,fluid_overload,history_of_alcohol_consumption"
Tuberculosis,chest_pain,"blood_in_sputum,breathlessness,cough,phlegm","chills,high_fever,mild_fever,sweating",vomiting,,,,yellowing_of_eyes,"fatigue,loss_of_appetite,malaise",,,weight_loss,swelled_lymph_nodes
Common Cold,"chest_pain,headache,muscle_pain","congestion,continuous_sneezing,cough,phlegm,runny_nose,throat_irritation","chills,high_fever",,,redness_of_eyes,,,"fatigue,malaise",,,,"loss_of_smell,sinus_pressure,swelled_lymph_nodes"
Pneumonia,chest_pain,"breathlessness,cough,phlegm,rusty_sputum","chills,high_fever,sweating",,,,,,"fatigue,malaise",,,,fast_heart_rate
Dimorphic hemmorhoids(piles),"pain_during_bowel_movements,pain_in_anal_region",,,constipation,,,,,,,,,"bloody_stool,irritation_in_anus"
Heart attack,chest_pain,breathlessness,sweating,vomiting,,,,,,,,,
Varicose veins,cramps,,,,,,,,fatigue,,,obesity,"bruising,prominent_veins_on_calf,swollen_blood_vessels,swollen_legs"
Hypothyroidism,,,,,,,dizziness,puffy_face_and_eyes,"fatigue,lethargy","depression,irritability,mood_swings",,weight_gain,"abnormal_menstruation,brittle_nails,cold_hands_and_feets,enlarged_thyroid,swollen_extremeties"
Hyperthyroidism,,,sweating,diarrhoea,,,muscle_weakness,,"excessive_hunger,fatigue","irritability,mood_swings,restlessness",,weight_loss,"abnormal_menstruation,fast_heart_rate"
Hypoglycemia,headache,,sweating,"nausea,vomiting",,,slurred_speech,blurred_and_distorted_vision,"excessive_hunger,fatigue","anxiety,irritability",,,"drying_and_tingling_lips,palpitations"
Osteoarthristis,"hip_joint_pain,joint_pain,knee_pain,neck_pain,painful_walking",,,,,,,,,,swelling_joints,,
Arthritis,painful_walking,,,,,,muscle_weakness,,,,"movement_stiffness,stiff_neck,swelling_joints",,
(vertigo) Paroymsal  Positional Vertigo,headache,,,"nausea,vomiting",,,"loss_of_balance,unsteadiness",,,,spinning_movements,,
Acne,,,,,,"blackheads,pus_filled_pimples,skin_rash",,,,,,,scurring
Urinary tract infection,,,,,"bladder_discomfort,burning_micturition,continuous_feel_of_urine,foul_smell_of_urine",,,,,,,,
Psoriasis,joint_pain,,,,,"skin_peeling,skin_rash",,,,,,,"inflammatory_nails,silver_like_dusting,small_dents_in_nails"
Impetigo,red_sore_around_nose,,high_fever,,,"blister,skin_rash",,,,,,,yellow_crust_ooze
Fungal infection,,,,,,"dischromic__patches,itching,nodal_skin_eruptions,skin_rash",,,,,,,
Allergy,,continuous_sneezing,"chills,shivering",,,,,watering_from_eyes,,,,,
GERD,"chest_pain,stomach_pain",cough,,"acidity,vomiting",,,,,,,,,ulcers_on_tongue
Chronic cholestasis,abdominal_pain,,,"nausea,vomiting",,"itching,yellowish_skin",,yellowing_of_eyes,loss_of_appetite,,,,
Drug Reaction,stomach_pain,,,,"burning_micturition,spotting__urination","itching,skin_rash",,,,,,,
Peptic ulcer diseae,abdominal_pain,,,"indigestion,passage_of_gases,vomiting",,internal_itching,,,loss_of_appetite,,,,
AIDS,,patches_in_throat,high_fever,,,,,,,,muscle_wasting,,extra_marital_contacts
Diabetes ,,,,,polyuria,,,blurred_and_distorted_vision,"excessive_hunger,fatigue,increased_appetite,lethargy",restlessness,,"obesity,weight_loss",irregular_sugar_level
Gastroenteritis,,,,"diarrhoea,vomiting",,,,sunken_eyes,,,,,dehydration
Bronchial Asthma,,"breathlessness,cough,mucoid_sputum",high_fever,,,,,,fatigue,,,,family_history
Hypertension ,"chest_pain,headache",,,,,,"dizziness,loss_of_balance",,,lack_of_concentration,,,
Migraine,headache,,,"acidity,indigestion",,,,blurred_and_distorted_vision,excessive_hunger,"depression,irritability",stiff_neck,,visual_disturbances
Cervical spondylosis,"back_pain,neck_pain",,,,,,"dizziness,loss_of_balance,weakness_in_limbs",,,,,,
Paralysis (brain hemorrhage),headache,,,vomiting,,,"altered_sensorium,weakness_of_one_body_side",,,,,,
Jaundice,abdominal_pain,,high_fever,vomiting,dark_urine,"itching,yellowish_skin",,,fatigue,,,weight_loss,
Malaria,"headache,muscle_pain",,"chills,high_fever,sweating","diarrhoea,nausea,vomiting",,,,,,,,,
Chicken pox,headache,,"high_fever,mild_fever",,,"itching,skin_rash",,,"fatigue,lethargy,loss_of_appetite,malaise",,,,"red_spots_over_body,swelled_lymph_nodes"
Dengue,"back_pain,headache,joint_pain,muscle_pain,pain_behind_the_eyes",,"chills,high_fever","nausea,vomiting",,skin_rash,,,"fatigue,loss_of_appetite,malaise",,,,red_spots_over_body
Typhoid,"abdominal_pain,belly_pain,headache",,"chills,high_fever","constipation,diarrhoea,nausea,vomiting",,,,,fatigue,,,,toxic_look_(typhos)
hepatitis A,"abdominal_pain,joint_pain,muscle_pain",,mild_fever,"diarrhoea,nausea,vomiting",dark_urine,yellowish_skin,,yellowing_of_eyes,loss_of_appetite,,,,
Hepatitis B,abdominal_pain,,,,"dark_urine,yellow_urine","itching,yellowish_skin",,yellowing_of_eyes,"fatigue,lethargy,loss_of_appetite,malaise",,,,"receiving_blood_transfusion,receiving_unsterile_injections"
Hepatitis C,,,,nausea,,yellowish_skin,,yellowing_of_eyes,"fatigue,loss_of_appetite",,,,family_history
Hepatitis D,"abdominal_pain,joint_pain",,,"nausea,vomiting",dark_urine,yellowish_skin,,yellowing_of_eyes,"fatigue,loss_of_appetite",,,,
Hepatitis E,"abdominal_pain,joint_pain",,high_fever,"nausea,stomach_bleeding,vomiting",dark_urine,yellowish_skin,coma,yellowing_of_eyes,"fatigue,loss_of_appetite",,,,acute_liver_failure
Alcoholic hepatitis,abdominal_pain,,,"swelling_of_stomach,vomiting",,yellowish_skin,,,,,,,"distention_of_abdomen,fluid_overload,history_of_alcohol_consumption"
Tuberculosis,chest_pain,"blood_in_sputum,breathlessness,cough,phlegm","chills,high_fever,mild_fever,sweating",vomiting,,,,yellowing_of_eyes,"fatigue,loss_of_appetite,malaise",,,weight_loss,swelled_lymph_nodes
Common Cold,"chest_pain,headache,muscle_pain","congestion,continuous_sneezing,cough,phlegm,runny_nose,throat_irritation","chills,high_fever",,,redness_of_eyes,,,"fatigue,malaise",,,,"loss_of_smell,sinus_pressure,swelled_lymph_nodes"
Pneumonia,chest_pain,"breathlessness,cough,phlegm,rusty_sputum","chills,high_fever,sweating",,,,,,"fatigue,malaise",,,,fast_heart_rate
Dimorphic hemmorhoids(piles),"pain_during_bowel_movements,pain_in_anal_region",,,constipation,,,,,,,,,"bloody_stool,irritation_in_anus"
Heart attack,chest_pain,breathlessness,sweating,vomiting,,,,,,,,,
Varicose veins,cramps,,,,,,,,fatigue,,,obesity,"bruising,prominent_veins_on_calf,swollen_blood_vessels,swollen_legs"
Hypothyroidism,,,,,,,dizziness,puffy_face_and_eyes,"fatigue,lethargy","depression,irritability,mood_swings",,weight_gain,"abnormal_menstruation,brittle_nails,cold_hands_and_feets,enlarged_thyroid,swollen_extremeties"
Hyperthyroidism,,,sweating,diarrhoea,,,muscle_weakness,,"excessive_hunger,fatigue","irritability,mood_swings,restlessness",,weight_loss,"abnormal_menstruation,fast_heart_rate"
Hypoglycemia,headache,,sweating,"nausea,vomiting",,,slurred_speech,blurred_and_distorted_vision,"excessive_hunger,fatigue","anxiety,irritability",,,"drying_and_tingling_lips,palpitations"
Osteoarthristis,"hip_joint_pain,joint_pain,knee_pain,neck_pain,painful_walking",,,,,,,,,,swelling_joints,,
Arthritis,painful_walking,,,,,,muscle_weakness,,,,"movement_stiffness,stiff_neck,swelling_joints",,
(vertigo) Paroymsal  Positional Vertigo,headache,,,"nausea,vomiting",,,"loss_of_balance,unsteadiness",,,,spinning_movements,,
Acne,,,,,,"blackheads,pus_filled_pimples,skin_rash",,,,,,,scurring
Urinary tract infection,,,,,"bladder_discomfort,burning_micturition,continuous_feel_of_urine,foul_smell_of_urine",,,,,,,,
Psoriasis,joint_pain,,,,,"skin_peeling,skin_rash",,,,,,,"inflammatory_nails,silver_like_dusting,small_dents_in_nails"
Impetigo,red_sore_around_nose,,high_fever,,,"blister,skin_rash",,,,,,,yellow_crust_ooze
Fungal infection,,,,,,"dischromic__patches,itching,nodal_skin_eruptions,skin_rash",,,,,,,
Allergy,,continuous_sneezing,"chills,shivering",,,,,watering_from_eyes,,,,,
GERD,"chest_pain,stomach_pain",cough,,"acidity,vomiting",,,,,,,,,ulcers_on_tongue
Chronic cholestasis,abdominal_pain,,,"nausea,vomiting",,"itching,yellowish_skin",,yellowing_of_eyes,loss_of_appetite,,,,
Drug Reaction,stomach_pain,,,,"burning_micturition,spotting__urination","itching,skin_rash",,,,,,,
Peptic ulcer diseae,abdominal_pain,,,"indigestion,passage_of_gases,vomiting",,internal_itching,,,loss_of_appetite,,,,
AIDS,,patches_in_throat,high_fever,,,,,,,,muscle_wasting,,extra_marital_contacts
Diabetes ,,,,,polyuria,,,blurred_and_distorted_vision,"excessive_hunger,fatigue,increased_appetite,lethargy",restlessness,,"obesity,weight_loss",irregular_sugar_level
Gastroenteritis,,,,"diarrhoea,vomiting",,,,sunken_eyes,,,,,dehydration
Bronchial Asthma,,"breathlessness,cough,mucoid_sputum",high_fever,,,,,,fatigue,,,,family_history
Hypertension ,"chest_pain,headache",,,,,,"dizziness,loss_of_balance",,,lack_of_concentration,,,
Migraine,headache,,,"acidity,indigestion",,,,blurred_and_distorted_vision,excessive_hunger,"depression,irritability",stiff_neck,,visual_disturbances
Cervical spondylosis,"back_pain,neck_pain",,,,,,"dizziness,loss_of_balance,weakness_in_limbs",,,,,,
Paralysis (brain hemorrhage),headache,,,vomiting,,,"altered_sensorium,weakness_of_one_body_side",,,,,,
Jaundice,abdominal_pain,,high_fever,vomiting,dark_urine,"itching,yellowish_skin",,,fatigue,,,weight_loss,
Malaria,"headache,muscle_pain",,"chills,high_fever,sweating","diarrhoea,nausea,vomiting",,,,,,,,,
Chicken pox,headache,,"high_fever,mild_fever",,,"itching,skin_rash",,,"fatigue,lethargy,loss_of_appetite,malaise",,,,"red_spots_over_body,swelled_lymph_nodes"
Dengue,"back_pain,headache,joint_pain,muscle_pain,pain_behind_the_eyes",,"chills,high_fever","nausea,vomiting",,skin_rash,,,"fatigue,loss_of_appetite,malaise",,,,red_spots_over_body
Typhoid,"abdominal_pain,belly_pain,headache",,"chills,high_fever","constipation,diarrhoea,nausea,vomiting",,,,,fatigue,,,,toxic_look_(typhos)
hepatitis A,"abdominal_pain,joint_pain,muscle_pain",,mild_fever,"diarrhoea,nausea,vomiting",dark_urine,yellowish_skin,,yellowing_of_eyes,loss_of_appetite,,,,
Hepatitis B,abdominal_pain,,,,"dark_urine,yellow_urine","itching,yellowish_skin",,yellowing_of_eyes,"fatigue,lethargy,loss_of_appetite,malaise",,,,"receiving_blood_transfusion,receiving_unsterile_injections"
Hepatitis C,,,,nausea,,yellowish_skin,,yellowing_of_eyes,"fatigue,loss_of_appetite",,,,family_history
Hepatitis D,"abdominal_pain,joint_pain",,,"nausea,vomiting",dark_urine,yellowish_skin,,yellowing_of_eyes,"fatigue,loss_of_appetite",,,,
Hepatitis E,"abdominal_pain,joint_pain",,high_fever,"nausea,stomach_bleeding,vomiting",dark_urine,yellowish_skin,coma,yellowing_of_eyes,"fatigue,loss_of_appetite",,,,acute_liver_failure
Alcoholic hepatitis,abdominal_pain,,,"swelling_of_stomach,vomiting",,yellowish_skin,,,,,,,"distention_of_abdomen,fluid_overload,history_of_alcohol_consumption"
Tuberculosis,chest_pain,"blood_in_sputum,breathlessness,cough,phlegm","chills,high_fever,mild_fever,sweating",vomiting,,,,yellowing_of_eyes,"fatigue,loss_of_appetite,malaise",,,weight_loss,swelled_lymph_nodes
Common Cold,"chest_pain,headache,muscle_pain","congestion,continuous_sneezing,cough,phlegm,runny_nose,throat_irritation","chills,high_fever",,,redness_of_eyes,,,"fatigue,malaise",,,,"loss_of_smell,sinus_pressure,swelled_lymph_nodes"
Pneumonia,chest_pain,"breathlessness,cough,phlegm,rusty_sputum","chills,high_fever,sweating",,,,,,"fatigue,malaise",,,,fast_heart_rate
Dimorphic hemmorhoids(piles),"pain_during_bowel_movements,pain_in_anal_region",,,constipation,,,,,,,,,"bloody_stool,irritation_in_anus"
Heart attack,chest_pain,breathlessness,sweating,vomiting,,,,,,,,,
Varicose veins,cramps,,,,,,,,fatigue,,,obesity,"bruising,prominent_veins_on_calf,swollen_blood_vessels,swollen_legs"
Hypothyroidism,,,,,,,dizziness,puffy_face_and_eyes,"fatigue,lethargy","depression,irritability,mood_swings",,weight_gain,"abnormal_menstruation,brittle_nails,cold_hands_and_feets,enlarged_thyroid,swollen_extremeties"
Hyperthyroidism,,,sweating,diarrhoea,,,muscle_weakness,,"excessive_hunger,fatigue","irritability,mood_swings,restlessness",,weight_loss,"abnormal_menstruation,fast_heart_rate"
Hypoglycemia,headache,,sweating,"nausea,vomiting",,,slurred_speech,blurred_and_distorted_vision,"excessive_hunger,fatigue","anxiety,irritability",,,"drying_and_tingling_lips,palpitations"
Osteoarthristis,"hip_joint_pain,joint_pain,knee_pain,neck_pain,painful_walking",,,,,,,,,,swelling_joints,,
Arthritis,painful_walking,,,,,,muscle_weakness,,,,"movement_stiffness,stiff_neck,swelling_joints",,
(vertigo) Paroymsal  Positional Vertigo,headache,,,"nausea,vomiting",,,"loss_of_balance,unsteadiness",,,,spinning_movements,,
Acne,,,,,,"blackheads,pus_filled_pimples,skin_rash",,,,,,,scurring
Urinary tract infection,,,,,"bladder_discomfort,burning_micturition,continuous_feel_of_urine,foul_smell_of_urine",,,,,,,,
Psoriasis,joint_pain,,,,,"skin_peeling,skin_rash",,,,,,,"inflammatory_nails,silver_like_dusting,small_dents_in_nails"
Impetigo,red_sore_around_nose,,high_fever,,,"blister,skin_rash",,,,,,,yellow_crust_ooze
